[
 {
  "url": "https://www.mallesons.com/au/en/about-us.html",
  "status": 200,
  "from": "sitemap-au (manual capture)"
 },
 {
  "url": "https://www.mallesons.com/au/en/about-us/alumni.html",
  "status": 200,
  "from": "sitemap-au (manual capture)"
 },
 {
  "url": "https://www.mallesons.com/au/en/about-us/alumni/alumni-stories.html",
  "status": 200,
  "from": "sitemap-au (manual capture)"
 },
 {
  "url": "https://www.mallesons.com/au/en/about-us/alumni/mallesons-connexion.html",
  "status": 200,
  "from": "sitemap-au (manual capture)"
 },
 {
  "url": "https://www.mallesons.com/au/en/about-us/media-center.html",
  "status": 200,
  "from": "sitemap-au (manual capture)"
 },
 {
  "url": "https://www.mallesons.com/au/en/about-us/media-center/2018-chambers-asia-pacific-rankings-kwm-remains-a-leader-in-the-australian-legal-market.html",
  "status": 200,
  "from": "sitemap-au (manual capture)"
 },
 {
  "url": "https://www.mallesons.com/au/en/about-us/media-center/KWM-advises-AEMO-Services-Limited-on-the-first-Australian-Government-Capacity-Investment-Scheme-tender.html",
  "status": 200,
  "from": "sitemap-au (manual capture)"
 },
 {
  "url": "https://www.mallesons.com/au/en/about-us/media-center/KWM-advises-Icon-on-joint-venture-in-Malaysia.html",
  "status": 200,
  "from": "sitemap-au (manual capture)"
 },
 {
  "url": "https://www.mallesons.com/au/en/about-us/media-center/KWM-advises-Recurrent-Energy-on-the-project-financing-of-the-Carwarp-Solar-and-Storage-Project.html",
  "status": 200,
  "from": "sitemap-au (manual capture)"
 },
 {
  "url": "https://www.mallesons.com/au/en/about-us/media-center/KWM-advises-Suzhou-Basecare-Medical-Corporation-Limited.html",
  "status": 200,
  "from": "sitemap-au (manual capture)"
 },
 {
  "url": "https://www.mallesons.com/au/en/about-us/media-center/KWM-advises-transgrid-on-federal-underwrite.html",
  "status": 200,
  "from": "sitemap-au (manual capture)"
 },
 {
  "url": "https://www.mallesons.com/au/en/about-us/media-center/Parramatta-Light-Rail-commences-passenger-services.html",
  "status": 200,
  "from": "sitemap-au (manual capture)"
 },
 {
  "url": "https://www.mallesons.com/au/en/about-us/media-center/a-golden-step-kwm-assists-navarre-minerals-in-progressing-from-gold-explorer-to-gold-producer.html",
  "status": 200,
  "from": "sitemap-au (manual capture)"
 },
 {
  "url": "https://www.mallesons.com/au/en/about-us/media-center/a-new-era-for-mallesons.html",
  "status": 200,
  "from": "sitemap-au (manual capture)"
 },
 {
  "url": "https://www.mallesons.com/au/en/about-us/media-center/alex-baykitch-member-order-australia.html",
  "status": 200,
  "from": "sitemap-au (manual capture)"
 },
 {
  "url": "https://www.mallesons.com/au/en/about-us/media-center/apa-orbost-gas-plant-upgrade-victoria.html",
  "status": 200,
  "from": "sitemap-au (manual capture)"
 },
 {
  "url": "https://www.mallesons.com/au/en/about-us/media-center/aplma-syndicated-loan-market-award.html",
  "status": 200,
  "from": "sitemap-au (manual capture)"
 },
 {
  "url": "https://www.mallesons.com/au/en/about-us/media-center/ascott-becomes-largest-serviced-residence-provider-australasia.html",
  "status": 200,
  "from": "sitemap-au (manual capture)"
 },
 {
  "url": "https://www.mallesons.com/au/en/about-us/media-center/asia-focus-strength-in-private-capital-markets-and-maturing-transition-economy-drive-strategic-partner-hires-for-king-and-wood-mallesons.html",
  "status": 200,
  "from": "sitemap-au (manual capture)"
 },
 {
  "url": "https://www.mallesons.com/au/en/about-us/media-center/australia-partner-promotions-2018.html",
  "status": 200,
  "from": "sitemap-au (manual capture)"
 },
 {
  "url": "https://www.mallesons.com/au/en/about-us/media-center/australian-government-appoints-kwm-partner-scott-farrell-to-lead-cdr-future-directons-inquiry.html",
  "status": 200,
  "from": "sitemap-au (manual capture)"
 },
 {
  "url": "https://www.mallesons.com/au/en/about-us/media-center/australias-largest-single-stage-solar-venture-palisade-esco-pacific-ross-river.html",
  "status": 200,
  "from": "sitemap-au (manual capture)"
 },
 {
  "url": "https://www.mallesons.com/au/en/about-us/media-center/berkeley-cox-wgea-ceo-pay-equity-ambassador.html",
  "status": 200,
  "from": "sitemap-au (manual capture)"
 },
 {
  "url": "https://www.mallesons.com/au/en/about-us/media-center/best-lawyers-names-kwm.html",
  "status": 200,
  "from": "sitemap-au (manual capture)"
 },
 {
  "url": "https://www.mallesons.com/au/en/about-us/media-center/best-lawyersl-names-kwm-law-firm-of-the-year-across-two-practice-areas.html",
  "status": 200,
  "from": "sitemap-au (manual capture)"
 },
 {
  "url": "https://www.mallesons.com/au/en/about-us/media-center/bindaree-beef-group-sells-majority-interest.html",
  "status": 200,
  "from": "sitemap-au (manual capture)"
 },
 {
  "url": "https://www.mallesons.com/au/en/about-us/media-center/bingo-industries-ipo-asx-listing-waste-management-recycling.html",
  "status": 200,
  "from": "sitemap-au (manual capture)"
 },
 {
  "url": "https://www.mallesons.com/au/en/about-us/media-center/cbre-and-kwm-partnership-brings-courtyard-by-marriott.html",
  "status": 200,
  "from": "sitemap-au (manual capture)"
 },
 {
  "url": "https://www.mallesons.com/au/en/about-us/media-center/cbre-kwm-partnership-brings-ihgs-fast-growing-holiday-inn.html",
  "status": 200,
  "from": "sitemap-au (manual capture)"
 },
 {
  "url": "https://www.mallesons.com/au/en/about-us/media-center/chambers-apac-rankings-names-kwm-leader-2018.html",
  "status": 200,
  "from": "sitemap-au (manual capture)"
 },
 {
  "url": "https://www.mallesons.com/au/en/about-us/media-center/clients-strategic-goals-forefront-as-kwm-assists-nab-with-growth-focussed-neobank-acquisition.html",
  "status": 200,
  "from": "sitemap-au (manual capture)"
 },
 {
  "url": "https://www.mallesons.com/au/en/about-us/media-center/commonwealth-bank-of-australia-lures-general-counsel-carmel-mulhern-away-from-telstra.html",
  "status": 200,
  "from": "sitemap-au (manual capture)"
 },
 {
  "url": "https://www.mallesons.com/au/en/about-us/media-center/competition-and-regulatory-expert-joins-kwm-partnership.html",
  "status": 200,
  "from": "sitemap-au (manual capture)"
 },
 {
  "url": "https://www.mallesons.com/au/en/about-us/media-center/covid-19-berekeley-cox-humanisation-of-the-workplace.html",
  "status": 200,
  "from": "sitemap-au (manual capture)"
 },
 {
  "url": "https://www.mallesons.com/au/en/about-us/media-center/cross-practice-kmw-team-advises-amaysim.html",
  "status": 200,
  "from": "sitemap-au (manual capture)"
 },
 {
  "url": "https://www.mallesons.com/au/en/about-us/media-center/david-olsson-appointed-as-national-president-of-acbc.html",
  "status": 200,
  "from": "sitemap-au (manual capture)"
 },
 {
  "url": "https://www.mallesons.com/au/en/about-us/media-center/dealtrends-private-mergers-acquisitions-deals-trends-risk.html",
  "status": 200,
  "from": "sitemap-au (manual capture)"
 },
 {
  "url": "https://www.mallesons.com/au/en/about-us/media-center/fintech-grow-continues-expansion-with-help-from-kwm-fintech-specialists.html",
  "status": 200,
  "from": "sitemap-au (manual capture)"
 },
 {
  "url": "https://www.mallesons.com/au/en/about-us/media-center/first-industry-forum-major-foreign-policy-initiative.html",
  "status": 200,
  "from": "sitemap-au (manual capture)"
 },
 {
  "url": "https://www.mallesons.com/au/en/about-us/media-center/four-kwm-clerks-awarded-ncp-scholarships.html",
  "status": 200,
  "from": "sitemap-au (manual capture)"
 },
 {
  "url": "https://www.mallesons.com/au/en/about-us/media-center/hony-capital-acquisition-shares-oil-gas-santos.html",
  "status": 200,
  "from": "sitemap-au (manual capture)"
 },
 {
  "url": "https://www.mallesons.com/au/en/about-us/media-center/iflr-names-kwm-most-innovative-firm.html",
  "status": 200,
  "from": "sitemap-au (manual capture)"
 },
 {
  "url": "https://www.mallesons.com/au/en/about-us/media-center/iflr1000-ranks-kwm-leading-firm-across-12-practice-groups.html",
  "status": 200,
  "from": "sitemap-au (manual capture)"
 },
 {
  "url": "https://www.mallesons.com/au/en/about-us/media-center/in-memory-of-dominic-robert-bortoluzzi.html",
  "status": 200,
  "from": "sitemap-au (manual capture)"
 },
 {
  "url": "https://www.mallesons.com/au/en/about-us/media-center/interview-with-jim-mullan-second-bite.html",
  "status": 200,
  "from": "sitemap-au (manual capture)"
 },
 {
  "url": "https://www.mallesons.com/au/en/about-us/media-center/investec-trusts-kwm-160m-property-acquisition.html",
  "status": 200,
  "from": "sitemap-au (manual capture)"
 },
 {
  "url": "https://www.mallesons.com/au/en/about-us/media-center/ip-expert-joins-kwm-partnership.html",
  "status": 200,
  "from": "sitemap-au (manual capture)"
 },
 {
  "url": "https://www.mallesons.com/au/en/about-us/media-center/iress-successful-onevue-acquisition-demonstrates-m-as-digital-focus-and-workflow.html",
  "status": 200,
  "from": "sitemap-au (manual capture)"
 },
 {
  "url": "https://www.mallesons.com/au/en/about-us/media-center/jock-murray-recognised-queens-birthday-honour-list.html",
  "status": 200,
  "from": "sitemap-au (manual capture)"
 },
 {
  "url": "https://www.mallesons.com/au/en/about-us/media-center/kem-ecm-team-looks-forward-to-2023-after-advising-clients-on-deals-totalling-20-5bn-in-2022.html",
  "status": 200,
  "from": "sitemap-au (manual capture)"
 },
 {
  "url": "https://www.mallesons.com/au/en/about-us/media-center/king-and-wood-mallesons-acts-on-harmoney-corp-limiteds-92-5-million-ipo.html",
  "status": 200,
  "from": "sitemap-au (manual capture)"
 },
 {
  "url": "https://www.mallesons.com/au/en/about-us/media-center/king-and-wood-mallesons-advises-on-landmark-new-sydney-fish-market-development.html",
  "status": 200,
  "from": "sitemap-au (manual capture)"
 },
 {
  "url": "https://www.mallesons.com/au/en/about-us/media-center/king-and-wood-mallesons-advises-style-capital-on-its-investment-in-australian.html",
  "status": 200,
  "from": "sitemap-au (manual capture)"
 },
 {
  "url": "https://www.mallesons.com/au/en/about-us/media-center/king-and-wood-mallesons-assists-cornish-lithiums-technology-acquisition.html",
  "status": 200,
  "from": "sitemap-au (manual capture)"
 },
 {
  "url": "https://www.mallesons.com/au/en/about-us/media-center/king-and-wood-mallesons-assists-westconnexs-4-2bn-refinancing.html",
  "status": 200,
  "from": "sitemap-au (manual capture)"
 },
 {
  "url": "https://www.mallesons.com/au/en/about-us/media-center/king-and-wood-mallesons-australia-partners-with-harvey-ai.html",
  "status": 200,
  "from": "sitemap-au (manual capture)"
 },
 {
  "url": "https://www.mallesons.com/au/en/about-us/media-center/king-and-wood-mallesons-china-and-australia-partnerships-announce-formal-separation.html",
  "status": 200,
  "from": "sitemap-au (manual capture)"
 },
 {
  "url": "https://www.mallesons.com/au/en/about-us/media-center/king-and-wood-mallesons-continues-capital-raising-success-with-nabs-2bn-capital-notes-5-offer.html",
  "status": 200,
  "from": "sitemap-au (manual capture)"
 },
 {
  "url": "https://www.mallesons.com/au/en/about-us/media-center/king-and-wood-mallesons-named-m-and-a-legal-advisor-of-the-year-at-mergermarket-awards.html",
  "status": 200,
  "from": "sitemap-au (manual capture)"
 },
 {
  "url": "https://www.mallesons.com/au/en/about-us/media-center/king-and-wood-mallesons-strengthens-fintech-reputation-with-payright-ipo.html",
  "status": 200,
  "from": "sitemap-au (manual capture)"
 },
 {
  "url": "https://www.mallesons.com/au/en/about-us/media-center/king-and-wood-mallesons-welcomes-energy-expert.html",
  "status": 200,
  "from": "sitemap-au (manual capture)"
 },
 {
  "url": "https://www.mallesons.com/au/en/about-us/media-center/king-and-wood-mallesons-wins-austcham-singapore-business-excellence-award.html",
  "status": 200,
  "from": "sitemap-au (manual capture)"
 },
 {
  "url": "https://www.mallesons.com/au/en/about-us/media-center/king-wood-mallesons-advises-first-greenfield-bond-financing-ppp-deal-since-gfc.html",
  "status": 200,
  "from": "sitemap-au (manual capture)"
 },
 {
  "url": "https://www.mallesons.com/au/en/about-us/media-center/king-wood-mallesons-promotes-76-special-counsel-senior-associates.html",
  "status": 200,
  "from": "sitemap-au (manual capture)"
 },
 {
  "url": "https://www.mallesons.com/au/en/about-us/media-center/king-wood-mallesons-recognised-at-the-asia-legal-awards-2022.html",
  "status": 200,
  "from": "sitemap-au (manual capture)"
 },
 {
  "url": "https://www.mallesons.com/au/en/about-us/media-center/kkr-partner-dixon-hospitality.html",
  "status": 200,
  "from": "sitemap-au (manual capture)"
 },
 {
  "url": "https://www.mallesons.com/au/en/about-us/media-center/kwm-achieves-carbon-neutral-certification-on-journey-to-net-zero.html",
  "status": 200,
  "from": "sitemap-au (manual capture)"
 },
 {
  "url": "https://www.mallesons.com/au/en/about-us/media-center/kwm-achieves-unmatched-industry-recognition-in-chambers-asia-pacific-2024-rankings.html",
  "status": 200,
  "from": "sitemap-au (manual capture)"
 },
 {
  "url": "https://www.mallesons.com/au/en/about-us/media-center/kwm-acted-for-scottish-pacific-group-in-its-acquisition-of-fintech-lender-business-fuel.html",
  "status": 200,
  "from": "sitemap-au (manual capture)"
 },
 {
  "url": "https://www.mallesons.com/au/en/about-us/media-center/kwm-acts-for-affinity-funds-on-sale-of-velocity-frequent-flyer-stake.html",
  "status": 200,
  "from": "sitemap-au (manual capture)"
 },
 {
  "url": "https://www.mallesons.com/au/en/about-us/media-center/kwm-acts-for-ampol-on-500-million-hybrid-raising.html",
  "status": 200,
  "from": "sitemap-au (manual capture)"
 },
 {
  "url": "https://www.mallesons.com/au/en/about-us/media-center/kwm-acts-for-arranger-on-significant-private-equity-tlb-financings.html",
  "status": 200,
  "from": "sitemap-au (manual capture)"
 },
 {
  "url": "https://www.mallesons.com/au/en/about-us/media-center/kwm-acts-for-campbell-soup-on-the-sale-of-iconic-snack-brand.html",
  "status": 200,
  "from": "sitemap-au (manual capture)"
 },
 {
  "url": "https://www.mallesons.com/au/en/about-us/media-center/kwm-acts-for-hcf-on-its-announced-merger-with-rt-health.html",
  "status": 200,
  "from": "sitemap-au (manual capture)"
 },
 {
  "url": "https://www.mallesons.com/au/en/about-us/media-center/kwm-acts-for-iress-on-onevue-acquisition-and-capital-raising.html",
  "status": 200,
  "from": "sitemap-au (manual capture)"
 },
 {
  "url": "https://www.mallesons.com/au/en/about-us/media-center/kwm-acts-for-ixl-learning-on-acquisition-of-3p-learning.html",
  "status": 200,
  "from": "sitemap-au (manual capture)"
 },
 {
  "url": "https://www.mallesons.com/au/en/about-us/media-center/kwm-acts-for-newmont-to-sell-50-per-cent-share-in-was-super-pit.html",
  "status": 200,
  "from": "sitemap-au (manual capture)"
 },
 {
  "url": "https://www.mallesons.com/au/en/about-us/media-center/kwm-acts-for-successful-consortium-in-partial-commercialisation-of-wa-land-registry.html",
  "status": 200,
  "from": "sitemap-au (manual capture)"
 },
 {
  "url": "https://www.mallesons.com/au/en/about-us/media-center/kwm-acts-green-building-council-australias-new-lease-arrangements.html",
  "status": 200,
  "from": "sitemap-au (manual capture)"
 },
 {
  "url": "https://www.mallesons.com/au/en/about-us/media-center/kwm-acts-on-adore-beauty-groups-270-million-ipo.html",
  "status": 200,
  "from": "sitemap-au (manual capture)"
 },
 {
  "url": "https://www.mallesons.com/au/en/about-us/media-center/kwm-acts-on-bubs-australias-63-million-equity-raising.html",
  "status": 200,
  "from": "sitemap-au (manual capture)"
 },
 {
  "url": "https://www.mallesons.com/au/en/about-us/media-center/kwm-acts-on-dalrymple-bay-infrastructure-656-million-ipo.html",
  "status": 200,
  "from": "sitemap-au (manual capture)"
 },
 {
  "url": "https://www.mallesons.com/au/en/about-us/media-center/kwm-acts-on-first-public-consumer-finance-backed-securities-issuance-in-hong-kong-sar.html",
  "status": 200,
  "from": "sitemap-au (manual capture)"
 },
 {
  "url": "https://www.mallesons.com/au/en/about-us/media-center/kwm-acts-on-jervois-globals-231-million-equity-raising.html",
  "status": 200,
  "from": "sitemap-au (manual capture)"
 },
 {
  "url": "https://www.mallesons.com/au/en/about-us/media-center/kwm-acts-on-nufarm-limiteds-303-million-entitlement-offer.html",
  "status": 200,
  "from": "sitemap-au (manual capture)"
 },
 {
  "url": "https://www.mallesons.com/au/en/about-us/media-center/kwm-acts-on-sale-of-hobart-airport-for-macquaries-global-infrastructure-fund-iii.html",
  "status": 200,
  "from": "sitemap-au (manual capture)"
 },
 {
  "url": "https://www.mallesons.com/au/en/about-us/media-center/kwm-acts-on-suncorps-debut-wholesale-subordinated-notes-issue.html",
  "status": 200,
  "from": "sitemap-au (manual capture)"
 },
 {
  "url": "https://www.mallesons.com/au/en/about-us/media-center/kwm-acts-on-sydney-airport-2-billion-entitlement-offer.html",
  "status": 200,
  "from": "sitemap-au (manual capture)"
 },
 {
  "url": "https://www.mallesons.com/au/en/about-us/media-center/kwm-acts-on-worleyparsons-entitlement-offer.html",
  "status": 200,
  "from": "sitemap-au (manual capture)"
 },
 {
  "url": "https://www.mallesons.com/au/en/about-us/media-center/kwm-acts-peets-second-simple-corporate-bond-offering.html",
  "status": 200,
  "from": "sitemap-au (manual capture)"
 },
 {
  "url": "https://www.mallesons.com/au/en/about-us/media-center/kwm-acts-westfield-corporations-takeover.html",
  "status": 200,
  "from": "sitemap-au (manual capture)"
 },
 {
  "url": "https://www.mallesons.com/au/en/about-us/media-center/kwm-acts-woodside-petroleum-limiteds-entitlement-offer.html",
  "status": 200,
  "from": "sitemap-au (manual capture)"
 },
 {
  "url": "https://www.mallesons.com/au/en/about-us/media-center/kwm-advise-champ-on-creation-of-gourmet-food-group.html",
  "status": 200,
  "from": "sitemap-au (manual capture)"
 },
 {
  "url": "https://www.mallesons.com/au/en/about-us/media-center/kwm-advise-navis-capital-retail-apparel-group-sale.html",
  "status": 200,
  "from": "sitemap-au (manual capture)"
 },
 {
  "url": "https://www.mallesons.com/au/en/about-us/media-center/kwm-advise-vendors-on-sale-of-evolution-healthcare-group-to-pep.html",
  "status": 200,
  "from": "sitemap-au (manual capture)"
 },
 {
  "url": "https://www.mallesons.com/au/en/about-us/media-center/kwm-advises-abacus-property-group-on-400-million-capital-raising.html",
  "status": 200,
  "from": "sitemap-au (manual capture)"
 },
 {
  "url": "https://www.mallesons.com/au/en/about-us/media-center/kwm-advises-abacus-property-group-on-its-200-million-institutional-placement.html",
  "status": 200,
  "from": "sitemap-au (manual capture)"
 },
 {
  "url": "https://www.mallesons.com/au/en/about-us/media-center/kwm-advises-acquisition-australias-largest-wind-farm.html",
  "status": 200,
  "from": "sitemap-au (manual capture)"
 },
 {
  "url": "https://www.mallesons.com/au/en/about-us/media-center/kwm-advises-adamantem-capital-on-its-acquisition-of-nexon-asia-pacific.html",
  "status": 200,
  "from": "sitemap-au (manual capture)"
 },
 {
  "url": "https://www.mallesons.com/au/en/about-us/media-center/kwm-advises-aemo-services-on-tender-3-long-term-energy-service-agreements-for-generation-and-long-duration-storage-projects.html",
  "status": 200,
  "from": "sitemap-au (manual capture)"
 },
 {
  "url": "https://www.mallesons.com/au/en/about-us/media-center/kwm-advises-agl-on-its-acquisition-of-the-glenbawn-and-glennies-creek-pumped-hydro-development-projects.html",
  "status": 200,
  "from": "sitemap-au (manual capture)"
 },
 {
  "url": "https://www.mallesons.com/au/en/about-us/media-center/kwm-advises-airtrunk-on-groundbreaking-a-16bn-financing-package.html",
  "status": 200,
  "from": "sitemap-au (manual capture)"
 },
 {
  "url": "https://www.mallesons.com/au/en/about-us/media-center/kwm-advises-amp-on-sale-of-3-3-billion-life-insurance-division.html",
  "status": 200,
  "from": "sitemap-au (manual capture)"
 },
 {
  "url": "https://www.mallesons.com/au/en/about-us/media-center/kwm-advises-anz-on-its-equity-raising-to-help-fund-its-acquisition-of-suncorp-bank.html",
  "status": 200,
  "from": "sitemap-au (manual capture)"
 },
 {
  "url": "https://www.mallesons.com/au/en/about-us/media-center/kwm-advises-apa-group-badgingarra-wind-farm.html",
  "status": 200,
  "from": "sitemap-au (manual capture)"
 },
 {
  "url": "https://www.mallesons.com/au/en/about-us/media-center/kwm-advises-apa-launch-500-million-entitlement-offer.html",
  "status": 200,
  "from": "sitemap-au (manual capture)"
 },
 {
  "url": "https://www.mallesons.com/au/en/about-us/media-center/kwm-advises-asaleo-in-acquisition-via-scheme-of-arrangement.html",
  "status": 200,
  "from": "sitemap-au (manual capture)"
 },
 {
  "url": "https://www.mallesons.com/au/en/about-us/media-center/kwm-advises-atkinsrealis-on-its-acquisition-of-adg-engineers.html",
  "status": 200,
  "from": "sitemap-au (manual capture)"
 },
 {
  "url": "https://www.mallesons.com/au/en/about-us/media-center/kwm-advises-atlas-arteria-on-3-billion-equity-raising.html",
  "status": 200,
  "from": "sitemap-au (manual capture)"
 },
 {
  "url": "https://www.mallesons.com/au/en/about-us/media-center/kwm-advises-auckland-airport-on-institutional-placement-and-spp.html",
  "status": 200,
  "from": "sitemap-au (manual capture)"
 },
 {
  "url": "https://www.mallesons.com/au/en/about-us/media-center/kwm-advises-aula-energy-on-financial-close-of-carmodys-hill-wind-farm.html",
  "status": 200,
  "from": "sitemap-au (manual capture)"
 },
 {
  "url": "https://www.mallesons.com/au/en/about-us/media-center/kwm-advises-australia-post-on-its-first-blockchain-enabled-digital-stamp-collectible.html",
  "status": 200,
  "from": "sitemap-au (manual capture)"
 },
 {
  "url": "https://www.mallesons.com/au/en/about-us/media-center/kwm-advises-auswide-bank-moneyplace-investment.html",
  "status": 200,
  "from": "sitemap-au (manual capture)"
 },
 {
  "url": "https://www.mallesons.com/au/en/about-us/media-center/kwm-advises-auswide-bank-on-its-merger-with-mystate.html",
  "status": 200,
  "from": "sitemap-au (manual capture)"
 },
 {
  "url": "https://www.mallesons.com/au/en/about-us/media-center/kwm-advises-axiata-digital-advertising-merger-with-awake-asia.html",
  "status": 200,
  "from": "sitemap-au (manual capture)"
 },
 {
  "url": "https://www.mallesons.com/au/en/about-us/media-center/kwm-advises-axiata-digital-services-60-million-alliance-softbank.html",
  "status": 200,
  "from": "sitemap-au (manual capture)"
 },
 {
  "url": "https://www.mallesons.com/au/en/about-us/media-center/kwm-advises-bellevue-on-its-156-million-placement-and-strategic-review.html",
  "status": 200,
  "from": "sitemap-au (manual capture)"
 },
 {
  "url": "https://www.mallesons.com/au/en/about-us/media-center/kwm-advises-bhp-on-first-of-its-kind-renewable-ppa.html",
  "status": 200,
  "from": "sitemap-au (manual capture)"
 },
 {
  "url": "https://www.mallesons.com/au/en/about-us/media-center/kwm-advises-bis-restructure.html",
  "status": 200,
  "from": "sitemap-au (manual capture)"
 },
 {
  "url": "https://www.mallesons.com/au/en/about-us/media-center/kwm-advises-bluescope-on-ppa-to-directly-underwrite-renewable-generation.html",
  "status": 200,
  "from": "sitemap-au (manual capture)"
 },
 {
  "url": "https://www.mallesons.com/au/en/about-us/media-center/kwm-advises-boq-capital-notes-offer.html",
  "status": 200,
  "from": "sitemap-au (manual capture)"
 },
 {
  "url": "https://www.mallesons.com/au/en/about-us/media-center/kwm-advises-boq-on-capital-raising.html",
  "status": 200,
  "from": "sitemap-au (manual capture)"
 },
 {
  "url": "https://www.mallesons.com/au/en/about-us/media-center/kwm-advises-boq-on-its-250-million-capital-notes-2-offer.html",
  "status": 200,
  "from": "sitemap-au (manual capture)"
 },
 {
  "url": "https://www.mallesons.com/au/en/about-us/media-center/kwm-advises-brickworks-on-merger-with-soul-patts.html",
  "status": 200,
  "from": "sitemap-au (manual capture)"
 },
 {
  "url": "https://www.mallesons.com/au/en/about-us/media-center/kwm-advises-brisbane-airport-on-its-500m-secured-bond-issuance.html",
  "status": 200,
  "from": "sitemap-au (manual capture)"
 },
 {
  "url": "https://www.mallesons.com/au/en/about-us/media-center/kwm-advises-brookfield-on-acquisition-of-second-largest-private-hospital-operator.html",
  "status": 200,
  "from": "sitemap-au (manual capture)"
 },
 {
  "url": "https://www.mallesons.com/au/en/about-us/media-center/kwm-advises-brookfield-on-us215-billion-sale-agreement.html",
  "status": 200,
  "from": "sitemap-au (manual capture)"
 },
 {
  "url": "https://www.mallesons.com/au/en/about-us/media-center/kwm-advises-carma-on-100-million-asx-listing.html",
  "status": 200,
  "from": "sitemap-au (manual capture)"
 },
 {
  "url": "https://www.mallesons.com/au/en/about-us/media-center/kwm-advises-cbh-group-on-a215-million-interflour-group-divestment.html",
  "status": 200,
  "from": "sitemap-au (manual capture)"
 },
 {
  "url": "https://www.mallesons.com/au/en/about-us/media-center/kwm-advises-cefc-on-innovative-waste-management-facility.html",
  "status": 200,
  "from": "sitemap-au (manual capture)"
 },
 {
  "url": "https://www.mallesons.com/au/en/about-us/media-center/kwm-advises-challenger-to-execute-ongoing-funding-capital-management-strategy.html",
  "status": 200,
  "from": "sitemap-au (manual capture)"
 },
 {
  "url": "https://www.mallesons.com/au/en/about-us/media-center/kwm-advises-champ-sale-golding-group.html",
  "status": 200,
  "from": "sitemap-au (manual capture)"
 },
 {
  "url": "https://www.mallesons.com/au/en/about-us/media-center/kwm-advises-charter-hall-parramatta-acquisition.html",
  "status": 200,
  "from": "sitemap-au (manual capture)"
 },
 {
  "url": "https://www.mallesons.com/au/en/about-us/media-center/kwm-advises-clean-energy-finance-corporation-on-groundbreaking-investment-in-marinus-link-project.html",
  "status": 200,
  "from": "sitemap-au (manual capture)"
 },
 {
  "url": "https://www.mallesons.com/au/en/about-us/media-center/kwm-advises-clearview-on-subordinated-notes-offering.html",
  "status": 200,
  "from": "sitemap-au (manual capture)"
 },
 {
  "url": "https://www.mallesons.com/au/en/about-us/media-center/kwm-advises-commonwealth-government-snowy-hydro.html",
  "status": 200,
  "from": "sitemap-au (manual capture)"
 },
 {
  "url": "https://www.mallesons.com/au/en/about-us/media-center/kwm-advises-consortium-new-grafton-correctional-centre.html",
  "status": 200,
  "from": "sitemap-au (manual capture)"
 },
 {
  "url": "https://www.mallesons.com/au/en/about-us/media-center/kwm-advises-consortium-on-the-acquisition-of-ravenswood-gold-mine.html",
  "status": 200,
  "from": "sitemap-au (manual capture)"
 },
 {
  "url": "https://www.mallesons.com/au/en/about-us/media-center/kwm-advises-corsair-infrastructure-partners-on-stake-in-dp-world-australia.html",
  "status": 200,
  "from": "sitemap-au (manual capture)"
 },
 {
  "url": "https://www.mallesons.com/au/en/about-us/media-center/kwm-advises-cpe-capital-on-sale-of-gourmet-food-holdings-to-mondelez-international.html",
  "status": 200,
  "from": "sitemap-au (manual capture)"
 },
 {
  "url": "https://www.mallesons.com/au/en/about-us/media-center/kwm-advises-dbs-australian-capital-notes-offer.html",
  "status": 200,
  "from": "sitemap-au (manual capture)"
 },
 {
  "url": "https://www.mallesons.com/au/en/about-us/media-center/kwm-advises-dexus-500-million-institutional-placement.html",
  "status": 200,
  "from": "sitemap-au (manual capture)"
 },
 {
  "url": "https://www.mallesons.com/au/en/about-us/media-center/kwm-advises-dexus-on-900-million-institutional-placement-and-50-million-security-purchase-plan.html",
  "status": 200,
  "from": "sitemap-au (manual capture)"
 },
 {
  "url": "https://www.mallesons.com/au/en/about-us/media-center/kwm-advises-dyno-nobel-on-key-strategic-deals.html",
  "status": 200,
  "from": "sitemap-au (manual capture)"
 },
 {
  "url": "https://www.mallesons.com/au/en/about-us/media-center/kwm-advises-emr-capital-29metals-on-ipo.html",
  "status": 200,
  "from": "sitemap-au (manual capture)"
 },
 {
  "url": "https://www.mallesons.com/au/en/about-us/media-center/kwm-advises-exto-b3v-capitals-new-blockchain-investment-fund.html",
  "status": 200,
  "from": "sitemap-au (manual capture)"
 },
 {
  "url": "https://www.mallesons.com/au/en/about-us/media-center/kwm-advises-financiers-on-the-2-stage-calala-battery-energy-storage-system.html",
  "status": 200,
  "from": "sitemap-au (manual capture)"
 },
 {
  "url": "https://www.mallesons.com/au/en/about-us/media-center/kwm-advises-financiers-on-the-project-financing-of-energy-australias-wooreen-energy-storage-system.html",
  "status": 200,
  "from": "sitemap-au (manual capture)"
 },
 {
  "url": "https://www.mallesons.com/au/en/about-us/media-center/kwm-advises-financiers-on-the-project-financing-of-wambo-wind-farm-stage-1-and-stage-2.html",
  "status": 200,
  "from": "sitemap-au (manual capture)"
 },
 {
  "url": "https://www.mallesons.com/au/en/about-us/media-center/kwm-advises-financiers-to-ratch-australia-on-latest-renewables-portfolio-financing.html",
  "status": 200,
  "from": "sitemap-au (manual capture)"
 },
 {
  "url": "https://www.mallesons.com/au/en/about-us/media-center/kwm-advises-financiers-to-zenith-energy-on-440-million-debt-facilities.html",
  "status": 200,
  "from": "sitemap-au (manual capture)"
 },
 {
  "url": "https://www.mallesons.com/au/en/about-us/media-center/kwm-advises-financing-of-australias-largest-recent-forestry-acquisition-for-axa-investment-managers.html",
  "status": 200,
  "from": "sitemap-au (manual capture)"
 },
 {
  "url": "https://www.mallesons.com/au/en/about-us/media-center/kwm-advises-five-good-friends-on-a-strategic-investment-by-tpg.html",
  "status": 200,
  "from": "sitemap-au (manual capture)"
 },
 {
  "url": "https://www.mallesons.com/au/en/about-us/media-center/kwm-advises-flight-centre-on-issue-of-450-million-convertible-notes-and-concurrent-repurchase-of-existing-convertible-notes.html",
  "status": 200,
  "from": "sitemap-au (manual capture)"
 },
 {
  "url": "https://www.mallesons.com/au/en/about-us/media-center/kwm-advises-fti-consulting-on-vital-energy-infrastructure-asset.html",
  "status": 200,
  "from": "sitemap-au (manual capture)"
 },
 {
  "url": "https://www.mallesons.com/au/en/about-us/media-center/kwm-advises-g8-education-institutional-placement.html",
  "status": 200,
  "from": "sitemap-au (manual capture)"
 },
 {
  "url": "https://www.mallesons.com/au/en/about-us/media-center/kwm-advises-g8-education-placement.html",
  "status": 200,
  "from": "sitemap-au (manual capture)"
 },
 {
  "url": "https://www.mallesons.com/au/en/about-us/media-center/kwm-advises-genea-on-its-takeover-by-liverpool-partners.html",
  "status": 200,
  "from": "sitemap-au (manual capture)"
 },
 {
  "url": "https://www.mallesons.com/au/en/about-us/media-center/kwm-advises-genea-on-trade-sale-agreement.html",
  "status": 200,
  "from": "sitemap-au (manual capture)"
 },
 {
  "url": "https://www.mallesons.com/au/en/about-us/media-center/kwm-advises-gladstone-ports-corporation-to-favourable-class-action-resolution-after-8-year-defence.html",
  "status": 200,
  "from": "sitemap-au (manual capture)"
 },
 {
  "url": "https://www.mallesons.com/au/en/about-us/media-center/kwm-advises-glencore-on-dual-acquisition-of-coal-assets.html",
  "status": 200,
  "from": "sitemap-au (manual capture)"
 },
 {
  "url": "https://www.mallesons.com/au/en/about-us/media-center/kwm-advises-goldman-sachs-jpmorgan-loan.html",
  "status": 200,
  "from": "sitemap-au (manual capture)"
 },
 {
  "url": "https://www.mallesons.com/au/en/about-us/media-center/kwm-advises-greater-bank-on-its-merger.html",
  "status": 200,
  "from": "sitemap-au (manual capture)"
 },
 {
  "url": "https://www.mallesons.com/au/en/about-us/media-center/kwm-advises-greatland-on-asx-listing0.html",
  "status": 200,
  "from": "sitemap-au (manual capture)"
 },
 {
  "url": "https://www.mallesons.com/au/en/about-us/media-center/kwm-advises-heidelberg-materials-on-1-7b-acquisition-of-maas-group-holdings-limiteds-construction-materials-division.html",
  "status": 200,
  "from": "sitemap-au (manual capture)"
 },
 {
  "url": "https://www.mallesons.com/au/en/about-us/media-center/kwm-advises-heidelberg-materials-on-its-acquisition-of-midway-concrete-enabling-growth-in-the-australian-industrial-sector.html",
  "status": 200,
  "from": "sitemap-au (manual capture)"
 },
 {
  "url": "https://www.mallesons.com/au/en/about-us/media-center/kwm-advises-historic-wind-farm-tasmania.html",
  "status": 200,
  "from": "sitemap-au (manual capture)"
 },
 {
  "url": "https://www.mallesons.com/au/en/about-us/media-center/kwm-advises-hony-capital-strategic-relationship-enn.html",
  "status": 200,
  "from": "sitemap-au (manual capture)"
 },
 {
  "url": "https://www.mallesons.com/au/en/about-us/media-center/kwm-advises-hsbc-on-a-bespoke-loan-on-Loan-financing-of-australian-real-estate-development-loan-portfolio-to-a-leading-asset-management-firm.html",
  "status": 200,
  "from": "sitemap-au (manual capture)"
 },
 {
  "url": "https://www.mallesons.com/au/en/about-us/media-center/kwm-advises-hte-on-acquisition-of-grant-broadcasters.html",
  "status": 200,
  "from": "sitemap-au (manual capture)"
 },
 {
  "url": "https://www.mallesons.com/au/en/about-us/media-center/kwm-advises-humanwell-citic-capital-ansell-acquisition.html",
  "status": 200,
  "from": "sitemap-au (manual capture)"
 },
 {
  "url": "https://www.mallesons.com/au/en/about-us/media-center/kwm-advises-ifm-on-its-acquisition-of-curtin-universitys-multi-use-precinct.html",
  "status": 200,
  "from": "sitemap-au (manual capture)"
 },
 {
  "url": "https://www.mallesons.com/au/en/about-us/media-center/kwm-advises-igneo-infrastructure-partners-on-two-Integrated-waste-service-investments-in-nsw-and-wa.html",
  "status": 200,
  "from": "sitemap-au (manual capture)"
 },
 {
  "url": "https://www.mallesons.com/au/en/about-us/media-center/kwm-advises-iluka-resources-limited-on-its-strategic-partnership-with-rare-earths-company.html",
  "status": 200,
  "from": "sitemap-au (manual capture)"
 },
 {
  "url": "https://www.mallesons.com/au/en/about-us/media-center/kwm-advises-iluka-resources-on-strategic-rare-earths-partnership-with-lindian-resources.html",
  "status": 200,
  "from": "sitemap-au (manual capture)"
 },
 {
  "url": "https://www.mallesons.com/au/en/about-us/media-center/kwm-advises-incommodities-on-200-million-battery-storage-agreement-with-vena-group.html",
  "status": 200,
  "from": "sitemap-au (manual capture)"
 },
 {
  "url": "https://www.mallesons.com/au/en/about-us/media-center/kwm-advises-incommodities-on-landmark-and-innovative-capacity-swap-agreement-with-ampyr-australia.html",
  "status": 200,
  "from": "sitemap-au (manual capture)"
 },
 {
  "url": "https://www.mallesons.com/au/en/about-us/media-center/kwm-advises-indue-on-sale-to-cuscal.html",
  "status": 200,
  "from": "sitemap-au (manual capture)"
 },
 {
  "url": "https://www.mallesons.com/au/en/about-us/media-center/kwm-advises-infrared-lal-lal-wind-farm-acquisition.html",
  "status": 200,
  "from": "sitemap-au (manual capture)"
 },
 {
  "url": "https://www.mallesons.com/au/en/about-us/media-center/kwm-advises-innovative-rare-earths-company.html",
  "status": 200,
  "from": "sitemap-au (manual capture)"
 },
 {
  "url": "https://www.mallesons.com/au/en/about-us/media-center/kwm-advises-insignia-financial-in-acquisition-by-cc-capital.html",
  "status": 200,
  "from": "sitemap-au (manual capture)"
 },
 {
  "url": "https://www.mallesons.com/au/en/about-us/media-center/kwm-advises-investors-in-new-australian-start-up.html",
  "status": 200,
  "from": "sitemap-au (manual capture)"
 },
 {
  "url": "https://www.mallesons.com/au/en/about-us/media-center/kwm-advises-irongate-group-on-strategic-schemes-for-property-portfolio.html",
  "status": 200,
  "from": "sitemap-au (manual capture)"
 },
 {
  "url": "https://www.mallesons.com/au/en/about-us/media-center/kwm-advises-ivingbridge-first-australian-investment.html",
  "status": 200,
  "from": "sitemap-au (manual capture)"
 },
 {
  "url": "https://www.mallesons.com/au/en/about-us/media-center/kwm-advises-jingdong-property-on-strategic-a-250-million-acquisi.html",
  "status": 200,
  "from": "sitemap-au (manual capture)"
 },
 {
  "url": "https://www.mallesons.com/au/en/about-us/media-center/kwm-advises-kkr-on-debt-financing-for-family-doctor.html",
  "status": 200,
  "from": "sitemap-au (manual capture)"
 },
 {
  "url": "https://www.mallesons.com/au/en/about-us/media-center/kwm-advises-kkr-on-investment-in-genesiscare.html",
  "status": 200,
  "from": "sitemap-au (manual capture)"
 },
 {
  "url": "https://www.mallesons.com/au/en/about-us/media-center/kwm-advises-laser-clinics-sale.html",
  "status": 200,
  "from": "sitemap-au (manual capture)"
 },
 {
  "url": "https://www.mallesons.com/au/en/about-us/media-center/kwm-advises-lender-group-on-refinancing-of-pacific-energy.html",
  "status": 200,
  "from": "sitemap-au (manual capture)"
 },
 {
  "url": "https://www.mallesons.com/au/en/about-us/media-center/kwm-advises-lender-group-on-refinancing-of-uniti-group.html",
  "status": 200,
  "from": "sitemap-au (manual capture)"
 },
 {
  "url": "https://www.mallesons.com/au/en/about-us/media-center/kwm-advises-lightsource-bp-on-sale-of-1gw-australian-solar-portfolio-to-aula-energy.html",
  "status": 200,
  "from": "sitemap-au (manual capture)"
 },
 {
  "url": "https://www.mallesons.com/au/en/about-us/media-center/kwm-advises-lion-on-its-strategic-acquisition-of-the-fermentum-group.html",
  "status": 200,
  "from": "sitemap-au (manual capture)"
 },
 {
  "url": "https://www.mallesons.com/au/en/about-us/media-center/kwm-advises-local-residential-on-370m-south-melbourne-build-to-rent-project.html",
  "status": 200,
  "from": "sitemap-au (manual capture)"
 },
 {
  "url": "https://www.mallesons.com/au/en/about-us/media-center/kwm-advises-lynas-on-equity-raising.html",
  "status": 200,
  "from": "sitemap-au (manual capture)"
 },
 {
  "url": "https://www.mallesons.com/au/en/about-us/media-center/kwm-advises-macpac-acquisition.html",
  "status": 200,
  "from": "sitemap-au (manual capture)"
 },
 {
  "url": "https://www.mallesons.com/au/en/about-us/media-center/kwm-advises-me-bank-australias-third-ever-tier-capital-deal.html",
  "status": 200,
  "from": "sitemap-au (manual capture)"
 },
 {
  "url": "https://www.mallesons.com/au/en/about-us/media-center/kwm-advises-mercer-on-bt-unitised-super-and-advance-asset-management-transactions.html",
  "status": 200,
  "from": "sitemap-au (manual capture)"
 },
 {
  "url": "https://www.mallesons.com/au/en/about-us/media-center/kwm-advises-mst-sale.html",
  "status": 200,
  "from": "sitemap-au (manual capture)"
 },
 {
  "url": "https://www.mallesons.com/au/en/about-us/media-center/kwm-advises-namoi-cotton-on-its-14-million-capital-raising.html",
  "status": 200,
  "from": "sitemap-au (manual capture)"
 },
 {
  "url": "https://www.mallesons.com/au/en/about-us/media-center/kwm-advises-narellan-group-pty-ltd-on-its-acquisition-of-freedom-pools.html",
  "status": 200,
  "from": "sitemap-au (manual capture)"
 },
 {
  "url": "https://www.mallesons.com/au/en/about-us/media-center/kwm-advises-newmont-on-acquisition-of-newcrest.html",
  "status": 200,
  "from": "sitemap-au (manual capture)"
 },
 {
  "url": "https://www.mallesons.com/au/en/about-us/media-center/kwm-advises-nexif-energy-on-usd1-billion-enterprise-value-sale-to-ratch-group.html",
  "status": 200,
  "from": "sitemap-au (manual capture)"
 },
 {
  "url": "https://www.mallesons.com/au/en/about-us/media-center/kwm-advises-nhfic-on-its-debut-social-and-affordable-housing-deals.html",
  "status": 200,
  "from": "sitemap-au (manual capture)"
 },
 {
  "url": "https://www.mallesons.com/au/en/about-us/media-center/kwm-advises-northern-star-on-its-A5-billion-acquisition-of-de-grey.html",
  "status": 200,
  "from": "sitemap-au (manual capture)"
 },
 {
  "url": "https://www.mallesons.com/au/en/about-us/media-center/kwm-advises-novomatic-ag-on-its-proposed-scheme-for-ainsworth-game-technology.html",
  "status": 200,
  "from": "sitemap-au (manual capture)"
 },
 {
  "url": "https://www.mallesons.com/au/en/about-us/media-center/kwm-advises-oaktree-capital-management-on-refinancing-of-abl-facility-for-coronado-group.html",
  "status": 200,
  "from": "sitemap-au (manual capture)"
 },
 {
  "url": "https://www.mallesons.com/au/en/about-us/media-center/kwm-advises-on-1-44-bn-sale-of-mlc.html",
  "status": 200,
  "from": "sitemap-au (manual capture)"
 },
 {
  "url": "https://www.mallesons.com/au/en/about-us/media-center/kwm-advises-on-acquisition-of-american-brick-maker.html",
  "status": 200,
  "from": "sitemap-au (manual capture)"
 },
 {
  "url": "https://www.mallesons.com/au/en/about-us/media-center/kwm-advises-on-asxs-largest-post-gfc-capital-raising.html",
  "status": 200,
  "from": "sitemap-au (manual capture)"
 },
 {
  "url": "https://www.mallesons.com/au/en/about-us/media-center/kwm-advises-on-australias-largest-greenfield-cbd-project.html",
  "status": 200,
  "from": "sitemap-au (manual capture)"
 },
 {
  "url": "https://www.mallesons.com/au/en/about-us/media-center/kwm-advises-on-capital-raise-for-jet-charge-highlights-private-capital-step-up-in-energy-transition.html",
  "status": 200,
  "from": "sitemap-au (manual capture)"
 },
 {
  "url": "https://www.mallesons.com/au/en/about-us/media-center/kwm-advises-on-financing-of-western-australian-battery-project.html",
  "status": 200,
  "from": "sitemap-au (manual capture)"
 },
 {
  "url": "https://www.mallesons.com/au/en/about-us/media-center/kwm-advises-on-icon-sale.html",
  "status": 200,
  "from": "sitemap-au (manual capture)"
 },
 {
  "url": "https://www.mallesons.com/au/en/about-us/media-center/kwm-advises-on-innovative-blockchain-enabled-local-energy-marketplace.html",
  "status": 200,
  "from": "sitemap-au (manual capture)"
 },
 {
  "url": "https://www.mallesons.com/au/en/about-us/media-center/kwm-advises-on-innovative-sustainability-linked-loan-for-queensland-airport.html",
  "status": 200,
  "from": "sitemap-au (manual capture)"
 },
 {
  "url": "https://www.mallesons.com/au/en/about-us/media-center/kwm-advises-on-innovative-wall-as-a-service-joint-venture.html",
  "status": 200,
  "from": "sitemap-au (manual capture)"
 },
 {
  "url": "https://www.mallesons.com/au/en/about-us/media-center/kwm-advises-on-innovative-wall-as-a-service-joint-venture0.html",
  "status": 200,
  "from": "sitemap-au (manual capture)"
 },
 {
  "url": "https://www.mallesons.com/au/en/about-us/media-center/kwm-advises-on-kkrs-first-asx-listed-fund.html",
  "status": 200,
  "from": "sitemap-au (manual capture)"
 },
 {
  "url": "https://www.mallesons.com/au/en/about-us/media-center/kwm-advises-on-landmark-queens-wharf-brisbane-project.html",
  "status": 200,
  "from": "sitemap-au (manual capture)"
 },
 {
  "url": "https://www.mallesons.com/au/en/about-us/media-center/kwm-advises-on-media-acquisition-for-mercury-capital.html",
  "status": 200,
  "from": "sitemap-au (manual capture)"
 },
 {
  "url": "https://www.mallesons.com/au/en/about-us/media-center/kwm-advises-on-mining-and-metals-finance-2018-deal-of-the-year.html",
  "status": 200,
  "from": "sitemap-au (manual capture)"
 },
 {
  "url": "https://www.mallesons.com/au/en/about-us/media-center/kwm-advises-on-nsw-electricity-infrastructure-roadmap-tender-round-6-for-long-duration-storage.html",
  "status": 200,
  "from": "sitemap-au (manual capture)"
 },
 {
  "url": "https://www.mallesons.com/au/en/about-us/media-center/kwm-advises-on-nsw-roadmap-tender-4-for-renewable-generation-infrastructure.html",
  "status": 200,
  "from": "sitemap-au (manual capture)"
 },
 {
  "url": "https://www.mallesons.com/au/en/about-us/media-center/kwm-advises-on-nsw-roadmap-tender-5-for-long-duration-storage-infrastructure.html",
  "status": 200,
  "from": "sitemap-au (manual capture)"
 },
 {
  "url": "https://www.mallesons.com/au/en/about-us/media-center/kwm-advises-on-offtake-agreements-for-bomen-solar-farm.html",
  "status": 200,
  "from": "sitemap-au (manual capture)"
 },
 {
  "url": "https://www.mallesons.com/au/en/about-us/media-center/kwm-advises-on-one-of-australias-biggest-ever-single-hold-development-financing.html",
  "status": 200,
  "from": "sitemap-au (manual capture)"
 },
 {
  "url": "https://www.mallesons.com/au/en/about-us/media-center/kwm-advises-on-sale-of-african-uranium-mine.html",
  "status": 200,
  "from": "sitemap-au (manual capture)"
 },
 {
  "url": "https://www.mallesons.com/au/en/about-us/media-center/kwm-advises-on-sale-of-leading-cancer-care-provider.html",
  "status": 200,
  "from": "sitemap-au (manual capture)"
 },
 {
  "url": "https://www.mallesons.com/au/en/about-us/media-center/kwm-advises-on-sale-of-proten-to-global-investment-firm.html",
  "status": 200,
  "from": "sitemap-au (manual capture)"
 },
 {
  "url": "https://www.mallesons.com/au/en/about-us/media-center/kwm-advises-on-sale-of-qscan.html",
  "status": 200,
  "from": "sitemap-au (manual capture)"
 },
 {
  "url": "https://www.mallesons.com/au/en/about-us/media-center/kwm-advises-on-sale-of-teg-to-silver-lake.html",
  "status": 200,
  "from": "sitemap-au (manual capture)"
 },
 {
  "url": "https://www.mallesons.com/au/en/about-us/media-center/kwm-advises-on-us121billion-sale-by-emr-capital.html",
  "status": 200,
  "from": "sitemap-au (manual capture)"
 },
 {
  "url": "https://www.mallesons.com/au/en/about-us/media-center/kwm-advises-on-us19-million-sinosure-backed-financing-of-vietnams-largest-waste-to-energy-plant.html",
  "status": 200,
  "from": "sitemap-au (manual capture)"
 },
 {
  "url": "https://www.mallesons.com/au/en/about-us/media-center/kwm-advises-on-westconnexs-amtn-programme-and-a650-million-issuance.html",
  "status": 200,
  "from": "sitemap-au (manual capture)"
 },
 {
  "url": "https://www.mallesons.com/au/en/about-us/media-center/kwm-advises-on-world-first-wind-farm-project.html",
  "status": 200,
  "from": "sitemap-au (manual capture)"
 },
 {
  "url": "https://www.mallesons.com/au/en/about-us/media-center/kwm-advises-oohmedia-on-167-million-entitlement-offer-and-institutional-placement.html",
  "status": 200,
  "from": "sitemap-au (manual capture)"
 },
 {
  "url": "https://www.mallesons.com/au/en/about-us/media-center/kwm-advises-pag-on-debt-financing-for-acquisition-of-australian-venue-co-from-kkr.html",
  "status": 200,
  "from": "sitemap-au (manual capture)"
 },
 {
  "url": "https://www.mallesons.com/au/en/about-us/media-center/kwm-advises-palisade-on-its-acquisition-of-limestone-coast-north-battery-energy-storage-system-in-south-australia.html",
  "status": 200,
  "from": "sitemap-au (manual capture)"
 },
 {
  "url": "https://www.mallesons.com/au/en/about-us/media-center/kwm-advises-paragon-care-refinancing.html",
  "status": 200,
  "from": "sitemap-au (manual capture)"
 },
 {
  "url": "https://www.mallesons.com/au/en/about-us/media-center/kwm-advises-peet-on-senior-unsecured-bond-offering.html",
  "status": 200,
  "from": "sitemap-au (manual capture)"
 },
 {
  "url": "https://www.mallesons.com/au/en/about-us/media-center/kwm-advises-pendal-group-in-2-5-billion-transaction-with-perpetual.html",
  "status": 200,
  "from": "sitemap-au (manual capture)"
 },
 {
  "url": "https://www.mallesons.com/au/en/about-us/media-center/kwm-advises-pepper-and-its-consortium-partners-on-landmark-21b-rams-portfolio-acquisition.html",
  "status": 200,
  "from": "sitemap-au (manual capture)"
 },
 {
  "url": "https://www.mallesons.com/au/en/about-us/media-center/kwm-advises-perpetual-on-sale-of-its-wealth-management-business-to-bain-capital.html",
  "status": 200,
  "from": "sitemap-au (manual capture)"
 },
 {
  "url": "https://www.mallesons.com/au/en/about-us/media-center/kwm-advises-petrosea-on-strategic-hbs-group-acquisition-in-png.html",
  "status": 200,
  "from": "sitemap-au (manual capture)"
 },
 {
  "url": "https://www.mallesons.com/au/en/about-us/media-center/kwm-advises-police-and-nurses-limited-on-its-inaugural-issue.html",
  "status": 200,
  "from": "sitemap-au (manual capture)"
 },
 {
  "url": "https://www.mallesons.com/au/en/about-us/media-center/kwm-advises-project-financing-crudine-ridge-wind-farm.html",
  "status": 200,
  "from": "sitemap-au (manual capture)"
 },
 {
  "url": "https://www.mallesons.com/au/en/about-us/media-center/kwm-advises-project-funding-kennedy-energy-park.html",
  "status": 200,
  "from": "sitemap-au (manual capture)"
 },
 {
  "url": "https://www.mallesons.com/au/en/about-us/media-center/kwm-advises-project-funding-two-solar-farms.html",
  "status": 200,
  "from": "sitemap-au (manual capture)"
 },
 {
  "url": "https://www.mallesons.com/au/en/about-us/media-center/kwm-advises-prospect-resources-on-the-sale-of-the-arcadia-lithium.html",
  "status": 200,
  "from": "sitemap-au (manual capture)"
 },
 {
  "url": "https://www.mallesons.com/au/en/about-us/media-center/kwm-advises-qic-and-future-fund-on-the-750-million-acquisition-of-agls-stake-in-tilt-renewables.html",
  "status": 200,
  "from": "sitemap-au (manual capture)"
 },
 {
  "url": "https://www.mallesons.com/au/en/about-us/media-center/kwm-advises-quadrant-investment-junior-adventures-group.html",
  "status": 200,
  "from": "sitemap-au (manual capture)"
 },
 {
  "url": "https://www.mallesons.com/au/en/about-us/media-center/kwm-advises-quadrant-investment-wealth-advisory-firms.html",
  "status": 200,
  "from": "sitemap-au (manual capture)"
 },
 {
  "url": "https://www.mallesons.com/au/en/about-us/media-center/kwm-advises-quadrant-private-equity-on-its-investment-in-carlisle-health.html",
  "status": 200,
  "from": "sitemap-au (manual capture)"
 },
 {
  "url": "https://www.mallesons.com/au/en/about-us/media-center/kwm-advises-qube-on-moorebank-intermodal-monetisation.html",
  "status": 200,
  "from": "sitemap-au (manual capture)"
 },
 {
  "url": "https://www.mallesons.com/au/en/about-us/media-center/kwm-advises-raa-on-its-insurance-divestment-to-allianz.html",
  "status": 200,
  "from": "sitemap-au (manual capture)"
 },
 {
  "url": "https://www.mallesons.com/au/en/about-us/media-center/kwm-advises-regal-partners-limited-on-110m-equity-raising-to-accelerate-growth.html",
  "status": 200,
  "from": "sitemap-au (manual capture)"
 },
 {
  "url": "https://www.mallesons.com/au/en/about-us/media-center/kwm-advises-rhb-bank-berhad-on-take-private-of-apex-healthcare-berhad.html",
  "status": 200,
  "from": "sitemap-au (manual capture)"
 },
 {
  "url": "https://www.mallesons.com/au/en/about-us/media-center/kwm-advises-scp-on-acquisition-of-ten-shopping-centres-across-the-country.html",
  "status": 200,
  "from": "sitemap-au (manual capture)"
 },
 {
  "url": "https://www.mallesons.com/au/en/about-us/media-center/kwm-advises-sierra-rutile-to-successful-outcome-after-three-competing-takeover-proposals.html",
  "status": 200,
  "from": "sitemap-au (manual capture)"
 },
 {
  "url": "https://www.mallesons.com/au/en/about-us/media-center/kwm-advises-silicon-quantum-computing-on--50-4m-series-a-capital.html",
  "status": 200,
  "from": "sitemap-au (manual capture)"
 },
 {
  "url": "https://www.mallesons.com/au/en/about-us/media-center/kwm-advises-st-barbara-on-victorian-gold-exploration-joint-venture-with-catalyst.html",
  "status": 200,
  "from": "sitemap-au (manual capture)"
 },
 {
  "url": "https://www.mallesons.com/au/en/about-us/media-center/kwm-advises-star-entertainment-group--strategic-partnership.html",
  "status": 200,
  "from": "sitemap-au (manual capture)"
 },
 {
  "url": "https://www.mallesons.com/au/en/about-us/media-center/kwm-advises-steadfast-on-220m-capital-raising.html",
  "status": 200,
  "from": "sitemap-au (manual capture)"
 },
 {
  "url": "https://www.mallesons.com/au/en/about-us/media-center/kwm-advises-stonepeak-on-its-proposed-acquisition-of-an-interest-in-the-ior-group.html",
  "status": 200,
  "from": "sitemap-au (manual capture)"
 },
 {
  "url": "https://www.mallesons.com/au/en/about-us/media-center/kwm-advises-suncorp-on-capital-notes-4-offer.html",
  "status": 200,
  "from": "sitemap-au (manual capture)"
 },
 {
  "url": "https://www.mallesons.com/au/en/about-us/media-center/kwm-advises-suncorp-on-wholesale-subordinated-notes-offer.html",
  "status": 200,
  "from": "sitemap-au (manual capture)"
 },
 {
  "url": "https://www.mallesons.com/au/en/about-us/media-center/kwm-advises-supercheap-auto-joint-venture.html",
  "status": 200,
  "from": "sitemap-au (manual capture)"
 },
 {
  "url": "https://www.mallesons.com/au/en/about-us/media-center/kwm-advises-sydney-airport-bank-debt-refinancing.html",
  "status": 200,
  "from": "sitemap-au (manual capture)"
 },
 {
  "url": "https://www.mallesons.com/au/en/about-us/media-center/kwm-advises-sydney-airport-on-2-6billion-sydney-gateway-project.html",
  "status": 200,
  "from": "sitemap-au (manual capture)"
 },
 {
  "url": "https://www.mallesons.com/au/en/about-us/media-center/kwm-advises-sydney-transport-partners-consortium-bid-to-acquire-westconnex.html",
  "status": 200,
  "from": "sitemap-au (manual capture)"
 },
 {
  "url": "https://www.mallesons.com/au/en/about-us/media-center/kwm-advises-taurus-on-west-african-facility-agreement.html",
  "status": 200,
  "from": "sitemap-au (manual capture)"
 },
 {
  "url": "https://www.mallesons.com/au/en/about-us/media-center/kwm-advises-temenos-on-acquisition-of-avoka-technologies.html",
  "status": 200,
  "from": "sitemap-au (manual capture)"
 },
 {
  "url": "https://www.mallesons.com/au/en/about-us/media-center/kwm-advises-the-university-of-sydney-on-sydney-biomedical-accelerator-project.html",
  "status": 200,
  "from": "sitemap-au (manual capture)"
 },
 {
  "url": "https://www.mallesons.com/au/en/about-us/media-center/kwm-advises-transgrid-on-funding-for-nsw-sa-interconnector.html",
  "status": 200,
  "from": "sitemap-au (manual capture)"
 },
 {
  "url": "https://www.mallesons.com/au/en/about-us/media-center/kwm-advises-transgrid-on-its-appointment-as-the-preferred-network-operator-for-the-hunter-transmission-project-in-new-south-wales.html",
  "status": 200,
  "from": "sitemap-au (manual capture)"
 },
 {
  "url": "https://www.mallesons.com/au/en/about-us/media-center/kwm-advises-transgrid-on-its-negotiating-with-energyco-acerez-and-zinfra-to-facilitate-the-central-west-orana-renewable-energy-zone.html",
  "status": 200,
  "from": "sitemap-au (manual capture)"
 },
 {
  "url": "https://www.mallesons.com/au/en/about-us/media-center/kwm-advises-transurban-queensland-on-strategic-financing.html",
  "status": 200,
  "from": "sitemap-au (manual capture)"
 },
 {
  "url": "https://www.mallesons.com/au/en/about-us/media-center/kwm-advises-us-listed-spac-nabors-energy-transition-corp.html",
  "status": 200,
  "from": "sitemap-au (manual capture)"
 },
 {
  "url": "https://www.mallesons.com/au/en/about-us/media-center/kwm-advises-westpac-900-m-sale-life-insurance-business-tal.html",
  "status": 200,
  "from": "sitemap-au (manual capture)"
 },
 {
  "url": "https://www.mallesons.com/au/en/about-us/media-center/kwm-advises-westpac-on-issuance-of-us-2-5-billion-of-subordinated-notes.html",
  "status": 200,
  "from": "sitemap-au (manual capture)"
 },
 {
  "url": "https://www.mallesons.com/au/en/about-us/media-center/kwm-advises-woodside-on-its-proposed-merger-with-bhp-petroleum.html",
  "status": 200,
  "from": "sitemap-au (manual capture)"
 },
 {
  "url": "https://www.mallesons.com/au/en/about-us/media-center/kwm-advises-wren-house-infrastructure-on-the-sale-of-its-stake-in-transgrid-australia.html",
  "status": 200,
  "from": "sitemap-au (manual capture)"
 },
 {
  "url": "https://www.mallesons.com/au/en/about-us/media-center/kwm-advises-zoetis-on-strategic-acquisition-of-animal-pharmaceutical-manufacturer-jurox.html",
  "status": 200,
  "from": "sitemap-au (manual capture)"
 },
 {
  "url": "https://www.mallesons.com/au/en/about-us/media-center/kwm-advises-zurich-on-its-proposed-acquisition-of-clearview.html",
  "status": 200,
  "from": "sitemap-au (manual capture)"
 },
 {
  "url": "https://www.mallesons.com/au/en/about-us/media-center/kwm-advising-affinity-on-its-first-investment-in-australias-financial-services-sector.html",
  "status": 200,
  "from": "sitemap-au (manual capture)"
 },
 {
  "url": "https://www.mallesons.com/au/en/about-us/media-center/kwm-alumnus-stephen-ridgeway-appointed-to-accc.html",
  "status": 200,
  "from": "sitemap-au (manual capture)"
 },
 {
  "url": "https://www.mallesons.com/au/en/about-us/media-center/kwm-alumnus-trish-henry-appointed-as-a-judge-of-the-supreme-court.html",
  "status": 200,
  "from": "sitemap-au (manual capture)"
 },
 {
  "url": "https://www.mallesons.com/au/en/about-us/media-center/kwm-and-bell-gully-advise-on-abano-scheme.html",
  "status": 200,
  "from": "sitemap-au (manual capture)"
 },
 {
  "url": "https://www.mallesons.com/au/en/about-us/media-center/kwm-and-kpmg-law-to-jointly-support-unsw-sydney-chair-in-disruptive-innovation-and-law.html",
  "status": 200,
  "from": "sitemap-au (manual capture)"
 },
 {
  "url": "https://www.mallesons.com/au/en/about-us/media-center/kwm-announces-impact-award-winners-for-2020.html",
  "status": 200,
  "from": "sitemap-au (manual capture)"
 },
 {
  "url": "https://www.mallesons.com/au/en/about-us/media-center/kwm-announces-its-new-colombo-plan-scholar.html",
  "status": 200,
  "from": "sitemap-au (manual capture)"
 },
 {
  "url": "https://www.mallesons.com/au/en/about-us/media-center/kwm-announces-second-contemporary-first-nations-art-award.html",
  "status": 200,
  "from": "sitemap-au (manual capture)"
 },
 {
  "url": "https://www.mallesons.com/au/en/about-us/media-center/kwm-announces-significant-progress-to-innovate-rap.html",
  "status": 200,
  "from": "sitemap-au (manual capture)"
 },
 {
  "url": "https://www.mallesons.com/au/en/about-us/media-center/kwm-announces-special-counsel-senior-associate-promotions.html",
  "status": 200,
  "from": "sitemap-au (manual capture)"
 },
 {
  "url": "https://www.mallesons.com/au/en/about-us/media-center/kwm-appointments-reflect-a-new-energy-and-resources-horizon-significant-boost-to-m-a-capability.html",
  "status": 200,
  "from": "sitemap-au (manual capture)"
 },
 {
  "url": "https://www.mallesons.com/au/en/about-us/media-center/kwm-appoints-berkeley-cox-as-chief-executive-partner-australia-for-second-term.html",
  "status": 200,
  "from": "sitemap-au (manual capture)"
 },
 {
  "url": "https://www.mallesons.com/au/en/about-us/media-center/kwm-appoints-market-leading-gst-and-indirect-taxation-expert-andrew-sommer-as-senior-consultant.html",
  "status": 200,
  "from": "sitemap-au (manual capture)"
 },
 {
  "url": "https://www.mallesons.com/au/en/about-us/media-center/kwm-appoints-renae-lattey-australias-incoming-chief-executive-partner.html",
  "status": 200,
  "from": "sitemap-au (manual capture)"
 },
 {
  "url": "https://www.mallesons.com/au/en/about-us/media-center/kwm-appoints-two-dispute-resolution-heavy-weights-for-future-evolution-and-growth.html",
  "status": 200,
  "from": "sitemap-au (manual capture)"
 },
 {
  "url": "https://www.mallesons.com/au/en/about-us/media-center/kwm-aspire-young-australians.html",
  "status": 200,
  "from": "sitemap-au (manual capture)"
 },
 {
  "url": "https://www.mallesons.com/au/en/about-us/media-center/kwm-assist-boc-sydney-on-bond-issuance-to-progress-the-belt-and-road-initiatives.html",
  "status": 200,
  "from": "sitemap-au (manual capture)"
 },
 {
  "url": "https://www.mallesons.com/au/en/about-us/media-center/kwm-assists-aba-in-development-of-new-banking-code.html",
  "status": 200,
  "from": "sitemap-au (manual capture)"
 },
 {
  "url": "https://www.mallesons.com/au/en/about-us/media-center/kwm-assists-agl-with-western-australian-expansion.html",
  "status": 200,
  "from": "sitemap-au (manual capture)"
 },
 {
  "url": "https://www.mallesons.com/au/en/about-us/media-center/kwm-assists-agrifutures-australia-to-nurture-agricultural-innovation-with-the-grow-platform.html",
  "status": 200,
  "from": "sitemap-au (manual capture)"
 },
 {
  "url": "https://www.mallesons.com/au/en/about-us/media-center/kwm-assists-atlas-arteria-to-raise-1-35-billion-and-increase-european-motorway-stake.html",
  "status": 200,
  "from": "sitemap-au (manual capture)"
 },
 {
  "url": "https://www.mallesons.com/au/en/about-us/media-center/kwm-assists-atlas-arteria-to-raise-495-million.html",
  "status": 200,
  "from": "sitemap-au (manual capture)"
 },
 {
  "url": "https://www.mallesons.com/au/en/about-us/media-center/kwm-assists-axiata-digital-services-sdn-bhd-with-innovative-restructuring.html",
  "status": 200,
  "from": "sitemap-au (manual capture)"
 },
 {
  "url": "https://www.mallesons.com/au/en/about-us/media-center/kwm-assists-bank-of-queensland-on-me-bank-acquisition-and-1-35-billion-capital-raising.html",
  "status": 200,
  "from": "sitemap-au (manual capture)"
 },
 {
  "url": "https://www.mallesons.com/au/en/about-us/media-center/kwm-assists-baosteel-to-negotiate-2-billion-joint-venture-with-rio-tinto.html",
  "status": 200,
  "from": "sitemap-au (manual capture)"
 },
 {
  "url": "https://www.mallesons.com/au/en/about-us/media-center/kwm-assists-cba-with-940-million-sale-of-remaining-shareholding-in-bank-of-hangzhou.html",
  "status": 200,
  "from": "sitemap-au (manual capture)"
 },
 {
  "url": "https://www.mallesons.com/au/en/about-us/media-center/kwm-assists-cba-with-sale-of-shareholding-in-bank-of-hangzhou.html",
  "status": 200,
  "from": "sitemap-au (manual capture)"
 },
 {
  "url": "https://www.mallesons.com/au/en/about-us/media-center/kwm-assists-china-molybdenum-on-its-550-million-gold-and-silver-streaming-transaction.html",
  "status": 200,
  "from": "sitemap-au (manual capture)"
 },
 {
  "url": "https://www.mallesons.com/au/en/about-us/media-center/kwm-assists-dexus-in-healthcare-property-transaction.html",
  "status": 200,
  "from": "sitemap-au (manual capture)"
 },
 {
  "url": "https://www.mallesons.com/au/en/about-us/media-center/kwm-assists-eqt-with-major-investment-into-australian-retirement-living.html",
  "status": 200,
  "from": "sitemap-au (manual capture)"
 },
 {
  "url": "https://www.mallesons.com/au/en/about-us/media-center/kwm-assists-establishing-victorias-first-social-impact-bond.html",
  "status": 200,
  "from": "sitemap-au (manual capture)"
 },
 {
  "url": "https://www.mallesons.com/au/en/about-us/media-center/kwm-assists-financial-sponsor-owned-glg-on-sale-of-major-lighting-brands.html",
  "status": 200,
  "from": "sitemap-au (manual capture)"
 },
 {
  "url": "https://www.mallesons.com/au/en/about-us/media-center/kwm-assists-financiers-to-bring-australias-largest-solar-farm-to-financial-close.html",
  "status": 200,
  "from": "sitemap-au (manual capture)"
 },
 {
  "url": "https://www.mallesons.com/au/en/about-us/media-center/kwm-assists-flight-centre-australias-largest-travel-retailer-raise-capital.html",
  "status": 200,
  "from": "sitemap-au (manual capture)"
 },
 {
  "url": "https://www.mallesons.com/au/en/about-us/media-center/kwm-assists-flight-centre-with-400-million-raising-as-travel-conditions-look-to-improve.html",
  "status": 200,
  "from": "sitemap-au (manual capture)"
 },
 {
  "url": "https://www.mallesons.com/au/en/about-us/media-center/kwm-assists-in-bringing-cherry-tree-wind-farm-to-financial-close.html",
  "status": 200,
  "from": "sitemap-au (manual capture)"
 },
 {
  "url": "https://www.mallesons.com/au/en/about-us/media-center/kwm-assists-in-bringing-tesla-led-virtual-power-plant-to-south-australia.html",
  "status": 200,
  "from": "sitemap-au (manual capture)"
 },
 {
  "url": "https://www.mallesons.com/au/en/about-us/media-center/kwm-assists-infigen-energy-capital-restructure.html",
  "status": 200,
  "from": "sitemap-au (manual capture)"
 },
 {
  "url": "https://www.mallesons.com/au/en/about-us/media-center/kwm-assists-infigen-to-dispatch-australias-first-tesla-megapack-big-battery.html",
  "status": 200,
  "from": "sitemap-au (manual capture)"
 },
 {
  "url": "https://www.mallesons.com/au/en/about-us/media-center/kwm-assists-lochard-energy-on-refinancing.html",
  "status": 200,
  "from": "sitemap-au (manual capture)"
 },
 {
  "url": "https://www.mallesons.com/au/en/about-us/media-center/kwm-assists-namoi-cotton-12-million-raising.html",
  "status": 200,
  "from": "sitemap-au (manual capture)"
 },
 {
  "url": "https://www.mallesons.com/au/en/about-us/media-center/kwm-assists-optrust-consortium-with-pacific-energy-proposal.html",
  "status": 200,
  "from": "sitemap-au (manual capture)"
 },
 {
  "url": "https://www.mallesons.com/au/en/about-us/media-center/kwm-assists-qantas-to-raise-capital.html",
  "status": 200,
  "from": "sitemap-au (manual capture)"
 },
 {
  "url": "https://www.mallesons.com/au/en/about-us/media-center/kwm-assists-qsuper-and-sunsuper-with-merger-australian-retirement-trust.html",
  "status": 200,
  "from": "sitemap-au (manual capture)"
 },
 {
  "url": "https://www.mallesons.com/au/en/about-us/media-center/kwm-assists-queensland-museum-with-nasa-exhibition-landing.html",
  "status": 200,
  "from": "sitemap-au (manual capture)"
 },
 {
  "url": "https://www.mallesons.com/au/en/about-us/media-center/kwm-assists-reliance-rail-with-landmark-green-sustainability-linked-loan.html",
  "status": 200,
  "from": "sitemap-au (manual capture)"
 },
 {
  "url": "https://www.mallesons.com/au/en/about-us/media-center/kwm-assists-suncorp-divestment-australian-wealth-business.html",
  "status": 200,
  "from": "sitemap-au (manual capture)"
 },
 {
  "url": "https://www.mallesons.com/au/en/about-us/media-center/kwm-assists-suncorp-with-194-million-resale-and-conversion-of-cps3.html",
  "status": 200,
  "from": "sitemap-au (manual capture)"
 },
 {
  "url": "https://www.mallesons.com/au/en/about-us/media-center/kwm-assists-suncorp-with-250-million-wholesale-subordinated-notes-issue.html",
  "status": 200,
  "from": "sitemap-au (manual capture)"
 },
 {
  "url": "https://www.mallesons.com/au/en/about-us/media-center/kwm-assists-suncorp-with-wholesale-subordinated-notes-issue-and-divestment-of-australian-wealth-business.html",
  "status": 200,
  "from": "sitemap-au (manual capture)"
 },
 {
  "url": "https://www.mallesons.com/au/en/about-us/media-center/kwm-assists-super-retail-group-in-203-million-raising.html",
  "status": 200,
  "from": "sitemap-au (manual capture)"
 },
 {
  "url": "https://www.mallesons.com/au/en/about-us/media-center/kwm-assists-telstra-to-achieve-t22-strategy-via-strategic-sell-down.html",
  "status": 200,
  "from": "sitemap-au (manual capture)"
 },
 {
  "url": "https://www.mallesons.com/au/en/about-us/media-center/kwm-assists-with-the-completion-of-woodsides-transformation.html",
  "status": 200,
  "from": "sitemap-au (manual capture)"
 },
 {
  "url": "https://www.mallesons.com/au/en/about-us/media-center/kwm-attracts-merger-reform-leader-from-accc.html",
  "status": 200,
  "from": "sitemap-au (manual capture)"
 },
 {
  "url": "https://www.mallesons.com/au/en/about-us/media-center/kwm-australia-extends-lead-in-latest-chambers-rankings-after-8-years-at-the-top.html",
  "status": 200,
  "from": "sitemap-au (manual capture)"
 },
 {
  "url": "https://www.mallesons.com/au/en/about-us/media-center/kwm-australia-promotes-4-to-partnership.html",
  "status": 200,
  "from": "sitemap-au (manual capture)"
 },
 {
  "url": "https://www.mallesons.com/au/en/about-us/media-center/kwm-australia-promotes-six-to-partnership.html",
  "status": 200,
  "from": "sitemap-au (manual capture)"
 },
 {
  "url": "https://www.mallesons.com/au/en/about-us/media-center/kwm-australia-recognis-2018-financial-times-innovative-lawyer-awards.html",
  "status": 200,
  "from": "sitemap-au (manual capture)"
 },
 {
  "url": "https://www.mallesons.com/au/en/about-us/media-center/kwm-australias-largest-fintech-debt-market-deal.html",
  "status": 200,
  "from": "sitemap-au (manual capture)"
 },
 {
  "url": "https://www.mallesons.com/au/en/about-us/media-center/kwm-awards-trifecta-australian-law-awards.html",
  "status": 200,
  "from": "sitemap-au (manual capture)"
 },
 {
  "url": "https://www.mallesons.com/au/en/about-us/media-center/kwm-best-law-firm-afr-client-choice.html",
  "status": 200,
  "from": "sitemap-au (manual capture)"
 },
 {
  "url": "https://www.mallesons.com/au/en/about-us/media-center/kwm-bolsters-legal-tech-bench-with-innovative-diagrammatic-provider-jigsaw.html",
  "status": 200,
  "from": "sitemap-au (manual capture)"
 },
 {
  "url": "https://www.mallesons.com/au/en/about-us/media-center/kwm-bolsters-private-capital-capability-with-appointment-of-partner-niro-ananda.html",
  "status": 200,
  "from": "sitemap-au (manual capture)"
 },
 {
  "url": "https://www.mallesons.com/au/en/about-us/media-center/kwm-bolsters-singapore-and-hong-kong-offices.html",
  "status": 200,
  "from": "sitemap-au (manual capture)"
 },
 {
  "url": "https://www.mallesons.com/au/en/about-us/media-center/kwm-boosts-banking-finance-offering-new-partner.html",
  "status": 200,
  "from": "sitemap-au (manual capture)"
 },
 {
  "url": "https://www.mallesons.com/au/en/about-us/media-center/kwm-boosts-ip-offering-strategic-appointment.html",
  "status": 200,
  "from": "sitemap-au (manual capture)"
 },
 {
  "url": "https://www.mallesons.com/au/en/about-us/media-center/kwm-brings-well-respected-construction-partner-from-corrs-chambers-westgarth.html",
  "status": 200,
  "from": "sitemap-au (manual capture)"
 },
 {
  "url": "https://www.mallesons.com/au/en/about-us/media-center/kwm-client-care-industry-recognition.html",
  "status": 200,
  "from": "sitemap-au (manual capture)"
 },
 {
  "url": "https://www.mallesons.com/au/en/about-us/media-center/kwm-client-update-negative-covid-19-case-in-sydney-office.html",
  "status": 200,
  "from": "sitemap-au (manual capture)"
 },
 {
  "url": "https://www.mallesons.com/au/en/about-us/media-center/kwm-collaborates-with-amp-on-strategic-reset.html",
  "status": 200,
  "from": "sitemap-au (manual capture)"
 },
 {
  "url": "https://www.mallesons.com/au/en/about-us/media-center/kwm-collaborates-with-cbre-hotels-to-bring-first-hotel-to-perth-airport.html",
  "status": 200,
  "from": "sitemap-au (manual capture)"
 },
 {
  "url": "https://www.mallesons.com/au/en/about-us/media-center/kwm-collaborates-with-redfern-legal-centre-to-launch-vital-legal-service.html",
  "status": 200,
  "from": "sitemap-au (manual capture)"
 },
 {
  "url": "https://www.mallesons.com/au/en/about-us/media-center/kwm-completes-cross-border-trade-receivables-financing-facility-for-westcon-group.html",
  "status": 200,
  "from": "sitemap-au (manual capture)"
 },
 {
  "url": "https://www.mallesons.com/au/en/about-us/media-center/kwm-congratulates-industry-developing-fees-costs-disclosure-guidance.html",
  "status": 200,
  "from": "sitemap-au (manual capture)"
 },
 {
  "url": "https://www.mallesons.com/au/en/about-us/media-center/kwm-continue-providing-gold-standard-ip-offering.html",
  "status": 200,
  "from": "sitemap-au (manual capture)"
 },
 {
  "url": "https://www.mallesons.com/au/en/about-us/media-center/kwm-continues-renewables-focus-bungala-solar-project.html",
  "status": 200,
  "from": "sitemap-au (manual capture)"
 },
 {
  "url": "https://www.mallesons.com/au/en/about-us/media-center/kwm-continues-to-climb-global-brand-index.html",
  "status": 200,
  "from": "sitemap-au (manual capture)"
 },
 {
  "url": "https://www.mallesons.com/au/en/about-us/media-center/kwm-continues-to-increase-global-brand-ranking.html",
  "status": 200,
  "from": "sitemap-au (manual capture)"
 },
 {
  "url": "https://www.mallesons.com/au/en/about-us/media-center/kwm-covid-19-response-new-working-arrangements-for-australian-offices.html",
  "status": 200,
  "from": "sitemap-au (manual capture)"
 },
 {
  "url": "https://www.mallesons.com/au/en/about-us/media-center/kwm-digital-future-summit.html",
  "status": 200,
  "from": "sitemap-au (manual capture)"
 },
 {
  "url": "https://www.mallesons.com/au/en/about-us/media-center/kwm-expands-financial-services-regulatory-practice-with-new-lateral-hire.html",
  "status": 200,
  "from": "sitemap-au (manual capture)"
 },
 {
  "url": "https://www.mallesons.com/au/en/about-us/media-center/kwm-expands-its-industry-leading-digital-literacy-program.html",
  "status": 200,
  "from": "sitemap-au (manual capture)"
 },
 {
  "url": "https://www.mallesons.com/au/en/about-us/media-center/kwm-grateful-to-support-doomadgee-community-in-historic-partnership-agreement.html",
  "status": 200,
  "from": "sitemap-au (manual capture)"
 },
 {
  "url": "https://www.mallesons.com/au/en/about-us/media-center/kwm-guides-cornerstone-investor-in-grab-spac-merger.html",
  "status": 200,
  "from": "sitemap-au (manual capture)"
 },
 {
  "url": "https://www.mallesons.com/au/en/about-us/media-center/kwm-guides-nasdaq-listed-verra-mobility-acquisition-of-redflex.html",
  "status": 200,
  "from": "sitemap-au (manual capture)"
 },
 {
  "url": "https://www.mallesons.com/au/en/about-us/media-center/kwm-helps-csiro-bring-emission-reducing-cattle-feed-venture-to-market.html",
  "status": 200,
  "from": "sitemap-au (manual capture)"
 },
 {
  "url": "https://www.mallesons.com/au/en/about-us/media-center/kwm-helps-deliver-landmark-sustainability-linked-loan-for-sydney-airport.html",
  "status": 200,
  "from": "sitemap-au (manual capture)"
 },
 {
  "url": "https://www.mallesons.com/au/en/about-us/media-center/kwm-helps-endeavour-group-focus-on-future-with-successful-demerger.html",
  "status": 200,
  "from": "sitemap-au (manual capture)"
 },
 {
  "url": "https://www.mallesons.com/au/en/about-us/media-center/kwm-helps-kimberly-clark-outsource-supply-chain-network.html",
  "status": 200,
  "from": "sitemap-au (manual capture)"
 },
 {
  "url": "https://www.mallesons.com/au/en/about-us/media-center/kwm-helps-secure-appointment-of-sembcorp.html",
  "status": 200,
  "from": "sitemap-au (manual capture)"
 },
 {
  "url": "https://www.mallesons.com/au/en/about-us/media-center/kwm-helps-telstra-improve-mobile-network-quality-negotiating-spectrum-defragmentation.html",
  "status": 200,
  "from": "sitemap-au (manual capture)"
 },
 {
  "url": "https://www.mallesons.com/au/en/about-us/media-center/kwm-helps-the-cefc-reach-significant-renewable-landmark.html",
  "status": 200,
  "from": "sitemap-au (manual capture)"
 },
 {
  "url": "https://www.mallesons.com/au/en/about-us/media-center/kwm-helps-to-bring-australias-first-smartbank-to-market.html",
  "status": 200,
  "from": "sitemap-au (manual capture)"
 },
 {
  "url": "https://www.mallesons.com/au/en/about-us/media-center/kwm-helps-to-bring-the-next-stage-of-sydney-metro-to-financial-close.html",
  "status": 200,
  "from": "sitemap-au (manual capture)"
 },
 {
  "url": "https://www.mallesons.com/au/en/about-us/media-center/kwm-helps-victorian-building-communities-consortium-deliver-new-public-housing.html",
  "status": 200,
  "from": "sitemap-au (manual capture)"
 },
 {
  "url": "https://www.mallesons.com/au/en/about-us/media-center/kwm-invests-future-growth-new-promotions-australian-partnership.html",
  "status": 200,
  "from": "sitemap-au (manual capture)"
 },
 {
  "url": "https://www.mallesons.com/au/en/about-us/media-center/kwm-is-back-to-back-winner-in-fintech-australia-award.html",
  "status": 200,
  "from": "sitemap-au (manual capture)"
 },
 {
  "url": "https://www.mallesons.com/au/en/about-us/media-center/kwm-joins-the-metaverse-standards-forum-as-a-member.html",
  "status": 200,
  "from": "sitemap-au (manual capture)"
 },
 {
  "url": "https://www.mallesons.com/au/en/about-us/media-center/kwm-launches-2026-cpd-program-sprint-to-the-finish.html",
  "status": 200,
  "from": "sitemap-au (manual capture)"
 },
 {
  "url": "https://www.mallesons.com/au/en/about-us/media-center/kwm-launches-australias-first-virtual-law-internship.html",
  "status": 200,
  "from": "sitemap-au (manual capture)"
 },
 {
  "url": "https://www.mallesons.com/au/en/about-us/media-center/kwm-launches-inaugural-contemporary-atsi-art-prize.html",
  "status": 200,
  "from": "sitemap-au (manual capture)"
 },
 {
  "url": "https://www.mallesons.com/au/en/about-us/media-center/kwm-launches-indigenous-mentoring-program.html",
  "status": 200,
  "from": "sitemap-au (manual capture)"
 },
 {
  "url": "https://www.mallesons.com/au/en/about-us/media-center/kwm-launches-market-leading-paid-parental-leave-policy.html",
  "status": 200,
  "from": "sitemap-au (manual capture)"
 },
 {
  "url": "https://www.mallesons.com/au/en/about-us/media-center/kwm-launches-new-guide-for-investors-into-australia.html",
  "status": 200,
  "from": "sitemap-au (manual capture)"
 },
 {
  "url": "https://www.mallesons.com/au/en/about-us/media-center/kwm-launches-new-innovative-tool-diy-contracts.html",
  "status": 200,
  "from": "sitemap-au (manual capture)"
 },
 {
  "url": "https://www.mallesons.com/au/en/about-us/media-center/kwm-launches-next-a-publication-to-help-business-confront-environmental-and-societal-challenges.html",
  "status": 200,
  "from": "sitemap-au (manual capture)"
 },
 {
  "url": "https://www.mallesons.com/au/en/about-us/media-center/kwm-leads-2025-ma-legal-landscape.html",
  "status": 200,
  "from": "sitemap-au (manual capture)"
 },
 {
  "url": "https://www.mallesons.com/au/en/about-us/media-center/kwm-leads-in-chambers-asia-pacific-2020-guide.html",
  "status": 200,
  "from": "sitemap-au (manual capture)"
 },
 {
  "url": "https://www.mallesons.com/au/en/about-us/media-center/kwm-leads-key-merger-and-acquisitions-league-tables-for-h1-2025.html",
  "status": 200,
  "from": "sitemap-au (manual capture)"
 },
 {
  "url": "https://www.mallesons.com/au/en/about-us/media-center/kwm-leads-sell-side-on-kinetic-sale-to-tpg.html",
  "status": 200,
  "from": "sitemap-au (manual capture)"
 },
 {
  "url": "https://www.mallesons.com/au/en/about-us/media-center/kwm-maintains-position-as-a-leading-law-firm-in-asia.html",
  "status": 200,
  "from": "sitemap-au (manual capture)"
 },
 {
  "url": "https://www.mallesons.com/au/en/about-us/media-center/kwm-named-employer-of-choice-by-wgea.html",
  "status": 200,
  "from": "sitemap-au (manual capture)"
 },
 {
  "url": "https://www.mallesons.com/au/en/about-us/media-center/kwm-named-law-firm-year-best-lawyers.html",
  "status": 200,
  "from": "sitemap-au (manual capture)"
 },
 {
  "url": "https://www.mallesons.com/au/en/about-us/media-center/kwm-named-most-innovative-law-firm-in-asia-pacific.html",
  "status": 200,
  "from": "sitemap-au (manual capture)"
 },
 {
  "url": "https://www.mallesons.com/au/en/about-us/media-center/kwm-named-most-popular-overall-law-employer.html",
  "status": 200,
  "from": "sitemap-au (manual capture)"
 },
 {
  "url": "https://www.mallesons.com/au/en/about-us/media-center/kwm-named-wgea-employer-choice.html",
  "status": 200,
  "from": "sitemap-au (manual capture)"
 },
 {
  "url": "https://www.mallesons.com/au/en/about-us/media-center/kwm-obtains-successful-gafta-award.html",
  "status": 200,
  "from": "sitemap-au (manual capture)"
 },
 {
  "url": "https://www.mallesons.com/au/en/about-us/media-center/kwm-pacific-hydro-australian-first-renewable-energy-project.html",
  "status": 200,
  "from": "sitemap-au (manual capture)"
 },
 {
  "url": "https://www.mallesons.com/au/en/about-us/media-center/kwm-partner-appointed-takeovers-panel.html",
  "status": 200,
  "from": "sitemap-au (manual capture)"
 },
 {
  "url": "https://www.mallesons.com/au/en/about-us/media-center/kwm-partners-human-rights-law-centre-lgbti-equality.html",
  "status": 200,
  "from": "sitemap-au (manual capture)"
 },
 {
  "url": "https://www.mallesons.com/au/en/about-us/media-center/kwm-partners-uts-hatchery-accelerator.html",
  "status": 200,
  "from": "sitemap-au (manual capture)"
 },
 {
  "url": "https://www.mallesons.com/au/en/about-us/media-center/kwm-partners-with-isda-to-champion-the-development-of-smart-derivatives-contracts.html",
  "status": 200,
  "from": "sitemap-au (manual capture)"
 },
 {
  "url": "https://www.mallesons.com/au/en/about-us/media-center/kwm-partners-with-uts-to-deliver-student-designed-internship-for-indigenous-law-undergraduates.html",
  "status": 200,
  "from": "sitemap-au (manual capture)"
 },
 {
  "url": "https://www.mallesons.com/au/en/about-us/media-center/kwm-paves-road-hanson-acquisition.html",
  "status": 200,
  "from": "sitemap-au (manual capture)"
 },
 {
  "url": "https://www.mallesons.com/au/en/about-us/media-center/kwm-private-equity-team-advises-quadrant-on-its-investment-in-fullerton.html",
  "status": 200,
  "from": "sitemap-au (manual capture)"
 },
 {
  "url": "https://www.mallesons.com/au/en/about-us/media-center/kwm-promotes-11-special-cousel-and-52-senior-associates.html",
  "status": 200,
  "from": "sitemap-au (manual capture)"
 },
 {
  "url": "https://www.mallesons.com/au/en/about-us/media-center/kwm-promotes-13-to-the-australian-partnership.html",
  "status": 200,
  "from": "sitemap-au (manual capture)"
 },
 {
  "url": "https://www.mallesons.com/au/en/about-us/media-center/kwm-promotes-39-lawyers-in-australia.html",
  "status": 200,
  "from": "sitemap-au (manual capture)"
 },
 {
  "url": "https://www.mallesons.com/au/en/about-us/media-center/kwm-promotes-41-lawyers-to-global-partnership.html",
  "status": 200,
  "from": "sitemap-au (manual capture)"
 },
 {
  "url": "https://www.mallesons.com/au/en/about-us/media-center/kwm-promotes-77-across-our-legal-and-shared-services-teams.html",
  "status": 200,
  "from": "sitemap-au (manual capture)"
 },
 {
  "url": "https://www.mallesons.com/au/en/about-us/media-center/kwm-promotes-82-across-our-legal-and-shared-services-teams.html",
  "status": 200,
  "from": "sitemap-au (manual capture)"
 },
 {
  "url": "https://www.mallesons.com/au/en/about-us/media-center/kwm-promotes-83-across-our-legal-and-shared-services-teams.html",
  "status": 200,
  "from": "sitemap-au (manual capture)"
 },
 {
  "url": "https://www.mallesons.com/au/en/about-us/media-center/kwm-promotes-90-across-our-legal-and-shared-services-teams.html",
  "status": 200,
  "from": "sitemap-au (manual capture)"
 },
 {
  "url": "https://www.mallesons.com/au/en/about-us/media-center/kwm-promotes-four-to-the-australian-partnership.html",
  "status": 200,
  "from": "sitemap-au (manual capture)"
 },
 {
  "url": "https://www.mallesons.com/au/en/about-us/media-center/kwm-promotes-total-of-45-special-counsel-and-senior-associates-across-australia.html",
  "status": 200,
  "from": "sitemap-au (manual capture)"
 },
 {
  "url": "https://www.mallesons.com/au/en/about-us/media-center/kwm-provides-pro-bono-assistance-to-establish-cns.html",
  "status": 200,
  "from": "sitemap-au (manual capture)"
 },
 {
  "url": "https://www.mallesons.com/au/en/about-us/media-center/kwm-ranked-leading-international-firm-ma.html",
  "status": 200,
  "from": "sitemap-au (manual capture)"
 },
 {
  "url": "https://www.mallesons.com/au/en/about-us/media-center/kwm-ranks-first-in-the-2020-acritas-asia-pacific-brand-index.html",
  "status": 200,
  "from": "sitemap-au (manual capture)"
 },
 {
  "url": "https://www.mallesons.com/au/en/about-us/media-center/kwm-ranks-leader-apac-ma.html",
  "status": 200,
  "from": "sitemap-au (manual capture)"
 },
 {
  "url": "https://www.mallesons.com/au/en/about-us/media-center/kwm-re-appoints-renae-lattey-as-chief-executive-partner-australia.html",
  "status": 200,
  "from": "sitemap-au (manual capture)"
 },
 {
  "url": "https://www.mallesons.com/au/en/about-us/media-center/kwm-re-launches-pro-bono-and-community-program.html",
  "status": 200,
  "from": "sitemap-au (manual capture)"
 },
 {
  "url": "https://www.mallesons.com/au/en/about-us/media-center/kwm-receives-elite-global-recognition.html",
  "status": 200,
  "from": "sitemap-au (manual capture)"
 },
 {
  "url": "https://www.mallesons.com/au/en/about-us/media-center/kwm-recognised-as-chinese-and-australian-law-firm-of-the-year-for-2020.html",
  "status": 200,
  "from": "sitemap-au (manual capture)"
 },
 {
  "url": "https://www.mallesons.com/au/en/about-us/media-center/kwm-recognised-as-the-most-innovative-company.html",
  "status": 200,
  "from": "sitemap-au (manual capture)"
 },
 {
  "url": "https://www.mallesons.com/au/en/about-us/media-center/kwm-recognised-at-the-asia-pacific-ft-innovative-lawyer-award.html",
  "status": 200,
  "from": "sitemap-au (manual capture)"
 },
 {
  "url": "https://www.mallesons.com/au/en/about-us/media-center/kwm-recognised-australasian-law-awards.html",
  "status": 200,
  "from": "sitemap-au (manual capture)"
 },
 {
  "url": "https://www.mallesons.com/au/en/about-us/media-center/kwm-recognised-elite-firm.html",
  "status": 200,
  "from": "sitemap-au (manual capture)"
 },
 {
  "url": "https://www.mallesons.com/au/en/about-us/media-center/kwm-recognised-for-championing-workplace-giving-and-pro-bono-work.html",
  "status": 200,
  "from": "sitemap-au (manual capture)"
 },
 {
  "url": "https://www.mallesons.com/au/en/about-us/media-center/kwm-recognised-for-unique-greater-bay-area-initiative-financial-times-innovative-lawyers-awards.html",
  "status": 200,
  "from": "sitemap-au (manual capture)"
 },
 {
  "url": "https://www.mallesons.com/au/en/about-us/media-center/kwm-releases-latest-market-report.html",
  "status": 200,
  "from": "sitemap-au (manual capture)"
 },
 {
  "url": "https://www.mallesons.com/au/en/about-us/media-center/kwm-releases-market-report-on-australian-private-m-and-a-deals.html",
  "status": 200,
  "from": "sitemap-au (manual capture)"
 },
 {
  "url": "https://www.mallesons.com/au/en/about-us/media-center/kwm-represents-cardihab-spin-out-csiro-series-a-financing-round.html",
  "status": 200,
  "from": "sitemap-au (manual capture)"
 },
 {
  "url": "https://www.mallesons.com/au/en/about-us/media-center/kwm-represents-funds-advised-by-apax-on-milestone-acquisition-of-pickles-auctions.html",
  "status": 200,
  "from": "sitemap-au (manual capture)"
 },
 {
  "url": "https://www.mallesons.com/au/en/about-us/media-center/kwm-showcases-regional-strength-debt-restructuring.html",
  "status": 200,
  "from": "sitemap-au (manual capture)"
 },
 {
  "url": "https://www.mallesons.com/au/en/about-us/media-center/kwm-signs-up-strategic-transaction-for-amaysim-to-unlock-shareholder-value.html",
  "status": 200,
  "from": "sitemap-au (manual capture)"
 },
 {
  "url": "https://www.mallesons.com/au/en/about-us/media-center/kwm-strengthens-Employee-Relations-and-Safety-practice-with-team-of-industry-leading-specialists.html",
  "status": 200,
  "from": "sitemap-au (manual capture)"
 },
 {
  "url": "https://www.mallesons.com/au/en/about-us/media-center/kwm-strengthens-perth-offering-with-two-new-partner-appointments.html",
  "status": 200,
  "from": "sitemap-au (manual capture)"
 },
 {
  "url": "https://www.mallesons.com/au/en/about-us/media-center/kwm-succeeds-overturning-gene-gibson-conviction.html",
  "status": 200,
  "from": "sitemap-au (manual capture)"
 },
 {
  "url": "https://www.mallesons.com/au/en/about-us/media-center/kwm-suncorp-300-million-capital-notes-offer.html",
  "status": 200,
  "from": "sitemap-au (manual capture)"
 },
 {
  "url": "https://www.mallesons.com/au/en/about-us/media-center/kwm-sunshine-coast-airport-partnership.html",
  "status": 200,
  "from": "sitemap-au (manual capture)"
 },
 {
  "url": "https://www.mallesons.com/au/en/about-us/media-center/kwm-supports-incitec-pivots-successful-capital-raising.html",
  "status": 200,
  "from": "sitemap-au (manual capture)"
 },
 {
  "url": "https://www.mallesons.com/au/en/about-us/media-center/kwm-supports-parfs-sustainable-energy-future-new-acquisition.html",
  "status": 200,
  "from": "sitemap-au (manual capture)"
 },
 {
  "url": "https://www.mallesons.com/au/en/about-us/media-center/kwm-supports-the-first-successful-trade-on-of-a-commercial-construction-house.html",
  "status": 200,
  "from": "sitemap-au (manual capture)"
 },
 {
  "url": "https://www.mallesons.com/au/en/about-us/media-center/kwm-sweeps-2018-afr-client-choice-awards.html",
  "status": 200,
  "from": "sitemap-au (manual capture)"
 },
 {
  "url": "https://www.mallesons.com/au/en/about-us/media-center/kwm-sydney-activates-remote-working-measures-in-response-to-covid-19.html",
  "status": 200,
  "from": "sitemap-au (manual capture)"
 },
 {
  "url": "https://www.mallesons.com/au/en/about-us/media-center/kwm-sydney-airport-euro-note-issue.html",
  "status": 200,
  "from": "sitemap-au (manual capture)"
 },
 {
  "url": "https://www.mallesons.com/au/en/about-us/media-center/kwm-temenos-acquisition-rubik.html",
  "status": 200,
  "from": "sitemap-au (manual capture)"
 },
 {
  "url": "https://www.mallesons.com/au/en/about-us/media-center/kwm-tops-2024-syndicated-loans-league-tables.html",
  "status": 200,
  "from": "sitemap-au (manual capture)"
 },
 {
  "url": "https://www.mallesons.com/au/en/about-us/media-center/kwm-tops-2025-syndicated-loans-league-tables.html",
  "status": 200,
  "from": "sitemap-au (manual capture)"
 },
 {
  "url": "https://www.mallesons.com/au/en/about-us/media-center/kwm-tops-Q1-2025-m-and-a-league-tables.html",
  "status": 200,
  "from": "sitemap-au (manual capture)"
 },
 {
  "url": "https://www.mallesons.com/au/en/about-us/media-center/kwm-tops-australian-league-tables-in-q3.html",
  "status": 200,
  "from": "sitemap-au (manual capture)"
 },
 {
  "url": "https://www.mallesons.com/au/en/about-us/media-center/kwm-tops-legal-500-practice-rankings-in-asia-pacific.html",
  "status": 200,
  "from": "sitemap-au (manual capture)"
 },
 {
  "url": "https://www.mallesons.com/au/en/about-us/media-center/kwm-tops-m-and-a-league-tables-in-the-asia-pacific-in-q2.html",
  "status": 200,
  "from": "sitemap-au (manual capture)"
 },
 {
  "url": "https://www.mallesons.com/au/en/about-us/media-center/kwm-uts-legal-innovation.html",
  "status": 200,
  "from": "sitemap-au (manual capture)"
 },
 {
  "url": "https://www.mallesons.com/au/en/about-us/media-center/kwm-villa-world-simple-corporate-bonds-offering.html",
  "status": 200,
  "from": "sitemap-au (manual capture)"
 },
 {
  "url": "https://www.mallesons.com/au/en/about-us/media-center/kwm-welcomes-ten-lawyers-to-the-australian-partnership.html",
  "status": 200,
  "from": "sitemap-au (manual capture)"
 },
 {
  "url": "https://www.mallesons.com/au/en/about-us/media-center/kwm-wins-at-2018-workplace-giving-excellence-awards.html",
  "status": 200,
  "from": "sitemap-au (manual capture)"
 },
 {
  "url": "https://www.mallesons.com/au/en/about-us/media-center/kwm-wins-at-the-australasian-law-awards.html",
  "status": 200,
  "from": "sitemap-au (manual capture)"
 },
 {
  "url": "https://www.mallesons.com/au/en/about-us/media-center/kwm-wins-four-categories-australasian-law-awards.html",
  "status": 200,
  "from": "sitemap-au (manual capture)"
 },
 {
  "url": "https://www.mallesons.com/au/en/about-us/media-center/kwm-wins-inbound-m-and-a-legal-advisor-of-the-year.html",
  "status": 200,
  "from": "sitemap-au (manual capture)"
 },
 {
  "url": "https://www.mallesons.com/au/en/about-us/media-center/kwm-wins-knowledge-and-data-award-at-the-2025-ft-innovative-lawyers-awards-asia-pacific.html",
  "status": 200,
  "from": "sitemap-au (manual capture)"
 },
 {
  "url": "https://www.mallesons.com/au/en/about-us/media-center/kwm-wins-long-running-russian-vodka-trade-mark-case.html",
  "status": 200,
  "from": "sitemap-au (manual capture)"
 },
 {
  "url": "https://www.mallesons.com/au/en/about-us/media-center/kwm-wins-two-major-awards-asia-legal-awards-2021.html",
  "status": 200,
  "from": "sitemap-au (manual capture)"
 },
 {
  "url": "https://www.mallesons.com/au/en/about-us/media-center/kwm-works-on-significant-refinancing-for-australian-network-solution-provider.html",
  "status": 200,
  "from": "sitemap-au (manual capture)"
 },
 {
  "url": "https://www.mallesons.com/au/en/about-us/media-center/kwm-works-with-lion-on-the-sale-of-its-dairy-and-drinks-business.html",
  "status": 200,
  "from": "sitemap-au (manual capture)"
 },
 {
  "url": "https://www.mallesons.com/au/en/about-us/media-center/kwm-works-with-suncorp-to-raise-approximately-300-million.html",
  "status": 200,
  "from": "sitemap-au (manual capture)"
 },
 {
  "url": "https://www.mallesons.com/au/en/about-us/media-center/kwm-works-with-telstra-on-its-corporate-restructure.html",
  "status": 200,
  "from": "sitemap-au (manual capture)"
 },
 {
  "url": "https://www.mallesons.com/au/en/about-us/media-center/kwm_advises_goodman_on_its_up_to_4_billion_equity_raising.html",
  "status": 200,
  "from": "sitemap-au (manual capture)"
 },
 {
  "url": "https://www.mallesons.com/au/en/about-us/media-center/kwm_advises_mitsui_and_co_ltd_on_US_5_billion_acquisition_of_an_interest_in_Rhodes_Ridge_iron_ore_project.html",
  "status": 200,
  "from": "sitemap-au (manual capture)"
 },
 {
  "url": "https://www.mallesons.com/au/en/about-us/media-center/kwm_assists_capitaland_in_acquisition_of_australian_private_credit_provider_Wingate.html",
  "status": 200,
  "from": "sitemap-au (manual capture)"
 },
 {
  "url": "https://www.mallesons.com/au/en/about-us/media-center/kwms--ecm-team-helps-clients-secure-over-23-billion-in-capital-in-2020.html",
  "status": 200,
  "from": "sitemap-au (manual capture)"
 },
 {
  "url": "https://www.mallesons.com/au/en/about-us/media-center/kwms-ecm-team-helps-clients-secure-over-a94bn-in-capital-amid-covid-19.html",
  "status": 200,
  "from": "sitemap-au (manual capture)"
 },
 {
  "url": "https://www.mallesons.com/au/en/about-us/media-center/kwms-role-on-top-deals-drives-leading-position-in-2024-manda-league-tables.html",
  "status": 200,
  "from": "sitemap-au (manual capture)"
 },
 {
  "url": "https://www.mallesons.com/au/en/about-us/media-center/la-trobe-financial-partners-us-private-equity-giant.html",
  "status": 200,
  "from": "sitemap-au (manual capture)"
 },
 {
  "url": "https://www.mallesons.com/au/en/about-us/media-center/large-kwm-team-guides-westpacs-sale-of-its-general-insurance-business-to-allianz.html",
  "status": 200,
  "from": "sitemap-au (manual capture)"
 },
 {
  "url": "https://www.mallesons.com/au/en/about-us/media-center/law-in-order-cyber-security-incident-kwm-response.html",
  "status": 200,
  "from": "sitemap-au (manual capture)"
 },
 {
  "url": "https://www.mallesons.com/au/en/about-us/media-center/lawyers-weekly-partner-year-awards-tax-financial-services-banking-finance.html",
  "status": 200,
  "from": "sitemap-au (manual capture)"
 },
 {
  "url": "https://www.mallesons.com/au/en/about-us/media-center/leading-cross-border-partner-returns-to-kwm.html",
  "status": 200,
  "from": "sitemap-au (manual capture)"
 },
 {
  "url": "https://www.mallesons.com/au/en/about-us/media-center/lygon-blockchain-based-platform-to-transform-the-bank-guarantee-process.html",
  "status": 200,
  "from": "sitemap-au (manual capture)"
 },
 {
  "url": "https://www.mallesons.com/au/en/about-us/media-center/mallesons-advise-nextdc-on-a-2-2b-capital-raise-to-support-record-demand-for-data-centre-capacity.html",
  "status": 200,
  "from": "sitemap-au (manual capture)"
 },
 {
  "url": "https://www.mallesons.com/au/en/about-us/media-center/mallesons-advises-agbitech-on-its-sale-to-basf-agricultural-solutions.html",
  "status": 200,
  "from": "sitemap-au (manual capture)"
 },
 {
  "url": "https://www.mallesons.com/au/en/about-us/media-center/mallesons-advises-agl-on-major-western-australian-gas-generation-project.html",
  "status": 200,
  "from": "sitemap-au (manual capture)"
 },
 {
  "url": "https://www.mallesons.com/au/en/about-us/media-center/mallesons-advises-alphabet-on-record-breaking-a5-5-billion-australian-corporate-bond-issue.html",
  "status": 200,
  "from": "sitemap-au (manual capture)"
 },
 {
  "url": "https://www.mallesons.com/au/en/about-us/media-center/mallesons-advises-ausgrid-shareholders-on-multibillion-dollar-sale-of-plus-es-to-digitalbridge.html",
  "status": 200,
  "from": "sitemap-au (manual capture)"
 },
 {
  "url": "https://www.mallesons.com/au/en/about-us/media-center/mallesons-advises-birdwood-on-1-86-gwh-baranduda-electrical-energy-reserve.html",
  "status": 200,
  "from": "sitemap-au (manual capture)"
 },
 {
  "url": "https://www.mallesons.com/au/en/about-us/media-center/mallesons-advises-blackstone-led-consortium-on-a36-billion-financing-of-hsbc-australian-home-loan-portfolio.html",
  "status": 200,
  "from": "sitemap-au (manual capture)"
 },
 {
  "url": "https://www.mallesons.com/au/en/about-us/media-center/mallesons-advises-cba-on-scape-s-chippendale-student-accommodation-financing.html",
  "status": 200,
  "from": "sitemap-au (manual capture)"
 },
 {
  "url": "https://www.mallesons.com/au/en/about-us/media-center/mallesons-advises-cefc-on-a125m-cornerstone-commitment-to-a600-australian-ethical-growth-opportunities-fund.html",
  "status": 200,
  "from": "sitemap-au (manual capture)"
 },
 {
  "url": "https://www.mallesons.com/au/en/about-us/media-center/mallesons-advises-cefc-on-tasnetworks-financing-for-the-north-west-transmission-development.html",
  "status": 200,
  "from": "sitemap-au (manual capture)"
 },
 {
  "url": "https://www.mallesons.com/au/en/about-us/media-center/mallesons-advises-charter-hall-long-wale-reit-on-new-2billion-secured-debt-platform.html",
  "status": 200,
  "from": "sitemap-au (manual capture)"
 },
 {
  "url": "https://www.mallesons.com/au/en/about-us/media-center/mallesons-advises-dyno-nobel-on-strategic-fertilisers-exit.html",
  "status": 200,
  "from": "sitemap-au (manual capture)"
 },
 {
  "url": "https://www.mallesons.com/au/en/about-us/media-center/mallesons-advises-emr-and-adaro-on-us2-4bn-kestrel-sale-to-yancoal.html",
  "status": 200,
  "from": "sitemap-au (manual capture)"
 },
 {
  "url": "https://www.mallesons.com/au/en/about-us/media-center/mallesons-advises-financiers-on-us-1-4-billion-financing-for-yancoal-s-acquisition-of-kestrel-coal-mine.html",
  "status": 200,
  "from": "sitemap-au (manual capture)"
 },
 {
  "url": "https://www.mallesons.com/au/en/about-us/media-center/mallesons-advises-global-underwriting-syndicate-on-australian-component-of-spacex-s-landmark-us75-billion-ipo.html",
  "status": 200,
  "from": "sitemap-au (manual capture)"
 },
 {
  "url": "https://www.mallesons.com/au/en/about-us/media-center/mallesons-advises-greatland-on-a500-million-syndicated-debt-facilities.html",
  "status": 200,
  "from": "sitemap-au (manual capture)"
 },
 {
  "url": "https://www.mallesons.com/au/en/about-us/media-center/mallesons-advises-heidelberg-materials-on-completion-of-1-7b-maas-acquisition.html",
  "status": 200,
  "from": "sitemap-au (manual capture)"
 },
 {
  "url": "https://www.mallesons.com/au/en/about-us/media-center/mallesons-advises-heidelberg-materials-on-first-conditional-phase-1-clearance-under-new-merger-regime.html",
  "status": 200,
  "from": "sitemap-au (manual capture)"
 },
 {
  "url": "https://www.mallesons.com/au/en/about-us/media-center/mallesons-advises-heidelberg-materials-on-first-conditional-phase-1-clearance-under-new-merger.html",
  "status": 200,
  "from": "sitemap-au (manual capture)"
 },
 {
  "url": "https://www.mallesons.com/au/en/about-us/media-center/mallesons-advises-horizon-oil-limited-on-off-market-takeover-of-cue-energy-resources-limited.html",
  "status": 200,
  "from": "sitemap-au (manual capture)"
 },
 {
  "url": "https://www.mallesons.com/au/en/about-us/media-center/mallesons-advises-insignia-financial-on-implementation-of-a3-2b-cc-capital-scheme-of-arrangement.html",
  "status": 200,
  "from": "sitemap-au (manual capture)"
 },
 {
  "url": "https://www.mallesons.com/au/en/about-us/media-center/mallesons-advises-intera-renewables-on-their-acquisition-of-summerfield-bess.html",
  "status": 200,
  "from": "sitemap-au (manual capture)"
 },
 {
  "url": "https://www.mallesons.com/au/en/about-us/media-center/mallesons-advises-lightsource-bp-on-financial-close-of-glorit-solar-farm.html",
  "status": 200,
  "from": "sitemap-au (manual capture)"
 },
 {
  "url": "https://www.mallesons.com/au/en/about-us/media-center/mallesons-advises-mitsubishi-estate-asia-on-significant-victorian-housing-investment.html",
  "status": 200,
  "from": "sitemap-au (manual capture)"
 },
 {
  "url": "https://www.mallesons.com/au/en/about-us/media-center/mallesons-advises-new-hope-corporation-on-issue-of-300-million-convertible-notes-and-concurrent-repurchase-of-existing-notes.html",
  "status": 200,
  "from": "sitemap-au (manual capture)"
 },
 {
  "url": "https://www.mallesons.com/au/en/about-us/media-center/mallesons-advises-nextdc-on-1-billion-hybrid-securities-offer-to-support-data-centre-expansion.html",
  "status": 200,
  "from": "sitemap-au (manual capture)"
 },
 {
  "url": "https://www.mallesons.com/au/en/about-us/media-center/mallesons-advises-nextdc-on-a1-1-billion-convertible-notes-offering-to-support-ai-driven-data-centre-growth.html",
  "status": 200,
  "from": "sitemap-au (manual capture)"
 },
 {
  "url": "https://www.mallesons.com/au/en/about-us/media-center/mallesons-advises-on-a-4-95-billion-debt-financing-for-acquisition-of-qube.html",
  "status": 200,
  "from": "sitemap-au (manual capture)"
 },
 {
  "url": "https://www.mallesons.com/au/en/about-us/media-center/mallesons-advises-on-nsw-electricity-infrastructure-roadmap-tender-round-7-for-firming-long-term-energy-services-agreements.html",
  "status": 200,
  "from": "sitemap-au (manual capture)"
 },
 {
  "url": "https://www.mallesons.com/au/en/about-us/media-center/mallesons-advises-on-south-australias-firm-energy-reliability-mechanism-tender-round-1.html",
  "status": 200,
  "from": "sitemap-au (manual capture)"
 },
 {
  "url": "https://www.mallesons.com/au/en/about-us/media-center/mallesons-advises-oohmedia-limited-in-1-04-billion-acquisition-by-i-squared-capital.html",
  "status": 200,
  "from": "sitemap-au (manual capture)"
 },
 {
  "url": "https://www.mallesons.com/au/en/about-us/media-center/mallesons-advises-pepper-money-on-servicing-appointment-for-hsbcs-a36-billion-mortgage-portfolio.html",
  "status": 200,
  "from": "sitemap-au (manual capture)"
 },
 {
  "url": "https://www.mallesons.com/au/en/about-us/media-center/mallesons-advises-quadrant-on-investment-in-advanced-navigation.html",
  "status": 200,
  "from": "sitemap-au (manual capture)"
 },
 {
  "url": "https://www.mallesons.com/au/en/about-us/media-center/mallesons-advises-quinbrook-on-financing-for-stage-3-of-supernode-bess.html",
  "status": 200,
  "from": "sitemap-au (manual capture)"
 },
 {
  "url": "https://www.mallesons.com/au/en/about-us/media-center/mallesons-advises-ravenswood-gold-on-1-4-billion-refinancing-transaction.html",
  "status": 200,
  "from": "sitemap-au (manual capture)"
 },
 {
  "url": "https://www.mallesons.com/au/en/about-us/media-center/mallesons-advises-regis-resources-on-a-10-7-billion-gold-sector-merger-with-vault-minerals.html",
  "status": 200,
  "from": "sitemap-au (manual capture)"
 },
 {
  "url": "https://www.mallesons.com/au/en/about-us/media-center/mallesons-advises-sharon-ai-on-us-356-million-australian-gpu-financing.html",
  "status": 200,
  "from": "sitemap-au (manual capture)"
 },
 {
  "url": "https://www.mallesons.com/au/en/about-us/media-center/mallesons-advises-south32-on-us-5-6-billion-global-aluminium-portfolio-sale-to-alcoa.html",
  "status": 200,
  "from": "sitemap-au (manual capture)"
 },
 {
  "url": "https://www.mallesons.com/au/en/about-us/media-center/mallesons-advises-steadfast-group-on-a7-7-billion-acquisition-by-dragoneer-kkr-and-amwins.html",
  "status": 200,
  "from": "sitemap-au (manual capture)"
 },
 {
  "url": "https://www.mallesons.com/au/en/about-us/media-center/mallesons-advises-stockland-on-morgan-stanley-retail-partnership.html",
  "status": 200,
  "from": "sitemap-au (manual capture)"
 },
 {
  "url": "https://www.mallesons.com/au/en/about-us/media-center/mallesons-advises-the-lottery-corporation-on-landmark-40-year-licence-extension.html",
  "status": 200,
  "from": "sitemap-au (manual capture)"
 },
 {
  "url": "https://www.mallesons.com/au/en/about-us/media-center/mallesons-advises-westgold-on-600-million-unsecured-debt-facilities.html",
  "status": 200,
  "from": "sitemap-au (manual capture)"
 },
 {
  "url": "https://www.mallesons.com/au/en/about-us/media-center/mallesons-appoints-new-chair.html",
  "status": 200,
  "from": "sitemap-au (manual capture)"
 },
 {
  "url": "https://www.mallesons.com/au/en/about-us/media-center/mallesons-named-most-innovative-law-firm-in-asia-pacific-at-the-2026-financial-times-innovative-lawyers-awards.html",
  "status": 200,
  "from": "sitemap-au (manual capture)"
 },
 {
  "url": "https://www.mallesons.com/au/en/about-us/media-center/mallesons-promotes-70-across-our-legal-and-shared-services-teams.html",
  "status": 200,
  "from": "sitemap-au (manual capture)"
 },
 {
  "url": "https://www.mallesons.com/au/en/about-us/media-center/mallesons-promotes-9-to-partnership-in-firms-new-era.html",
  "status": 200,
  "from": "sitemap-au (manual capture)"
 },
 {
  "url": "https://www.mallesons.com/au/en/about-us/media-center/mallesons-ranked-1-for-m-and-a-by-value-in-australia-and-new-zealand-in-h1-2026.html",
  "status": 200,
  "from": "sitemap-au (manual capture)"
 },
 {
  "url": "https://www.mallesons.com/au/en/about-us/media-center/mallesons-recognised-across-four-leading-legal-benchmarks-in-2026.html",
  "status": 200,
  "from": "sitemap-au (manual capture)"
 },
 {
  "url": "https://www.mallesons.com/au/en/about-us/media-center/mallesons-strengthens-market-leading-tax-practice-with-appointme.html",
  "status": 200,
  "from": "sitemap-au (manual capture)"
 },
 {
  "url": "https://www.mallesons.com/au/en/about-us/media-center/mandatory-sustainability-reporting-in-practice.html",
  "status": 200,
  "from": "sitemap-au (manual capture)"
 },
 {
  "url": "https://www.mallesons.com/au/en/about-us/media-center/michelle-woody-announced-as-winner-of-2020-kwm-contemporary-first-nations-art-award.html",
  "status": 200,
  "from": "sitemap-au (manual capture)"
 },
 {
  "url": "https://www.mallesons.com/au/en/about-us/media-center/new-colombo-plan-2020-scholars.html",
  "status": 200,
  "from": "sitemap-au (manual capture)"
 },
 {
  "url": "https://www.mallesons.com/au/en/about-us/media-center/new-news-articlekwm-advises-on-ramsay-health-care-bock-trade-and-restructure-of-foundation.html",
  "status": 200,
  "from": "sitemap-au (manual capture)"
 },
 {
  "url": "https://www.mallesons.com/au/en/about-us/media-center/nicola-yeomans-joins-kwm.html",
  "status": 200,
  "from": "sitemap-au (manual capture)"
 },
 {
  "url": "https://www.mallesons.com/au/en/about-us/media-center/origin-energy-darling-downs-solar-farm-sale-apa-group.html",
  "status": 200,
  "from": "sitemap-au (manual capture)"
 },
 {
  "url": "https://www.mallesons.com/au/en/about-us/media-center/peoples-choice-winner-announced-for-contemporary-atsi-art-exhibition.html",
  "status": 200,
  "from": "sitemap-au (manual capture)"
 },
 {
  "url": "https://www.mallesons.com/au/en/about-us/media-center/pepper-accepts-kkr-takeover.html",
  "status": 200,
  "from": "sitemap-au (manual capture)"
 },
 {
  "url": "https://www.mallesons.com/au/en/about-us/media-center/powerful-partnership-closes-biggest-solar-deal-2017.html",
  "status": 200,
  "from": "sitemap-au (manual capture)"
 },
 {
  "url": "https://www.mallesons.com/au/en/about-us/media-center/private-equity-cashes-up-with-30-billion-war-chest.html",
  "status": 200,
  "from": "sitemap-au (manual capture)"
 },
 {
  "url": "https://www.mallesons.com/au/en/about-us/media-center/private_capital_dealmaking_points_to_global_appetite_for_australias_construction_sector.html",
  "status": 200,
  "from": "sitemap-au (manual capture)"
 },
 {
  "url": "https://www.mallesons.com/au/en/about-us/media-center/project-acacia-releases-findings.html",
  "status": 200,
  "from": "sitemap-au (manual capture)"
 },
 {
  "url": "https://www.mallesons.com/au/en/about-us/media-center/pwc-australias-tony-omalley-named-global-head-of-legal-services.html",
  "status": 200,
  "from": "sitemap-au (manual capture)"
 },
 {
  "url": "https://www.mallesons.com/au/en/about-us/media-center/quadrant-qscan-north-coast-radiology-acquisitions.html",
  "status": 200,
  "from": "sitemap-au (manual capture)"
 },
 {
  "url": "https://www.mallesons.com/au/en/about-us/media-center/qube-financial-close-moorebank-intermodal-project.html",
  "status": 200,
  "from": "sitemap-au (manual capture)"
 },
 {
  "url": "https://www.mallesons.com/au/en/about-us/media-center/reserve-bank-and-industry-partners-complete-wholesale-cbdc-research-project.html",
  "status": 200,
  "from": "sitemap-au (manual capture)"
 },
 {
  "url": "https://www.mallesons.com/au/en/about-us/media-center/silicon-quantum-computing-sells-quantum-computing-hardware-technology-to-unsw.html",
  "status": 200,
  "from": "sitemap-au (manual capture)"
 },
 {
  "url": "https://www.mallesons.com/au/en/about-us/media-center/singapore-gears-up-for-sustainable-long-term-growth.html",
  "status": 200,
  "from": "sitemap-au (manual capture)"
 },
 {
  "url": "https://www.mallesons.com/au/en/about-us/media-center/standing-strong-and-tall-together-kwm-launches-refreshed-community-impact-strategy.html",
  "status": 200,
  "from": "sitemap-au (manual capture)"
 },
 {
  "url": "https://www.mallesons.com/au/en/about-us/media-center/steve-baxters-transition-level-investments-backs-insidesherpa.html",
  "status": 200,
  "from": "sitemap-au (manual capture)"
 },
 {
  "url": "https://www.mallesons.com/au/en/about-us/media-center/sue-kench-named-executive-of-the-year.html",
  "status": 200,
  "from": "sitemap-au (manual capture)"
 },
 {
  "url": "https://www.mallesons.com/au/en/about-us/media-center/suncorp-capital-notes-2-offer-cps2.html",
  "status": 200,
  "from": "sitemap-au (manual capture)"
 },
 {
  "url": "https://www.mallesons.com/au/en/about-us/media-center/supportive-workplace-enrvironment-key-to-attracting-staff-kwm-says.html",
  "status": 200,
  "from": "sitemap-au (manual capture)"
 },
 {
  "url": "https://www.mallesons.com/au/en/about-us/media-center/taming-tiger-resources-australias-first-guarantor-scheme.html",
  "status": 200,
  "from": "sitemap-au (manual capture)"
 },
 {
  "url": "https://www.mallesons.com/au/en/about-us/media-center/taurus-funds-management-takeovers-panel-appeal.html",
  "status": 200,
  "from": "sitemap-au (manual capture)"
 },
 {
  "url": "https://www.mallesons.com/au/en/about-us/media-center/three-kwm-lawyers-recognised-lawyers-weekly-30-under-30.html",
  "status": 200,
  "from": "sitemap-au (manual capture)"
 },
 {
  "url": "https://www.mallesons.com/au/en/about-us/media-center/uq-teams-up-with-kwm-with-a-10000-prize-for-undergraduates.html",
  "status": 200,
  "from": "sitemap-au (manual capture)"
 },
 {
  "url": "https://www.mallesons.com/au/en/about-us/media-center/warwick-credit-union-at1-instruments.html",
  "status": 200,
  "from": "sitemap-au (manual capture)"
 },
 {
  "url": "https://www.mallesons.com/au/en/about-us/media-center/wattle-hill-rhc-funds-eco-farms-organic-food-investment.html",
  "status": 200,
  "from": "sitemap-au (manual capture)"
 },
 {
  "url": "https://www.mallesons.com/au/en/about-us/media-center/winners-announced-for-inaugural-contemporary-atsi-art-prize.html",
  "status": 200,
  "from": "sitemap-au (manual capture)"
 },
 {
  "url": "https://www.mallesons.com/au/en/about-us/responsible-business.html",
  "status": 200,
  "from": "sitemap-au (manual capture)"
 },
 {
  "url": "https://www.mallesons.com/au/en/about-us/responsible-business/mallesons-explore.html",
  "status": 200,
  "from": "sitemap-au (manual capture)"
 },
 {
  "url": "https://www.mallesons.com/au/en/aml-ctf-statement.html",
  "status": 200,
  "from": "sitemap-au (manual capture)"
 },
 {
  "url": "https://www.mallesons.com/au/en/careers.html",
  "status": 200,
  "from": "sitemap-au (manual capture)"
 },
 {
  "url": "https://www.mallesons.com/au/en/careers/graduates.html",
  "status": 200,
  "from": "sitemap-au (manual capture)"
 },
 {
  "url": "https://www.mallesons.com/au/en/careers/graduates/graduates-australia.html",
  "status": 200,
  "from": "sitemap-au (manual capture)"
 },
 {
  "url": "https://www.mallesons.com/au/en/careers/graduates/graduates-australia/first-second-third-year-law-students/insight-program.html",
  "status": 200,
  "from": "sitemap-au (manual capture)"
 },
 {
  "url": "https://www.mallesons.com/au/en/careers/graduates/graduates-australia/graduates.html",
  "status": 200,
  "from": "sitemap-au (manual capture)"
 },
 {
  "url": "https://www.mallesons.com/au/en/careers/graduates/graduates-australia/penultimate-year-law-students/clerkship-program.html",
  "status": 200,
  "from": "sitemap-au (manual capture)"
 },
 {
  "url": "https://www.mallesons.com/au/en/careers/graduates/graduates-singapore.html",
  "status": 200,
  "from": "sitemap-au (manual capture)"
 },
 {
  "url": "https://www.mallesons.com/au/en/careers/graduates/graduates-singapore/first-second-third-year-law-students/insight-program.html",
  "status": 200,
  "from": "sitemap-au (manual capture)"
 },
 {
  "url": "https://www.mallesons.com/au/en/careers/graduates/graduates-singapore/graduates.html",
  "status": 200,
  "from": "sitemap-au (manual capture)"
 },
 {
  "url": "https://www.mallesons.com/au/en/careers/graduates/graduates-singapore/penultimate-year-law-students/clerkship-program.html",
  "status": 200,
  "from": "sitemap-au (manual capture)"
 },
 {
  "url": "https://www.mallesons.com/au/en/careers/other-professionals.html",
  "status": 200,
  "from": "sitemap-au (manual capture)"
 },
 {
  "url": "https://www.mallesons.com/au/en/careers/other-professionals/other-professionals-australia.html",
  "status": 200,
  "from": "sitemap-au (manual capture)"
 },
 {
  "url": "https://www.mallesons.com/au/en/careers/other-professionals/other-professionals-singapore.html",
  "status": 200,
  "from": "sitemap-au (manual capture)"
 },
 {
  "url": "https://www.mallesons.com/au/en/careers/our-benefits.html",
  "status": 200,
  "from": "sitemap-au (manual capture)"
 },
 {
  "url": "https://www.mallesons.com/au/en/careers/qualified-lawyers.html",
  "status": 200,
  "from": "sitemap-au (manual capture)"
 },
 {
  "url": "https://www.mallesons.com/au/en/careers/qualified-lawyers/qualified-lawyers-australia.html",
  "status": 200,
  "from": "sitemap-au (manual capture)"
 },
 {
  "url": "https://www.mallesons.com/au/en/careers/qualified-lawyers/qualified-lawyers-australia/agency-information.html",
  "status": 200,
  "from": "sitemap-au (manual capture)"
 },
 {
  "url": "https://www.mallesons.com/au/en/careers/qualified-lawyers/qualified-lawyers-australia/applicant-privacy-notice.html",
  "status": 200,
  "from": "sitemap-au (manual capture)"
 },
 {
  "url": "https://www.mallesons.com/au/en/careers/qualified-lawyers/qualified-lawyers-australia/recruitment-agency-terms-australia-and-singapore.html",
  "status": 200,
  "from": "sitemap-au (manual capture)"
 },
 {
  "url": "https://www.mallesons.com/au/en/careers/qualified-lawyers/qualified-lawyers-australia/schedule-australia-2021.html",
  "status": 200,
  "from": "sitemap-au (manual capture)"
 },
 {
  "url": "https://www.mallesons.com/au/en/careers/qualified-lawyers/qualified-lawyers-australia/schedule-singapore-2021.html",
  "status": 200,
  "from": "sitemap-au (manual capture)"
 },
 {
  "url": "https://www.mallesons.com/au/en/careers/qualified-lawyers/qualified-lawyers-singapore.html",
  "status": 200,
  "from": "sitemap-au (manual capture)"
 },
 {
  "url": "https://www.mallesons.com/au/en/careers/qualified-lawyers/qualified-lawyers-singapore/agency-information.html",
  "status": 200,
  "from": "sitemap-au (manual capture)"
 },
 {
  "url": "https://www.mallesons.com/au/en/careers/qualified-lawyers/qualified-lawyers-singapore/applicant-privacy-notice.html",
  "status": 200,
  "from": "sitemap-au (manual capture)"
 },
 {
  "url": "https://www.mallesons.com/au/en/careers/qualified-lawyers/qualified-lawyers-singapore/recruitment-agency-terms-australia-and-singapore.html",
  "status": 200,
  "from": "sitemap-au (manual capture)"
 },
 {
  "url": "https://www.mallesons.com/au/en/careers/qualified-lawyers/qualified-lawyers-singapore/schedule-australia-2021.html",
  "status": 200,
  "from": "sitemap-au (manual capture)"
 },
 {
  "url": "https://www.mallesons.com/au/en/careers/qualified-lawyers/qualified-lawyers-singapore/schedule-singapore-2021.html",
  "status": 200,
  "from": "sitemap-au (manual capture)"
 },
 {
  "url": "https://www.mallesons.com/au/en/contact-us.html",
  "status": 200,
  "from": "sitemap-au (manual capture)"
 },
 {
  "url": "https://www.mallesons.com/au/en/contact-us/thank-you.html",
  "status": 200,
  "from": "sitemap-au (manual capture)"
 },
 {
  "url": "https://www.mallesons.com/au/en/expertise.html",
  "status": 200,
  "from": "sitemap-au (manual capture)"
 },
 {
  "url": "https://www.mallesons.com/au/en/expertise/practices.html",
  "status": 200,
  "from": "sitemap-au (manual capture)"
 },
 {
  "url": "https://www.mallesons.com/au/en/expertise/practices/banking-and-finance.html",
  "status": 200,
  "from": "sitemap-au (manual capture)"
 },
 {
  "url": "https://www.mallesons.com/au/en/expertise/practices/banking-and-finance/acquisition-and-leveraged-finance.html",
  "status": 200,
  "from": "sitemap-au (manual capture)"
 },
 {
  "url": "https://www.mallesons.com/au/en/expertise/practices/banking-and-finance/asset-and-aircraft-finance.html",
  "status": 200,
  "from": "sitemap-au (manual capture)"
 },
 {
  "url": "https://www.mallesons.com/au/en/expertise/practices/banking-and-finance/banking-and-financial-markets-regulation.html",
  "status": 200,
  "from": "sitemap-au (manual capture)"
 },
 {
  "url": "https://www.mallesons.com/au/en/expertise/practices/banking-and-finance/corporate-finance.html",
  "status": 200,
  "from": "sitemap-au (manual capture)"
 },
 {
  "url": "https://www.mallesons.com/au/en/expertise/practices/banking-and-finance/debt-capital-markets.html",
  "status": 200,
  "from": "sitemap-au (manual capture)"
 },
 {
  "url": "https://www.mallesons.com/au/en/expertise/practices/banking-and-finance/derivatives-and-structured-products.html",
  "status": 200,
  "from": "sitemap-au (manual capture)"
 },
 {
  "url": "https://www.mallesons.com/au/en/expertise/practices/banking-and-finance/digital-payments-and-virtual-assets.html",
  "status": 200,
  "from": "sitemap-au (manual capture)"
 },
 {
  "url": "https://www.mallesons.com/au/en/expertise/practices/banking-and-finance/digital-platforms-and-financial-market-infrastructure.html",
  "status": 200,
  "from": "sitemap-au (manual capture)"
 },
 {
  "url": "https://www.mallesons.com/au/en/expertise/practices/banking-and-finance/financial-crime.html",
  "status": 200,
  "from": "sitemap-au (manual capture)"
 },
 {
  "url": "https://www.mallesons.com/au/en/expertise/practices/banking-and-finance/funds-finance.html",
  "status": 200,
  "from": "sitemap-au (manual capture)"
 },
 {
  "url": "https://www.mallesons.com/au/en/expertise/practices/banking-and-finance/green-and-social-capital.html",
  "status": 200,
  "from": "sitemap-au (manual capture)"
 },
 {
  "url": "https://www.mallesons.com/au/en/expertise/practices/banking-and-finance/islamic-finance.html",
  "status": 200,
  "from": "sitemap-au (manual capture)"
 },
 {
  "url": "https://www.mallesons.com/au/en/expertise/practices/banking-and-finance/project-finance.html",
  "status": 200,
  "from": "sitemap-au (manual capture)"
 },
 {
  "url": "https://www.mallesons.com/au/en/expertise/practices/banking-and-finance/real-estate-finance.html",
  "status": 200,
  "from": "sitemap-au (manual capture)"
 },
 {
  "url": "https://www.mallesons.com/au/en/expertise/practices/banking-and-finance/regulatory-investigations.html",
  "status": 200,
  "from": "sitemap-au (manual capture)"
 },
 {
  "url": "https://www.mallesons.com/au/en/expertise/practices/banking-and-finance/trade-finance.html",
  "status": 200,
  "from": "sitemap-au (manual capture)"
 },
 {
  "url": "https://www.mallesons.com/au/en/expertise/practices/capital-markets.html",
  "status": 200,
  "from": "sitemap-au (manual capture)"
 },
 {
  "url": "https://www.mallesons.com/au/en/expertise/practices/capital-markets/debt-capital-markets.html",
  "status": 200,
  "from": "sitemap-au (manual capture)"
 },
 {
  "url": "https://www.mallesons.com/au/en/expertise/practices/capital-markets/equity-capital-markets.html",
  "status": 200,
  "from": "sitemap-au (manual capture)"
 },
 {
  "url": "https://www.mallesons.com/au/en/expertise/practices/capital-markets/hybrid-securities.html",
  "status": 200,
  "from": "sitemap-au (manual capture)"
 },
 {
  "url": "https://www.mallesons.com/au/en/expertise/practices/capital-markets/securitisation.html",
  "status": 200,
  "from": "sitemap-au (manual capture)"
 },
 {
  "url": "https://www.mallesons.com/au/en/expertise/practices/competition-and-antitrust.html",
  "status": 200,
  "from": "sitemap-au (manual capture)"
 },
 {
  "url": "https://www.mallesons.com/au/en/expertise/practices/competition-and-antitrust/abuse-of-dominance-and-market-power.html",
  "status": 200,
  "from": "sitemap-au (manual capture)"
 },
 {
  "url": "https://www.mallesons.com/au/en/expertise/practices/competition-and-antitrust/cartels-.html",
  "status": 200,
  "from": "sitemap-au (manual capture)"
 },
 {
  "url": "https://www.mallesons.com/au/en/expertise/practices/competition-and-antitrust/competition-and-consumer-protection-disputes.html",
  "status": 200,
  "from": "sitemap-au (manual capture)"
 },
 {
  "url": "https://www.mallesons.com/au/en/expertise/practices/competition-and-antitrust/consumer-protection.html",
  "status": 200,
  "from": "sitemap-au (manual capture)"
 },
 {
  "url": "https://www.mallesons.com/au/en/expertise/practices/competition-and-antitrust/merger-control.html",
  "status": 200,
  "from": "sitemap-au (manual capture)"
 },
 {
  "url": "https://www.mallesons.com/au/en/expertise/practices/competition-and-antitrust/product-liability.html",
  "status": 200,
  "from": "sitemap-au (manual capture)"
 },
 {
  "url": "https://www.mallesons.com/au/en/expertise/practices/competition-and-antitrust/regulatory-investigations.html",
  "status": 200,
  "from": "sitemap-au (manual capture)"
 },
 {
  "url": "https://www.mallesons.com/au/en/expertise/practices/competition-and-antitrust/vertical-agreements-and-distribution.html",
  "status": 200,
  "from": "sitemap-au (manual capture)"
 },
 {
  "url": "https://www.mallesons.com/au/en/expertise/practices/construction.html",
  "status": 200,
  "from": "sitemap-au (manual capture)"
 },
 {
  "url": "https://www.mallesons.com/au/en/expertise/practices/corporate-and-commercial.html",
  "status": 200,
  "from": "sitemap-au (manual capture)"
 },
 {
  "url": "https://www.mallesons.com/au/en/expertise/practices/corporate-and-commercial/anti-bribery-and-corruption.html",
  "status": 200,
  "from": "sitemap-au (manual capture)"
 },
 {
  "url": "https://www.mallesons.com/au/en/expertise/practices/corporate-and-commercial/commercial-contracts-and-outsourcing.html",
  "status": 200,
  "from": "sitemap-au (manual capture)"
 },
 {
  "url": "https://www.mallesons.com/au/en/expertise/practices/corporate-and-commercial/corporate-governance-advisory.html",
  "status": 200,
  "from": "sitemap-au (manual capture)"
 },
 {
  "url": "https://www.mallesons.com/au/en/expertise/practices/corporate-and-commercial/insurance-advisory.html",
  "status": 200,
  "from": "sitemap-au (manual capture)"
 },
 {
  "url": "https://www.mallesons.com/au/en/expertise/practices/digital-economy.html",
  "status": 200,
  "from": "sitemap-au (manual capture)"
 },
 {
  "url": "https://www.mallesons.com/au/en/expertise/practices/digital-economy/ai-and-new-technologies.html",
  "status": 200,
  "from": "sitemap-au (manual capture)"
 },
 {
  "url": "https://www.mallesons.com/au/en/expertise/practices/digital-economy/blockchain-and-virtual-assets.html",
  "status": 200,
  "from": "sitemap-au (manual capture)"
 },
 {
  "url": "https://www.mallesons.com/au/en/expertise/practices/digital-economy/cyber-security-and-data-breach.html",
  "status": 200,
  "from": "sitemap-au (manual capture)"
 },
 {
  "url": "https://www.mallesons.com/au/en/expertise/practices/digital-economy/data-protection-and-privacy.html",
  "status": 200,
  "from": "sitemap-au (manual capture)"
 },
 {
  "url": "https://www.mallesons.com/au/en/expertise/practices/digital-economy/data-strategy.html",
  "status": 200,
  "from": "sitemap-au (manual capture)"
 },
 {
  "url": "https://www.mallesons.com/au/en/expertise/practices/digital-economy/it-outsourcing.html",
  "status": 200,
  "from": "sitemap-au (manual capture)"
 },
 {
  "url": "https://www.mallesons.com/au/en/expertise/practices/dispute-resolution-and-litigation.html",
  "status": 200,
  "from": "sitemap-au (manual capture)"
 },
 {
  "url": "https://www.mallesons.com/au/en/expertise/practices/dispute-resolution-and-litigation/administrative-and-public-law.html",
  "status": 200,
  "from": "sitemap-au (manual capture)"
 },
 {
  "url": "https://www.mallesons.com/au/en/expertise/practices/dispute-resolution-and-litigation/class-actions.html",
  "status": 200,
  "from": "sitemap-au (manual capture)"
 },
 {
  "url": "https://www.mallesons.com/au/en/expertise/practices/dispute-resolution-and-litigation/climate-change-litigation.html",
  "status": 200,
  "from": "sitemap-au (manual capture)"
 },
 {
  "url": "https://www.mallesons.com/au/en/expertise/practices/dispute-resolution-and-litigation/commercial-disputes.html",
  "status": 200,
  "from": "sitemap-au (manual capture)"
 },
 {
  "url": "https://www.mallesons.com/au/en/expertise/practices/dispute-resolution-and-litigation/commissions-and-inquiries.html",
  "status": 200,
  "from": "sitemap-au (manual capture)"
 },
 {
  "url": "https://www.mallesons.com/au/en/expertise/practices/dispute-resolution-and-litigation/competition-and-consumer-protection-disputes.html",
  "status": 200,
  "from": "sitemap-au (manual capture)"
 },
 {
  "url": "https://www.mallesons.com/au/en/expertise/practices/dispute-resolution-and-litigation/construction-disputes.html",
  "status": 200,
  "from": "sitemap-au (manual capture)"
 },
 {
  "url": "https://www.mallesons.com/au/en/expertise/practices/dispute-resolution-and-litigation/corporate-crime.html",
  "status": 200,
  "from": "sitemap-au (manual capture)"
 },
 {
  "url": "https://www.mallesons.com/au/en/expertise/practices/dispute-resolution-and-litigation/financial-services-disputes.html",
  "status": 200,
  "from": "sitemap-au (manual capture)"
 },
 {
  "url": "https://www.mallesons.com/au/en/expertise/practices/dispute-resolution-and-litigation/intellectual-property-disputes.html",
  "status": 200,
  "from": "sitemap-au (manual capture)"
 },
 {
  "url": "https://www.mallesons.com/au/en/expertise/practices/dispute-resolution-and-litigation/international-arbitration.html",
  "status": 200,
  "from": "sitemap-au (manual capture)"
 },
 {
  "url": "https://www.mallesons.com/au/en/expertise/practices/dispute-resolution-and-litigation/product-liability.html",
  "status": 200,
  "from": "sitemap-au (manual capture)"
 },
 {
  "url": "https://www.mallesons.com/au/en/expertise/practices/dispute-resolution-and-litigation/professional-negligence-and-insurance.html",
  "status": 200,
  "from": "sitemap-au (manual capture)"
 },
 {
  "url": "https://www.mallesons.com/au/en/expertise/practices/dispute-resolution-and-litigation/real-estate-disputes.html",
  "status": 200,
  "from": "sitemap-au (manual capture)"
 },
 {
  "url": "https://www.mallesons.com/au/en/expertise/practices/dispute-resolution-and-litigation/regulatory-investigations.html",
  "status": 200,
  "from": "sitemap-au (manual capture)"
 },
 {
  "url": "https://www.mallesons.com/au/en/expertise/practices/dispute-resolution-and-litigation/tax-controversy-and-litigation.html",
  "status": 200,
  "from": "sitemap-au (manual capture)"
 },
 {
  "url": "https://www.mallesons.com/au/en/expertise/practices/dispute-resolution-and-litigation/workplace-health-and-safety.html",
  "status": 200,
  "from": "sitemap-au (manual capture)"
 },
 {
  "url": "https://www.mallesons.com/au/en/expertise/practices/energy-resources-and-infrastructure.html",
  "status": 200,
  "from": "sitemap-au (manual capture)"
 },
 {
  "url": "https://www.mallesons.com/au/en/expertise/practices/energy-resources-and-infrastructure/future-energy.html",
  "status": 200,
  "from": "sitemap-au (manual capture)"
 },
 {
  "url": "https://www.mallesons.com/au/en/expertise/practices/energy-resources-and-infrastructure/hybrid-infrastructure.html",
  "status": 200,
  "from": "sitemap-au (manual capture)"
 },
 {
  "url": "https://www.mallesons.com/au/en/expertise/practices/energy-resources-and-infrastructure/infrastructure.html",
  "status": 200,
  "from": "sitemap-au (manual capture)"
 },
 {
  "url": "https://www.mallesons.com/au/en/expertise/practices/energy-resources-and-infrastructure/mining-and-resources.html",
  "status": 200,
  "from": "sitemap-au (manual capture)"
 },
 {
  "url": "https://www.mallesons.com/au/en/expertise/practices/energy-resources-and-infrastructure/oil-and-gas.html",
  "status": 200,
  "from": "sitemap-au (manual capture)"
 },
 {
  "url": "https://www.mallesons.com/au/en/expertise/practices/energy-resources-and-infrastructure/ppp-and-pfi.html",
  "status": 200,
  "from": "sitemap-au (manual capture)"
 },
 {
  "url": "https://www.mallesons.com/au/en/expertise/practices/energy-resources-and-infrastructure/project-finance.html",
  "status": 200,
  "from": "sitemap-au (manual capture)"
 },
 {
  "url": "https://www.mallesons.com/au/en/expertise/practices/energy-resources-and-infrastructure/rail.html",
  "status": 200,
  "from": "sitemap-au (manual capture)"
 },
 {
  "url": "https://www.mallesons.com/au/en/expertise/practices/energy-resources-and-infrastructure/transport,ports,airports-and-logistics.html",
  "status": 200,
  "from": "sitemap-au (manual capture)"
 },
 {
  "url": "https://www.mallesons.com/au/en/expertise/practices/energy-resources-and-infrastructure/water-and-waste.html",
  "status": 200,
  "from": "sitemap-au (manual capture)"
 },
 {
  "url": "https://www.mallesons.com/au/en/expertise/practices/environmental-social-and-governance.html",
  "status": 200,
  "from": "sitemap-au (manual capture)"
 },
 {
  "url": "https://www.mallesons.com/au/en/expertise/practices/environmental-social-and-governance/business-and-human-rights.html",
  "status": 200,
  "from": "sitemap-au (manual capture)"
 },
 {
  "url": "https://www.mallesons.com/au/en/expertise/practices/environmental-social-and-governance/carbon-and-natural-capital-offering.html",
  "status": 200,
  "from": "sitemap-au (manual capture)"
 },
 {
  "url": "https://www.mallesons.com/au/en/expertise/practices/environmental-social-and-governance/climate-change-litigation.html",
  "status": 200,
  "from": "sitemap-au (manual capture)"
 },
 {
  "url": "https://www.mallesons.com/au/en/expertise/practices/environmental-social-and-governance/environmental-advisory.html",
  "status": 200,
  "from": "sitemap-au (manual capture)"
 },
 {
  "url": "https://www.mallesons.com/au/en/expertise/practices/environmental-social-and-governance/future-energy.html",
  "status": 200,
  "from": "sitemap-au (manual capture)"
 },
 {
  "url": "https://www.mallesons.com/au/en/expertise/practices/environmental-social-and-governance/green-and-social-capital.html",
  "status": 200,
  "from": "sitemap-au (manual capture)"
 },
 {
  "url": "https://www.mallesons.com/au/en/expertise/practices/environmental-social-and-governance/modern-slavery.html",
  "status": 200,
  "from": "sitemap-au (manual capture)"
 },
 {
  "url": "https://www.mallesons.com/au/en/expertise/practices/environmental-social-and-governance/risk-and-governance.html",
  "status": 200,
  "from": "sitemap-au (manual capture)"
 },
 {
  "url": "https://www.mallesons.com/au/en/expertise/practices/insurance.html",
  "status": 200,
  "from": "sitemap-au (manual capture)"
 },
 {
  "url": "https://www.mallesons.com/au/en/expertise/practices/intellectual-property.html",
  "status": 200,
  "from": "sitemap-au (manual capture)"
 },
 {
  "url": "https://www.mallesons.com/au/en/expertise/practices/intellectual-property/advertising-and-marketing.html",
  "status": 200,
  "from": "sitemap-au (manual capture)"
 },
 {
  "url": "https://www.mallesons.com/au/en/expertise/practices/intellectual-property/copyright.html",
  "status": 200,
  "from": "sitemap-au (manual capture)"
 },
 {
  "url": "https://www.mallesons.com/au/en/expertise/practices/intellectual-property/data-protection-and-privacy.html",
  "status": 200,
  "from": "sitemap-au (manual capture)"
 },
 {
  "url": "https://www.mallesons.com/au/en/expertise/practices/intellectual-property/designs.html",
  "status": 200,
  "from": "sitemap-au (manual capture)"
 },
 {
  "url": "https://www.mallesons.com/au/en/expertise/practices/intellectual-property/intellectual-property-disputes.html",
  "status": 200,
  "from": "sitemap-au (manual capture)"
 },
 {
  "url": "https://www.mallesons.com/au/en/expertise/practices/intellectual-property/ip-commercialisation-and-licensing.html",
  "status": 200,
  "from": "sitemap-au (manual capture)"
 },
 {
  "url": "https://www.mallesons.com/au/en/expertise/practices/intellectual-property/patents-and-trade-secrets.html",
  "status": 200,
  "from": "sitemap-au (manual capture)"
 },
 {
  "url": "https://www.mallesons.com/au/en/expertise/practices/intellectual-property/trade-marks.html",
  "status": 200,
  "from": "sitemap-au (manual capture)"
 },
 {
  "url": "https://www.mallesons.com/au/en/expertise/practices/international-trade.html",
  "status": 200,
  "from": "sitemap-au (manual capture)"
 },
 {
  "url": "https://www.mallesons.com/au/en/expertise/practices/international-trade/cross-border-investment.html",
  "status": 200,
  "from": "sitemap-au (manual capture)"
 },
 {
  "url": "https://www.mallesons.com/au/en/expertise/practices/international-trade/customs-and-shipping.html",
  "status": 200,
  "from": "sitemap-au (manual capture)"
 },
 {
  "url": "https://www.mallesons.com/au/en/expertise/practices/international-trade/international-arbitration.html",
  "status": 200,
  "from": "sitemap-au (manual capture)"
 },
 {
  "url": "https://www.mallesons.com/au/en/expertise/practices/international-trade/international-sanctions.html",
  "status": 200,
  "from": "sitemap-au (manual capture)"
 },
 {
  "url": "https://www.mallesons.com/au/en/expertise/practices/international-trade/international-tax.html",
  "status": 200,
  "from": "sitemap-au (manual capture)"
 },
 {
  "url": "https://www.mallesons.com/au/en/expertise/practices/international-trade/merger-control-.html",
  "status": 200,
  "from": "sitemap-au (manual capture)"
 },
 {
  "url": "https://www.mallesons.com/au/en/expertise/practices/international-trade/trade-finance.html",
  "status": 200,
  "from": "sitemap-au (manual capture)"
 },
 {
  "url": "https://www.mallesons.com/au/en/expertise/practices/international-trade/transfer-pricing-.html",
  "status": 200,
  "from": "sitemap-au (manual capture)"
 },
 {
  "url": "https://www.mallesons.com/au/en/expertise/practices/investigations-and-white-collar-crime.html",
  "status": 200,
  "from": "sitemap-au (manual capture)"
 },
 {
  "url": "https://www.mallesons.com/au/en/expertise/practices/investigations-and-white-collar-crime/anti-bribery-and-corruption.html",
  "status": 200,
  "from": "sitemap-au (manual capture)"
 },
 {
  "url": "https://www.mallesons.com/au/en/expertise/practices/investigations-and-white-collar-crime/business-and-human-rights.html",
  "status": 200,
  "from": "sitemap-au (manual capture)"
 },
 {
  "url": "https://www.mallesons.com/au/en/expertise/practices/investigations-and-white-collar-crime/commissions-and-inquires.html",
  "status": 200,
  "from": "sitemap-au (manual capture)"
 },
 {
  "url": "https://www.mallesons.com/au/en/expertise/practices/investigations-and-white-collar-crime/corporate-investigations.html",
  "status": 200,
  "from": "sitemap-au (manual capture)"
 },
 {
  "url": "https://www.mallesons.com/au/en/expertise/practices/investigations-and-white-collar-crime/international-sanctions.html",
  "status": 200,
  "from": "sitemap-au (manual capture)"
 },
 {
  "url": "https://www.mallesons.com/au/en/expertise/practices/investigations-and-white-collar-crime/modern-slavery.html",
  "status": 200,
  "from": "sitemap-au (manual capture)"
 },
 {
  "url": "https://www.mallesons.com/au/en/expertise/practices/investigations-and-white-collar-crime/parliamentary-inquiries.html",
  "status": 200,
  "from": "sitemap-au (manual capture)"
 },
 {
  "url": "https://www.mallesons.com/au/en/expertise/practices/investigations-and-white-collar-crime/regulatory-investigations.html",
  "status": 200,
  "from": "sitemap-au (manual capture)"
 },
 {
  "url": "https://www.mallesons.com/au/en/expertise/practices/investigations-and-white-collar-crime/whistleblowing.html",
  "status": 200,
  "from": "sitemap-au (manual capture)"
 },
 {
  "url": "https://www.mallesons.com/au/en/expertise/practices/investigations-and-white-collar-crime/white-collar-crime.html",
  "status": 200,
  "from": "sitemap-au (manual capture)"
 },
 {
  "url": "https://www.mallesons.com/au/en/expertise/practices/investigations-and-white-collar-crime/workplace-and-safety-investigations.html",
  "status": 200,
  "from": "sitemap-au (manual capture)"
 },
 {
  "url": "https://www.mallesons.com/au/en/expertise/practices/labour-and-employment.html",
  "status": 200,
  "from": "sitemap-au (manual capture)"
 },
 {
  "url": "https://www.mallesons.com/au/en/expertise/practices/labour-and-employment/employment.html",
  "status": 200,
  "from": "sitemap-au (manual capture)"
 },
 {
  "url": "https://www.mallesons.com/au/en/expertise/practices/labour-and-employment/executive-remuneration.html",
  "status": 200,
  "from": "sitemap-au (manual capture)"
 },
 {
  "url": "https://www.mallesons.com/au/en/expertise/practices/labour-and-employment/industrial-relations.html",
  "status": 200,
  "from": "sitemap-au (manual capture)"
 },
 {
  "url": "https://www.mallesons.com/au/en/expertise/practices/labour-and-employment/workplace-and-safety-investigations.html",
  "status": 200,
  "from": "sitemap-au (manual capture)"
 },
 {
  "url": "https://www.mallesons.com/au/en/expertise/practices/labour-and-employment/workplace-health-and-safety.html",
  "status": 200,
  "from": "sitemap-au (manual capture)"
 },
 {
  "url": "https://www.mallesons.com/au/en/expertise/practices/mergers-and-acquisitions.html",
  "status": 200,
  "from": "sitemap-au (manual capture)"
 },
 {
  "url": "https://www.mallesons.com/au/en/expertise/practices/mergers-and-acquisitions/cross-border-investment.html",
  "status": 200,
  "from": "sitemap-au (manual capture)"
 },
 {
  "url": "https://www.mallesons.com/au/en/expertise/practices/mergers-and-acquisitions/japanese-investment-in-australia.html",
  "status": 200,
  "from": "sitemap-au (manual capture)"
 },
 {
  "url": "https://www.mallesons.com/au/en/expertise/practices/mergers-and-acquisitions/private-equity.html",
  "status": 200,
  "from": "sitemap-au (manual capture)"
 },
 {
  "url": "https://www.mallesons.com/au/en/expertise/practices/native-title.html",
  "status": 200,
  "from": "sitemap-au (manual capture)"
 },
 {
  "url": "https://www.mallesons.com/au/en/expertise/practices/planning-and-environment.html",
  "status": 200,
  "from": "sitemap-au (manual capture)"
 },
 {
  "url": "https://www.mallesons.com/au/en/expertise/practices/private-capital.html",
  "status": 200,
  "from": "sitemap-au (manual capture)"
 },
 {
  "url": "https://www.mallesons.com/au/en/expertise/practices/private-capital/funds.html",
  "status": 200,
  "from": "sitemap-au (manual capture)"
 },
 {
  "url": "https://www.mallesons.com/au/en/expertise/practices/private-capital/infrastructure.html",
  "status": 200,
  "from": "sitemap-au (manual capture)"
 },
 {
  "url": "https://www.mallesons.com/au/en/expertise/practices/private-capital/private-equity.html",
  "status": 200,
  "from": "sitemap-au (manual capture)"
 },
 {
  "url": "https://www.mallesons.com/au/en/expertise/practices/private-capital/real-estate.html",
  "status": 200,
  "from": "sitemap-au (manual capture)"
 },
 {
  "url": "https://www.mallesons.com/au/en/expertise/practices/private-capital/social-impact-investing.html",
  "status": 200,
  "from": "sitemap-au (manual capture)"
 },
 {
  "url": "https://www.mallesons.com/au/en/expertise/practices/private-capital/superannuation-pension-funds-and-sovereign-wealth-funds.html",
  "status": 200,
  "from": "sitemap-au (manual capture)"
 },
 {
  "url": "https://www.mallesons.com/au/en/expertise/practices/private-capital/venture-capital.html",
  "status": 200,
  "from": "sitemap-au (manual capture)"
 },
 {
  "url": "https://www.mallesons.com/au/en/expertise/practices/real-estate.html",
  "status": 200,
  "from": "sitemap-au (manual capture)"
 },
 {
  "url": "https://www.mallesons.com/au/en/expertise/practices/real-estate/real-estate-development.html",
  "status": 200,
  "from": "sitemap-au (manual capture)"
 },
 {
  "url": "https://www.mallesons.com/au/en/expertise/practices/real-estate/real-estate-disputes.html",
  "status": 200,
  "from": "sitemap-au (manual capture)"
 },
 {
  "url": "https://www.mallesons.com/au/en/expertise/practices/real-estate/real-estate-finance.html",
  "status": 200,
  "from": "sitemap-au (manual capture)"
 },
 {
  "url": "https://www.mallesons.com/au/en/expertise/practices/real-estate/real-estate-funds.html",
  "status": 200,
  "from": "sitemap-au (manual capture)"
 },
 {
  "url": "https://www.mallesons.com/au/en/expertise/practices/real-estate/real-estate-investment.html",
  "status": 200,
  "from": "sitemap-au (manual capture)"
 },
 {
  "url": "https://www.mallesons.com/au/en/expertise/practices/real-estate/real-estate-m-and-a.html",
  "status": 200,
  "from": "sitemap-au (manual capture)"
 },
 {
  "url": "https://www.mallesons.com/au/en/expertise/practices/real-estate/real-estate-tax.html",
  "status": 200,
  "from": "sitemap-au (manual capture)"
 },
 {
  "url": "https://www.mallesons.com/au/en/expertise/practices/restructuring-and-insolvency.html",
  "status": 200,
  "from": "sitemap-au (manual capture)"
 },
 {
  "url": "https://www.mallesons.com/au/en/expertise/practices/tax.html",
  "status": 200,
  "from": "sitemap-au (manual capture)"
 },
 {
  "url": "https://www.mallesons.com/au/en/expertise/practices/tax/corporate-tax.html",
  "status": 200,
  "from": "sitemap-au (manual capture)"
 },
 {
  "url": "https://www.mallesons.com/au/en/expertise/practices/tax/employment-related-tax-and-incentives.html",
  "status": 200,
  "from": "sitemap-au (manual capture)"
 },
 {
  "url": "https://www.mallesons.com/au/en/expertise/practices/tax/funds-structuring.html",
  "status": 200,
  "from": "sitemap-au (manual capture)"
 },
 {
  "url": "https://www.mallesons.com/au/en/expertise/practices/tax/infrastructure-tax.html",
  "status": 200,
  "from": "sitemap-au (manual capture)"
 },
 {
  "url": "https://www.mallesons.com/au/en/expertise/practices/tax/international-tax.html",
  "status": 200,
  "from": "sitemap-au (manual capture)"
 },
 {
  "url": "https://www.mallesons.com/au/en/expertise/practices/tax/private-client-tax,wealth,family-offices-and-estates.html",
  "status": 200,
  "from": "sitemap-au (manual capture)"
 },
 {
  "url": "https://www.mallesons.com/au/en/expertise/practices/tax/real-estate-tax.html",
  "status": 200,
  "from": "sitemap-au (manual capture)"
 },
 {
  "url": "https://www.mallesons.com/au/en/expertise/practices/tax/stamp-duty-and-gst.html",
  "status": 200,
  "from": "sitemap-au (manual capture)"
 },
 {
  "url": "https://www.mallesons.com/au/en/expertise/practices/tax/superannuation-tax.html",
  "status": 200,
  "from": "sitemap-au (manual capture)"
 },
 {
  "url": "https://www.mallesons.com/au/en/expertise/practices/tax/tax-controversy-and-litigation.html",
  "status": 200,
  "from": "sitemap-au (manual capture)"
 },
 {
  "url": "https://www.mallesons.com/au/en/expertise/practices/tax/transfer-pricing.html",
  "status": 200,
  "from": "sitemap-au (manual capture)"
 },
 {
  "url": "https://www.mallesons.com/au/en/expertise/sectors.html",
  "status": 200,
  "from": "sitemap-au (manual capture)"
 },
 {
  "url": "https://www.mallesons.com/au/en/expertise/sectors/automotive-manufacturing-and-industrials.html",
  "status": 200,
  "from": "sitemap-au (manual capture)"
 },
 {
  "url": "https://www.mallesons.com/au/en/expertise/sectors/consumer-and-retail.html",
  "status": 200,
  "from": "sitemap-au (manual capture)"
 },
 {
  "url": "https://www.mallesons.com/au/en/expertise/sectors/energy-resources-and-infrastructure.html",
  "status": 200,
  "from": "sitemap-au (manual capture)"
 },
 {
  "url": "https://www.mallesons.com/au/en/expertise/sectors/energy-resources-and-infrastructure/electricity-renewables-and-energy-transition.html",
  "status": 200,
  "from": "sitemap-au (manual capture)"
 },
 {
  "url": "https://www.mallesons.com/au/en/expertise/sectors/energy-resources-and-infrastructure/infrastructure-and-transport.html",
  "status": 200,
  "from": "sitemap-au (manual capture)"
 },
 {
  "url": "https://www.mallesons.com/au/en/expertise/sectors/energy-resources-and-infrastructure/mining-and-resources.html",
  "status": 200,
  "from": "sitemap-au (manual capture)"
 },
 {
  "url": "https://www.mallesons.com/au/en/expertise/sectors/energy-resources-and-infrastructure/oil-and-gas.html",
  "status": 200,
  "from": "sitemap-au (manual capture)"
 },
 {
  "url": "https://www.mallesons.com/au/en/expertise/sectors/energy-resources-and-infrastructure/water-and-waste.html",
  "status": 200,
  "from": "sitemap-au (manual capture)"
 },
 {
  "url": "https://www.mallesons.com/au/en/expertise/sectors/financial-services.html",
  "status": 200,
  "from": "sitemap-au (manual capture)"
 },
 {
  "url": "https://www.mallesons.com/au/en/expertise/sectors/financial-services/banks.html",
  "status": 200,
  "from": "sitemap-au (manual capture)"
 },
 {
  "url": "https://www.mallesons.com/au/en/expertise/sectors/financial-services/fintech.html",
  "status": 200,
  "from": "sitemap-au (manual capture)"
 },
 {
  "url": "https://www.mallesons.com/au/en/expertise/sectors/financial-services/insurance-and-reinsurance.html",
  "status": 200,
  "from": "sitemap-au (manual capture)"
 },
 {
  "url": "https://www.mallesons.com/au/en/expertise/sectors/financial-services/investment-and-asset-management.html",
  "status": 200,
  "from": "sitemap-au (manual capture)"
 },
 {
  "url": "https://www.mallesons.com/au/en/expertise/sectors/financial-services/investment-banks.html",
  "status": 200,
  "from": "sitemap-au (manual capture)"
 },
 {
  "url": "https://www.mallesons.com/au/en/expertise/sectors/financial-services/multilateral-and-government-financial-institutions.html",
  "status": 200,
  "from": "sitemap-au (manual capture)"
 },
 {
  "url": "https://www.mallesons.com/au/en/expertise/sectors/financial-services/non-bank-lenders.html",
  "status": 200,
  "from": "sitemap-au (manual capture)"
 },
 {
  "url": "https://www.mallesons.com/au/en/expertise/sectors/financial-services/professional-services.html",
  "status": 200,
  "from": "sitemap-au (manual capture)"
 },
 {
  "url": "https://www.mallesons.com/au/en/expertise/sectors/financial-services/superannuation.html",
  "status": 200,
  "from": "sitemap-au (manual capture)"
 },
 {
  "url": "https://www.mallesons.com/au/en/expertise/sectors/food-and-agribusiness.html",
  "status": 200,
  "from": "sitemap-au (manual capture)"
 },
 {
  "url": "https://www.mallesons.com/au/en/expertise/sectors/government-and-public.html",
  "status": 200,
  "from": "sitemap-au (manual capture)"
 },
 {
  "url": "https://www.mallesons.com/au/en/expertise/sectors/healthcare-and-pharmaceuticals.html",
  "status": 200,
  "from": "sitemap-au (manual capture)"
 },
 {
  "url": "https://www.mallesons.com/au/en/expertise/sectors/healthcare-and-pharmaceuticals/biotechnology.html",
  "status": 200,
  "from": "sitemap-au (manual capture)"
 },
 {
  "url": "https://www.mallesons.com/au/en/expertise/sectors/healthcare-and-pharmaceuticals/health-insurance.html",
  "status": 200,
  "from": "sitemap-au (manual capture)"
 },
 {
  "url": "https://www.mallesons.com/au/en/expertise/sectors/healthcare-and-pharmaceuticals/healthcare-services.html",
  "status": 200,
  "from": "sitemap-au (manual capture)"
 },
 {
  "url": "https://www.mallesons.com/au/en/expertise/sectors/healthcare-and-pharmaceuticals/medical-devices.html",
  "status": 200,
  "from": "sitemap-au (manual capture)"
 },
 {
  "url": "https://www.mallesons.com/au/en/expertise/sectors/healthcare-and-pharmaceuticals/pharmaceuticals.html",
  "status": 200,
  "from": "sitemap-au (manual capture)"
 },
 {
  "url": "https://www.mallesons.com/au/en/expertise/sectors/real-estate.html",
  "status": 200,
  "from": "sitemap-au (manual capture)"
 },
 {
  "url": "https://www.mallesons.com/au/en/expertise/sectors/real-estate/build-to-rent-and-multifamily-housing.html",
  "status": 200,
  "from": "sitemap-au (manual capture)"
 },
 {
  "url": "https://www.mallesons.com/au/en/expertise/sectors/real-estate/commercial-office-real-estate.html",
  "status": 200,
  "from": "sitemap-au (manual capture)"
 },
 {
  "url": "https://www.mallesons.com/au/en/expertise/sectors/real-estate/data-centres.html",
  "status": 200,
  "from": "sitemap-au (manual capture)"
 },
 {
  "url": "https://www.mallesons.com/au/en/expertise/sectors/real-estate/healthcare-real-estate.html",
  "status": 200,
  "from": "sitemap-au (manual capture)"
 },
 {
  "url": "https://www.mallesons.com/au/en/expertise/sectors/real-estate/hotels-and-leisure-and-gaming.html",
  "status": 200,
  "from": "sitemap-au (manual capture)"
 },
 {
  "url": "https://www.mallesons.com/au/en/expertise/sectors/real-estate/industrial-real-estate.html",
  "status": 200,
  "from": "sitemap-au (manual capture)"
 },
 {
  "url": "https://www.mallesons.com/au/en/expertise/sectors/real-estate/manufactured-housing.html",
  "status": 200,
  "from": "sitemap-au (manual capture)"
 },
 {
  "url": "https://www.mallesons.com/au/en/expertise/sectors/real-estate/retail-real-estate.html",
  "status": 200,
  "from": "sitemap-au (manual capture)"
 },
 {
  "url": "https://www.mallesons.com/au/en/expertise/sectors/real-estate/retirement-and-aged-care-real-estate.html",
  "status": 200,
  "from": "sitemap-au (manual capture)"
 },
 {
  "url": "https://www.mallesons.com/au/en/expertise/sectors/real-estate/social-and-affordable-housing.html",
  "status": 200,
  "from": "sitemap-au (manual capture)"
 },
 {
  "url": "https://www.mallesons.com/au/en/expertise/sectors/real-estate/student-accommodation.html",
  "status": 200,
  "from": "sitemap-au (manual capture)"
 },
 {
  "url": "https://www.mallesons.com/au/en/expertise/sectors/real-estate/urban-regeneration.html",
  "status": 200,
  "from": "sitemap-au (manual capture)"
 },
 {
  "url": "https://www.mallesons.com/au/en/expertise/sectors/telecommunications-media-entertainment-and-technology.html",
  "status": 200,
  "from": "sitemap-au (manual capture)"
 },
 {
  "url": "https://www.mallesons.com/au/en/expertise/sectors/telecommunications-media-entertainment-and-technology/advertising.html",
  "status": 200,
  "from": "sitemap-au (manual capture)"
 },
 {
  "url": "https://www.mallesons.com/au/en/expertise/sectors/telecommunications-media-entertainment-and-technology/digital-commerce.html",
  "status": 200,
  "from": "sitemap-au (manual capture)"
 },
 {
  "url": "https://www.mallesons.com/au/en/expertise/sectors/telecommunications-media-entertainment-and-technology/entertainment.html",
  "status": 200,
  "from": "sitemap-au (manual capture)"
 },
 {
  "url": "https://www.mallesons.com/au/en/expertise/sectors/telecommunications-media-entertainment-and-technology/media.html",
  "status": 200,
  "from": "sitemap-au (manual capture)"
 },
 {
  "url": "https://www.mallesons.com/au/en/expertise/sectors/telecommunications-media-entertainment-and-technology/space.html",
  "status": 200,
  "from": "sitemap-au (manual capture)"
 },
 {
  "url": "https://www.mallesons.com/au/en/expertise/sectors/telecommunications-media-entertainment-and-technology/technology.html",
  "status": 200,
  "from": "sitemap-au (manual capture)"
 },
 {
  "url": "https://www.mallesons.com/au/en/expertise/sectors/telecommunications-media-entertainment-and-technology/telecommunications.html",
  "status": 200,
  "from": "sitemap-au (manual capture)"
 },
 {
  "url": "https://www.mallesons.com/au/en/expertise/solutions/crisis-management.html",
  "status": 200,
  "from": "sitemap-au (manual capture)"
 },
 {
  "url": "https://www.mallesons.com/au/en/expertise/solutions/crisis-management/corporate-crime-and-misconduct.html",
  "status": 200,
  "from": "sitemap-au (manual capture)"
 },
 {
  "url": "https://www.mallesons.com/au/en/expertise/solutions/crisis-management/environmental-incidents.html",
  "status": 200,
  "from": "sitemap-au (manual capture)"
 },
 {
  "url": "https://www.mallesons.com/au/en/expertise/solutions/crisis-management/regulatory-investigations-and-dawn-raids.html",
  "status": 200,
  "from": "sitemap-au (manual capture)"
 },
 {
  "url": "https://www.mallesons.com/au/en/expertise/solutions/governance-solutions-for-todays-world.html",
  "status": 200,
  "from": "sitemap-au (manual capture)"
 },
 {
  "url": "https://www.mallesons.com/au/en/expertise/solutions/governance-solutions-for-todays-world/agm-assistance.html",
  "status": 200,
  "from": "sitemap-au (manual capture)"
 },
 {
  "url": "https://www.mallesons.com/au/en/expertise/solutions/governance-solutions-for-todays-world/climate-sustainability-governance-and-reporting.html",
  "status": 200,
  "from": "sitemap-au (manual capture)"
 },
 {
  "url": "https://www.mallesons.com/au/en/expertise/solutions/governance-solutions-for-todays-world/corporate-governance-health-check.html",
  "status": 200,
  "from": "sitemap-au (manual capture)"
 },
 {
  "url": "https://www.mallesons.com/au/en/expertise/solutions/governance-solutions-for-todays-world/esg-due-diligence.html",
  "status": 200,
  "from": "sitemap-au (manual capture)"
 },
 {
  "url": "https://www.mallesons.com/au/en/expertise/solutions/governance-solutions-for-todays-world/far-implementation---getting-ready.html",
  "status": 200,
  "from": "sitemap-au (manual capture)"
 },
 {
  "url": "https://www.mallesons.com/au/en/expertise/solutions/governance-solutions-for-todays-world/tax-governance.html",
  "status": 200,
  "from": "sitemap-au (manual capture)"
 },
 {
  "url": "https://www.mallesons.com/au/en/expertise/solutions/governance-solutions-for-todays-world/workplace-compliance-review---respect-work.html",
  "status": 200,
  "from": "sitemap-au (manual capture)"
 },
 {
  "url": "https://www.mallesons.com/au/en/expertise/solutions/innovation-at-mallesons.html",
  "status": 200,
  "from": "sitemap-au (manual capture)"
 },
 {
  "url": "https://www.mallesons.com/au/en/expertise/solutions/innovation-at-mallesons/our-approach-to-generative-ai.html",
  "status": 200,
  "from": "sitemap-au (manual capture)"
 },
 {
  "url": "https://www.mallesons.com/au/en/home.html",
  "status": 200,
  "from": "sitemap-au (manual capture)"
 },
 {
  "url": "https://www.mallesons.com/au/en/insights.html",
  "status": 200,
  "from": "sitemap-au (manual capture)"
 },
 {
  "url": "https://www.mallesons.com/au/en/insights/latest-thinking.html",
  "status": 200,
  "from": "sitemap-au (manual capture)"
 },
 {
  "url": "https://www.mallesons.com/au/en/insights/latest-thinking/-queensland-energy-roadmap-2025.html",
  "status": 200,
  "from": "sitemap-au (manual capture)"
 },
 {
  "url": "https://www.mallesons.com/au/en/insights/latest-thinking/2023-30-cyber-security-strategy-legislative-reforms.html",
  "status": 200,
  "from": "sitemap-au (manual capture)"
 },
 {
  "url": "https://www.mallesons.com/au/en/insights/latest-thinking/2023-agm-trends-and-what-to-expect-in-the-upcoming-season.html",
  "status": 200,
  "from": "sitemap-au (manual capture)"
 },
 {
  "url": "https://www.mallesons.com/au/en/insights/latest-thinking/2023-employment-wrap-up-for-agribusiness.html",
  "status": 200,
  "from": "sitemap-au (manual capture)"
 },
 {
  "url": "https://www.mallesons.com/au/en/insights/latest-thinking/2023-leveraged-finance-year-in-review.html",
  "status": 200,
  "from": "sitemap-au (manual capture)"
 },
 {
  "url": "https://www.mallesons.com/au/en/insights/latest-thinking/2024-agms-gentle-ripples-above-strong-currents-underneath.html",
  "status": 200,
  "from": "sitemap-au (manual capture)"
 },
 {
  "url": "https://www.mallesons.com/au/en/insights/latest-thinking/2024-leveraged-finance-year-in-review.html",
  "status": 200,
  "from": "sitemap-au (manual capture)"
 },
 {
  "url": "https://www.mallesons.com/au/en/insights/latest-thinking/2025-federal-election-all-stop-for-the-caretaker.html",
  "status": 200,
  "from": "sitemap-au (manual capture)"
 },
 {
  "url": "https://www.mallesons.com/au/en/insights/latest-thinking/2025-leveraged-finance-year-in-review-what-it-sounds-like.html",
  "status": 200,
  "from": "sitemap-au (manual capture)"
 },
 {
  "url": "https://www.mallesons.com/au/en/insights/latest-thinking/2026-27-state-and-territory-budgets-stamp-duty-land-tax-and-payroll-tax.html",
  "status": 200,
  "from": "sitemap-au (manual capture)"
 },
 {
  "url": "https://www.mallesons.com/au/en/insights/latest-thinking/2026-agm-season-lessons-so-far.html",
  "status": 200,
  "from": "sitemap-au (manual capture)"
 },
 {
  "url": "https://www.mallesons.com/au/en/insights/latest-thinking/5-critical-things-for-the-consumer-data-right-in-2023.html",
  "status": 200,
  "from": "sitemap-au (manual capture)"
 },
 {
  "url": "https://www.mallesons.com/au/en/insights/latest-thinking/5-key-considerations-to-think-about-when-investing-in-artificial-intelligence.html",
  "status": 200,
  "from": "sitemap-au (manual capture)"
 },
 {
  "url": "https://www.mallesons.com/au/en/insights/latest-thinking/7-takeaways-for-businesses-from-the-accc-s-draft-guide-on-sustai.html",
  "status": 200,
  "from": "sitemap-au (manual capture)"
 },
 {
  "url": "https://www.mallesons.com/au/en/insights/latest-thinking/HK-SFC-issues-final-rules-for-virtual-asset-exchanges.html",
  "status": 200,
  "from": "sitemap-au (manual capture)"
 },
 {
  "url": "https://www.mallesons.com/au/en/insights/latest-thinking/HKMA-releases-amended-AML-CFT-Guideline-as-revised-law-comes-into-force.html",
  "status": 200,
  "from": "sitemap-au (manual capture)"
 },
 {
  "url": "https://www.mallesons.com/au/en/insights/latest-thinking/Hong-Kong-new-financial-crime-tool.html",
  "status": 200,
  "from": "sitemap-au (manual capture)"
 },
 {
  "url": "https://www.mallesons.com/au/en/insights/latest-thinking/Merger-clearance-reforms-what-you-need-to-know.html",
  "status": 200,
  "from": "sitemap-au (manual capture)"
 },
 {
  "url": "https://www.mallesons.com/au/en/insights/latest-thinking/SFC-and-HKMA-regulatory-enforcement-trends-in-HK.html",
  "status": 200,
  "from": "sitemap-au (manual capture)"
 },
 {
  "url": "https://www.mallesons.com/au/en/insights/latest-thinking/SFC-and-HKMA-streamline-suitability-obligations-for-sophisticated-professional-investors.html",
  "status": 200,
  "from": "sitemap-au (manual capture)"
 },
 {
  "url": "https://www.mallesons.com/au/en/insights/latest-thinking/SFC-releases-detailed-virtual-asset-exchange-guidelines-for-market-consultation.html",
  "status": 200,
  "from": "sitemap-au (manual capture)"
 },
 {
  "url": "https://www.mallesons.com/au/en/insights/latest-thinking/What-additional-protection-does-an-indemnity-provide.html",
  "status": 200,
  "from": "sitemap-au (manual capture)"
 },
 {
  "url": "https://www.mallesons.com/au/en/insights/latest-thinking/a-breach-of-an-employment-contract-can-result-in-a-damages-award-for-psychiatric-injury.html",
  "status": 200,
  "from": "sitemap-au (manual capture)"
 },
 {
  "url": "https://www.mallesons.com/au/en/insights/latest-thinking/a-christmas-miracle-last-minute-horse-trading-gets-the-nature-repair-market-over-the-line.html",
  "status": 200,
  "from": "sitemap-au (manual capture)"
 },
 {
  "url": "https://www.mallesons.com/au/en/insights/latest-thinking/a-clear-path-forward-for-foreign-financial-services-providers.html",
  "status": 200,
  "from": "sitemap-au (manual capture)"
 },
 {
  "url": "https://www.mallesons.com/au/en/insights/latest-thinking/a-culture-of-silence-the-use-of-ndas-in-workplace-sexual-harassment-claims.html",
  "status": 200,
  "from": "sitemap-au (manual capture)"
 },
 {
  "url": "https://www.mallesons.com/au/en/insights/latest-thinking/a-gold-star-for-dss-procurement-and-transition-of-1800respect.html",
  "status": 200,
  "from": "sitemap-au (manual capture)"
 },
 {
  "url": "https://www.mallesons.com/au/en/insights/latest-thinking/a-guide-to-victorias-planning-reforms-to-boost-housing-growth-in-key-activity-centres.html",
  "status": 200,
  "from": "sitemap-au (manual capture)"
 },
 {
  "url": "https://www.mallesons.com/au/en/insights/latest-thinking/a-lesson-on-climate-disclosures-world-first-greenwashing-case-dismissed-in-full-accr-v-santos.html",
  "status": 200,
  "from": "sitemap-au (manual capture)"
 },
 {
  "url": "https://www.mallesons.com/au/en/insights/latest-thinking/a-net-zero-future-made-in-australia-what-to-expect-and-how-the-tax-system-plays-a-key-role.html",
  "status": 200,
  "from": "sitemap-au (manual capture)"
 },
 {
  "url": "https://www.mallesons.com/au/en/insights/latest-thinking/a-new-aged-care-act-what-is-changing-and-what-you-need-to-know.html",
  "status": 200,
  "from": "sitemap-au (manual capture)"
 },
 {
  "url": "https://www.mallesons.com/au/en/insights/latest-thinking/a-new-era-for-development-in-the-northern-territory-passing-of-the-territory-coordinator-act.html",
  "status": 200,
  "from": "sitemap-au (manual capture)"
 },
 {
  "url": "https://www.mallesons.com/au/en/insights/latest-thinking/a-new-precedent-for-administrators-s-447a-relief-against-ato-garnishee-notices.html",
  "status": 200,
  "from": "sitemap-au (manual capture)"
 },
 {
  "url": "https://www.mallesons.com/au/en/insights/latest-thinking/a-not-so-just-transition-corruption-and-modern-slavery-in-clean-energy.html",
  "status": 200,
  "from": "sitemap-au (manual capture)"
 },
 {
  "url": "https://www.mallesons.com/au/en/insights/latest-thinking/a-panel-is-not-a-panacea-for-establishing-value-for-money.html",
  "status": 200,
  "from": "sitemap-au (manual capture)"
 },
 {
  "url": "https://www.mallesons.com/au/en/insights/latest-thinking/a-practical-guide-to-the-safe-job-fair-work-act-provisions-for-employers-in-the-resources-sector.html",
  "status": 200,
  "from": "sitemap-au (manual capture)"
 },
 {
  "url": "https://www.mallesons.com/au/en/insights/latest-thinking/a-primer-on-australias-proposals-to-regulate-digital-asset-platforms.html",
  "status": 200,
  "from": "sitemap-au (manual capture)"
 },
 {
  "url": "https://www.mallesons.com/au/en/insights/latest-thinking/a-reminder-about-fscoda-following-recent-enforcement-action-by-apra.html",
  "status": 200,
  "from": "sitemap-au (manual capture)"
 },
 {
  "url": "https://www.mallesons.com/au/en/insights/latest-thinking/a-slingshot-for-digital-finance-insights-from-dfcrcs-groundbreaking-report.html",
  "status": 200,
  "from": "sitemap-au (manual capture)"
 },
 {
  "url": "https://www.mallesons.com/au/en/insights/latest-thinking/a-telco-licence-to-operate-consultation-now-open-on-a-potential-csp-registration-or-licensing-scheme.html",
  "status": 200,
  "from": "sitemap-au (manual capture)"
 },
 {
  "url": "https://www.mallesons.com/au/en/insights/latest-thinking/accc-announces-2023-enforcement-and-compliance-priorities.html",
  "status": 200,
  "from": "sitemap-au (manual capture)"
 },
 {
  "url": "https://www.mallesons.com/au/en/insights/latest-thinking/accc-authorises-brookfield-origin-acquisition-on-public-benefit-grounds.html",
  "status": 200,
  "from": "sitemap-au (manual capture)"
 },
 {
  "url": "https://www.mallesons.com/au/en/insights/latest-thinking/accc-childcare-inquiry-releases-final-report.html",
  "status": 200,
  "from": "sitemap-au (manual capture)"
 },
 {
  "url": "https://www.mallesons.com/au/en/insights/latest-thinking/accc-merger-clearance-letters-from-the-front.html",
  "status": 200,
  "from": "sitemap-au (manual capture)"
 },
 {
  "url": "https://www.mallesons.com/au/en/insights/latest-thinking/accc-releases-new-merger-process-guidelines-for-consultation.html",
  "status": 200,
  "from": "sitemap-au (manual capture)"
 },
 {
  "url": "https://www.mallesons.com/au/en/insights/latest-thinking/accc-releases-penalty-guidelines-for-competition-and-consumer-law-contraventions.html",
  "status": 200,
  "from": "sitemap-au (manual capture)"
 },
 {
  "url": "https://www.mallesons.com/au/en/insights/latest-thinking/accelerated-planning-permit-application-assessment-for-renewables-projects-in-victoria.html",
  "status": 200,
  "from": "sitemap-au (manual capture)"
 },
 {
  "url": "https://www.mallesons.com/au/en/insights/latest-thinking/accreditation-of-developers-final-report-into-role-of-developers-in-queensland-tabled-in-parliament.html",
  "status": 200,
  "from": "sitemap-au (manual capture)"
 },
 {
  "url": "https://www.mallesons.com/au/en/insights/latest-thinking/act-developer-regulation-the-government-is-treading-cautiously.html",
  "status": 200,
  "from": "sitemap-au (manual capture)"
 },
 {
  "url": "https://www.mallesons.com/au/en/insights/latest-thinking/act-on-your-suspicions-key-lessons-from-the-oaics-latest-notifiable-data-breaches-report.html",
  "status": 200,
  "from": "sitemap-au (manual capture)"
 },
 {
  "url": "https://www.mallesons.com/au/en/insights/latest-thinking/actionable-ideas-for-re-enlivening-australias-public-markets-and-helping-public-company-directors-get-better-sleep.html",
  "status": 200,
  "from": "sitemap-au (manual capture)"
 },
 {
  "url": "https://www.mallesons.com/au/en/insights/latest-thinking/addressing-the-national-crisis-what-employers-can-do-to-combat-violence-against-women.html",
  "status": 200,
  "from": "sitemap-au (manual capture)"
 },
 {
  "url": "https://www.mallesons.com/au/en/insights/latest-thinking/adopting-artificial-intelligence-ethics-and-good-governance-are-critical.html",
  "status": 200,
  "from": "sitemap-au (manual capture)"
 },
 {
  "url": "https://www.mallesons.com/au/en/insights/latest-thinking/afca-consults-on-proposed-scam-rules-ahead-of-spf-launch-key-things-to-know.html",
  "status": 200,
  "from": "sitemap-au (manual capture)"
 },
 {
  "url": "https://www.mallesons.com/au/en/insights/latest-thinking/aged-care-whistleblowing-navigating-the-new-regime.html",
  "status": 200,
  "from": "sitemap-au (manual capture)"
 },
 {
  "url": "https://www.mallesons.com/au/en/insights/latest-thinking/agentic-ai-rogue-agents-real-liability.html",
  "status": 200,
  "from": "sitemap-au (manual capture)"
 },
 {
  "url": "https://www.mallesons.com/au/en/insights/latest-thinking/agm-season-takeaways.html",
  "status": 200,
  "from": "sitemap-au (manual capture)"
 },
 {
  "url": "https://www.mallesons.com/au/en/insights/latest-thinking/agrithinking-countdown-is-on-for-changes-to-unfair-contract-terms-laws.html",
  "status": 200,
  "from": "sitemap-au (manual capture)"
 },
 {
  "url": "https://www.mallesons.com/au/en/insights/latest-thinking/agrithinking-nature-repair-market.html",
  "status": 200,
  "from": "sitemap-au (manual capture)"
 },
 {
  "url": "https://www.mallesons.com/au/en/insights/latest-thinking/agrithinking-unpacking-australias-bill-for-a-sustainable-murray-darling-basin.html",
  "status": 200,
  "from": "sitemap-au (manual capture)"
 },
 {
  "url": "https://www.mallesons.com/au/en/insights/latest-thinking/ai-data-centres-in-australia-breaking-down-barriers-to-investment.html",
  "status": 200,
  "from": "sitemap-au (manual capture)"
 },
 {
  "url": "https://www.mallesons.com/au/en/insights/latest-thinking/ai-governance-in-government-is-your-agency-ready-for-the-anaos-spotlight.html",
  "status": 200,
  "from": "sitemap-au (manual capture)"
 },
 {
  "url": "https://www.mallesons.com/au/en/insights/latest-thinking/ai-in-the-australian-finance-industry-opportunities-risks-and-benefits.html",
  "status": 200,
  "from": "sitemap-au (manual capture)"
 },
 {
  "url": "https://www.mallesons.com/au/en/insights/latest-thinking/ai-now-from-experimentation-to-enterprise-impact-with-quantium.html",
  "status": 200,
  "from": "sitemap-au (manual capture)"
 },
 {
  "url": "https://www.mallesons.com/au/en/insights/latest-thinking/ai-now-how-microsoft-is-scaling-legal-with-ai.html",
  "status": 200,
  "from": "sitemap-au (manual capture)"
 },
 {
  "url": "https://www.mallesons.com/au/en/insights/latest-thinking/ai-race-heats-up-what-us-export-controls-mean-for-asia.html",
  "status": 200,
  "from": "sitemap-au (manual capture)"
 },
 {
  "url": "https://www.mallesons.com/au/en/insights/latest-thinking/ai-regulation-is-coming-to-australia-what-you-need-to-know.html",
  "status": 200,
  "from": "sitemap-au (manual capture)"
 },
 {
  "url": "https://www.mallesons.com/au/en/insights/latest-thinking/ai-related-changes-coming-to-nsw-work-health-and-safety-laws.html",
  "status": 200,
  "from": "sitemap-au (manual capture)"
 },
 {
  "url": "https://www.mallesons.com/au/en/insights/latest-thinking/ai-transparency-in-government-leaderboard-who-are-the-transparency-champions.html",
  "status": 200,
  "from": "sitemap-au (manual capture)"
 },
 {
  "url": "https://www.mallesons.com/au/en/insights/latest-thinking/airhugs-and-bearhugs-what-do-the-latest-target-tactics-mean.html",
  "status": 200,
  "from": "sitemap-au (manual capture)"
 },
 {
  "url": "https://www.mallesons.com/au/en/insights/latest-thinking/all-above-board-latest-tips-and-tricks-for-board-minutes-and-board-papers.html",
  "status": 200,
  "from": "sitemap-au (manual capture)"
 },
 {
  "url": "https://www.mallesons.com/au/en/insights/latest-thinking/all-i-want-for-christmas-are-my-franking-credits.html",
  "status": 200,
  "from": "sitemap-au (manual capture)"
 },
 {
  "url": "https://www.mallesons.com/au/en/insights/latest-thinking/amendments-to-the-south-australian-bcispa-regime.html",
  "status": 200,
  "from": "sitemap-au (manual capture)"
 },
 {
  "url": "https://www.mallesons.com/au/en/insights/latest-thinking/amid-global-uncertainty-asia-must-keep-moving-forward-with-china.html",
  "status": 200,
  "from": "sitemap-au (manual capture)"
 },
 {
  "url": "https://www.mallesons.com/au/en/insights/latest-thinking/aml-ctf-amendment-bill-introduced-into-parliament.html",
  "status": 200,
  "from": "sitemap-au (manual capture)"
 },
 {
  "url": "https://www.mallesons.com/au/en/insights/latest-thinking/an-australian-first-the-act-property-developers-bill-2023.html",
  "status": 200,
  "from": "sitemap-au (manual capture)"
 },
 {
  "url": "https://www.mallesons.com/au/en/insights/latest-thinking/an-emerging-trend-accelerating-australias-net-zero-economy-letters-of-intent.html",
  "status": 200,
  "from": "sitemap-au (manual capture)"
 },
 {
  "url": "https://www.mallesons.com/au/en/insights/latest-thinking/an-important-new-precedent-on-the-liquidators-power-of-disclaimer-in-the-matter-of-tahmoor-coal-pty-ltd.html",
  "status": 200,
  "from": "sitemap-au (manual capture)"
 },
 {
  "url": "https://www.mallesons.com/au/en/insights/latest-thinking/an-omnibus-cyber-security-and-critical-infrastructure-package.html",
  "status": 200,
  "from": "sitemap-au (manual capture)"
 },
 {
  "url": "https://www.mallesons.com/au/en/insights/latest-thinking/an-omnibus-cyber-security-and-infrastructure-package.html",
  "status": 200,
  "from": "sitemap-au (manual capture)"
 },
 {
  "url": "https://www.mallesons.com/au/en/insights/latest-thinking/an-update-on-artificial-intelligence-a-us-executive-order-a-uk-summit-and-a-plethora-of-letters-codes-and-resolutions.html",
  "status": 200,
  "from": "sitemap-au (manual capture)"
 },
 {
  "url": "https://www.mallesons.com/au/en/insights/latest-thinking/another-big-day-for-data-centres-in-nsw-a-new-framework-for-connection.html",
  "status": 200,
  "from": "sitemap-au (manual capture)"
 },
 {
  "url": "https://www.mallesons.com/au/en/insights/latest-thinking/another-goal-for-shareholder-activists.html",
  "status": 200,
  "from": "sitemap-au (manual capture)"
 },
 {
  "url": "https://www.mallesons.com/au/en/insights/latest-thinking/another-win-for-the-taxpayer-on-part-iva-mylan-australia-holding-pty-ltd-v-commissioner-of-taxation.html",
  "status": 200,
  "from": "sitemap-au (manual capture)"
 },
 {
  "url": "https://www.mallesons.com/au/en/insights/latest-thinking/answering-some-of-the-threshold-questions.html",
  "status": 200,
  "from": "sitemap-au (manual capture)"
 },
 {
  "url": "https://www.mallesons.com/au/en/insights/latest-thinking/anti-corruption-insight-series-one-year-of-the-nacc.html",
  "status": 200,
  "from": "sitemap-au (manual capture)"
 },
 {
  "url": "https://www.mallesons.com/au/en/insights/latest-thinking/anti-corruption-insight-series-spotlight-on-procurement.html",
  "status": 200,
  "from": "sitemap-au (manual capture)"
 },
 {
  "url": "https://www.mallesons.com/au/en/insights/latest-thinking/anz-suncorp-merger-authorised-by-australian-competition-tribunal.html",
  "status": 200,
  "from": "sitemap-au (manual capture)"
 },
 {
  "url": "https://www.mallesons.com/au/en/insights/latest-thinking/apra-and-asic-commence-joint-administration-of-the-new-financial-accountability-regime.html",
  "status": 200,
  "from": "sitemap-au (manual capture)"
 },
 {
  "url": "https://www.mallesons.com/au/en/insights/latest-thinking/apra-consults-on-strengthening-crisis-preparedness-.html",
  "status": 200,
  "from": "sitemap-au (manual capture)"
 },
 {
  "url": "https://www.mallesons.com/au/en/insights/latest-thinking/apra-finds-gaps-in-compliance-with-cps-234.html",
  "status": 200,
  "from": "sitemap-au (manual capture)"
 },
 {
  "url": "https://www.mallesons.com/au/en/insights/latest-thinking/apra-governance-review-update.html",
  "status": 200,
  "from": "sitemap-au (manual capture)"
 },
 {
  "url": "https://www.mallesons.com/au/en/insights/latest-thinking/apra-has-finalised-cps-230-the-clock-is-ticking-for-regulated-entities-to-comply-with-new-requirements.html",
  "status": 200,
  "from": "sitemap-au (manual capture)"
 },
 {
  "url": "https://www.mallesons.com/au/en/insights/latest-thinking/apra-has-released-long-awaited-cpg-230.html",
  "status": 200,
  "from": "sitemap-au (manual capture)"
 },
 {
  "url": "https://www.mallesons.com/au/en/insights/latest-thinking/april-security-of-payment-wrap-up-across-australia.html",
  "status": 200,
  "from": "sitemap-au (manual capture)"
 },
 {
  "url": "https://www.mallesons.com/au/en/insights/latest-thinking/are-apras-governance-proposals-a-step-too-far.html",
  "status": 200,
  "from": "sitemap-au (manual capture)"
 },
 {
  "url": "https://www.mallesons.com/au/en/insights/latest-thinking/are-employers-required-to-consider-removing-contractor-workers-from-a-business-in-order-to-facilitate-redeployment-of-redundant-employees.html",
  "status": 200,
  "from": "sitemap-au (manual capture)"
 },
 {
  "url": "https://www.mallesons.com/au/en/insights/latest-thinking/are-non-poaching-clauses-enforceable.html",
  "status": 200,
  "from": "sitemap-au (manual capture)"
 },
 {
  "url": "https://www.mallesons.com/au/en/insights/latest-thinking/are-you-ready--the-signal-has-changed--european-train-control-an.html",
  "status": 200,
  "from": "sitemap-au (manual capture)"
 },
 {
  "url": "https://www.mallesons.com/au/en/insights/latest-thinking/are-your-group-entities-related-bodies-corporate.html",
  "status": 200,
  "from": "sitemap-au (manual capture)"
 },
 {
  "url": "https://www.mallesons.com/au/en/insights/latest-thinking/around-the-world-in-carbon-trading-a-glance-at-regulated-regimes.html",
  "status": 200,
  "from": "sitemap-au (manual capture)"
 },
 {
  "url": "https://www.mallesons.com/au/en/insights/latest-thinking/as4000-2025-unveiled-navigating-the-recent-changes-to-the-as4000.html",
  "status": 200,
  "from": "sitemap-au (manual capture)"
 },
 {
  "url": "https://www.mallesons.com/au/en/insights/latest-thinking/ascs-annual-threat-report.html",
  "status": 200,
  "from": "sitemap-au (manual capture)"
 },
 {
  "url": "https://www.mallesons.com/au/en/insights/latest-thinking/asia-capability-under-pressure-lessons-from-the-hormuz-disruption.html",
  "status": 200,
  "from": "sitemap-au (manual capture)"
 },
 {
  "url": "https://www.mallesons.com/au/en/insights/latest-thinking/asias-capital-is-on-the-move-the-view-from-australia-and-singapore.html",
  "status": 200,
  "from": "sitemap-au (manual capture)"
 },
 {
  "url": "https://www.mallesons.com/au/en/insights/latest-thinking/asias-lessons-for-australias-data-centre-boom.html",
  "status": 200,
  "from": "sitemap-au (manual capture)"
 },
 {
  "url": "https://www.mallesons.com/au/en/insights/latest-thinking/asias-new-economic-order-is-transforming-deals-and-theres-a-place-for-australia.html",
  "status": 200,
  "from": "sitemap-au (manual capture)"
 },
 {
  "url": "https://www.mallesons.com/au/en/insights/latest-thinking/asic-and-apra-issue-call-to-action-on-artificial-intelligence.html",
  "status": 200,
  "from": "sitemap-au (manual capture)"
 },
 {
  "url": "https://www.mallesons.com/au/en/insights/latest-thinking/asic-and-the-accc-continue-to-focus-on-environmental-and-sustainability-claims.html",
  "status": 200,
  "from": "sitemap-au (manual capture)"
 },
 {
  "url": "https://www.mallesons.com/au/en/insights/latest-thinking/asic-issues-draft-guidance-on-digital-assets.html",
  "status": 200,
  "from": "sitemap-au (manual capture)"
 },
 {
  "url": "https://www.mallesons.com/au/en/insights/latest-thinking/asic-loses-round-one-against-nuix-but-appeal-and-class-action-remain.html",
  "status": 200,
  "from": "sitemap-au (manual capture)"
 },
 {
  "url": "https://www.mallesons.com/au/en/insights/latest-thinking/asic-on-a-roll-momentum-continues-as-corporate-regulator-secures-record-civil-penalties.html",
  "status": 200,
  "from": "sitemap-au (manual capture)"
 },
 {
  "url": "https://www.mallesons.com/au/en/insights/latest-thinking/asic-on-handling-whistleblower-disclosures.html",
  "status": 200,
  "from": "sitemap-au (manual capture)"
 },
 {
  "url": "https://www.mallesons.com/au/en/insights/latest-thinking/asic-proceedings-against-directors-and-officers-of-the-star-entertainment-group.html",
  "status": 200,
  "from": "sitemap-au (manual capture)"
 },
 {
  "url": "https://www.mallesons.com/au/en/insights/latest-thinking/asic-starts-work-on-easing-the-burden-of-regulation.html",
  "status": 200,
  "from": "sitemap-au (manual capture)"
 },
 {
  "url": "https://www.mallesons.com/au/en/insights/latest-thinking/asic-v-bps-financial-what-is-the-scope-of-the-authorised-representative-afsl-exemption.html",
  "status": 200,
  "from": "sitemap-au (manual capture)"
 },
 {
  "url": "https://www.mallesons.com/au/en/insights/latest-thinking/asic-v-finder-wallet-the-meaning-for-markets-beyond-crypto.html",
  "status": 200,
  "from": "sitemap-au (manual capture)"
 },
 {
  "url": "https://www.mallesons.com/au/en/insights/latest-thinking/asic-v-noumi-no-7-ceo-liability-decision.html",
  "status": 200,
  "from": "sitemap-au (manual capture)"
 },
 {
  "url": "https://www.mallesons.com/au/en/insights/latest-thinking/asics-enforcement-priorities-for-2026-momentum-and-fresh-focus-for-the-year-ahead.html",
  "status": 200,
  "from": "sitemap-au (manual capture)"
 },
 {
  "url": "https://www.mallesons.com/au/en/insights/latest-thinking/asics-expectations-for-banks-regarding-scam-prevention-detection-and-response.html",
  "status": 200,
  "from": "sitemap-au (manual capture)"
 },
 {
  "url": "https://www.mallesons.com/au/en/insights/latest-thinking/asics-focus-on-direct-life-insurance-not-just-a-nudge.html",
  "status": 200,
  "from": "sitemap-au (manual capture)"
 },
 {
  "url": "https://www.mallesons.com/au/en/insights/latest-thinking/asics-private-markets-response-time-to-set-course.html",
  "status": 200,
  "from": "sitemap-au (manual capture)"
 },
 {
  "url": "https://www.mallesons.com/au/en/insights/latest-thinking/asics-private-markets-review-the-next-chapter.html",
  "status": 200,
  "from": "sitemap-au (manual capture)"
 },
 {
  "url": "https://www.mallesons.com/au/en/insights/latest-thinking/asics-review-of-australias-public-and-private-markets-private-credit-first-off-the-rank.html",
  "status": 200,
  "from": "sitemap-au (manual capture)"
 },
 {
  "url": "https://www.mallesons.com/au/en/insights/latest-thinking/asics-sustainability-reporting-guide-finalised.html",
  "status": 200,
  "from": "sitemap-au (manual capture)"
 },
 {
  "url": "https://www.mallesons.com/au/en/insights/latest-thinking/asx-guidance-on-disclosure-in-a-cyber-breach.html",
  "status": 200,
  "from": "sitemap-au (manual capture)"
 },
 {
  "url": "https://www.mallesons.com/au/en/insights/latest-thinking/asx-provides-welcome-cyber-breach-disclosure-guidance-update-to-guidance-note-8.html",
  "status": 200,
  "from": "sitemap-au (manual capture)"
 },
 {
  "url": "https://www.mallesons.com/au/en/insights/latest-thinking/asx200-agms-lessons-at-half-time.html",
  "status": 200,
  "from": "sitemap-au (manual capture)"
 },
 {
  "url": "https://www.mallesons.com/au/en/insights/latest-thinking/asx50-sustainability-reporting-and-governance-in-2023.html",
  "status": 200,
  "from": "sitemap-au (manual capture)"
 },
 {
  "url": "https://www.mallesons.com/au/en/insights/latest-thinking/at-long-last-changes-to-queenslands-financial-provisioning-scheme-finally-take-effect.html",
  "status": 200,
  "from": "sitemap-au (manual capture)"
 },
 {
  "url": "https://www.mallesons.com/au/en/insights/latest-thinking/ato-claus-back-deductions-draft-ato-guidance-on-third-party-debt-test-and-restructures.html",
  "status": 200,
  "from": "sitemap-au (manual capture)"
 },
 {
  "url": "https://www.mallesons.com/au/en/insights/latest-thinking/ato-releases-long-awaited-guidance-on-software-payments-and-intangibles-arrangements.html",
  "status": 200,
  "from": "sitemap-au (manual capture)"
 },
 {
  "url": "https://www.mallesons.com/au/en/insights/latest-thinking/ato-releases-practical-compliance-guidelines-relating-to-intangible-arrangements.html",
  "status": 200,
  "from": "sitemap-au (manual capture)"
 },
 {
  "url": "https://www.mallesons.com/au/en/insights/latest-thinking/australia-in-space-2025-trendlines.html",
  "status": 200,
  "from": "sitemap-au (manual capture)"
 },
 {
  "url": "https://www.mallesons.com/au/en/insights/latest-thinking/australia-to-implement-crypto-asset-reporting-framework-and-crs-amendments.html",
  "status": 200,
  "from": "sitemap-au (manual capture)"
 },
 {
  "url": "https://www.mallesons.com/au/en/insights/latest-thinking/australia-wants-the-data-centre-boom-can-it-get-the-power-settings-right.html",
  "status": 200,
  "from": "sitemap-au (manual capture)"
 },
 {
  "url": "https://www.mallesons.com/au/en/insights/latest-thinking/australian-construction-law-q-and-a-series.html",
  "status": 200,
  "from": "sitemap-au (manual capture)"
 },
 {
  "url": "https://www.mallesons.com/au/en/insights/latest-thinking/australian-federal-budget-2026-27-corporate-and-international-tax.html",
  "status": 200,
  "from": "sitemap-au (manual capture)"
 },
 {
  "url": "https://www.mallesons.com/au/en/insights/latest-thinking/australian-federal-budget-2026-27-defence-and-government.html",
  "status": 200,
  "from": "sitemap-au (manual capture)"
 },
 {
  "url": "https://www.mallesons.com/au/en/insights/latest-thinking/australian-federal-budget-2026-27-energy-and-resources.html",
  "status": 200,
  "from": "sitemap-au (manual capture)"
 },
 {
  "url": "https://www.mallesons.com/au/en/insights/latest-thinking/australian-federal-budget-2026-27-environment-esg-future-made-in-australia.html",
  "status": 200,
  "from": "sitemap-au (manual capture)"
 },
 {
  "url": "https://www.mallesons.com/au/en/insights/latest-thinking/australian-federal-budget-2026-27-funds-trusts.html",
  "status": 200,
  "from": "sitemap-au (manual capture)"
 },
 {
  "url": "https://www.mallesons.com/au/en/insights/latest-thinking/australian-federal-budget-2026-27-health-and-aged-care.html",
  "status": 200,
  "from": "sitemap-au (manual capture)"
 },
 {
  "url": "https://www.mallesons.com/au/en/insights/latest-thinking/australian-federal-budget-2026-27-infrastructure-and-real-estate.html",
  "status": 200,
  "from": "sitemap-au (manual capture)"
 },
 {
  "url": "https://www.mallesons.com/au/en/insights/latest-thinking/australian-federal-budget-2026-27-jobs-and-education.html",
  "status": 200,
  "from": "sitemap-au (manual capture)"
 },
 {
  "url": "https://www.mallesons.com/au/en/insights/latest-thinking/australian-federal-budget-2026-27-personal-tax.html",
  "status": 200,
  "from": "sitemap-au (manual capture)"
 },
 {
  "url": "https://www.mallesons.com/au/en/insights/latest-thinking/australian-federal-budget-2026-27-pro-bono-and-legal-assistance.html",
  "status": 200,
  "from": "sitemap-au (manual capture)"
 },
 {
  "url": "https://www.mallesons.com/au/en/insights/latest-thinking/australian-federal-budget-2026-27-productivity-and-cost-of-living.html",
  "status": 200,
  "from": "sitemap-au (manual capture)"
 },
 {
  "url": "https://www.mallesons.com/au/en/insights/latest-thinking/australian-federal-budget-2026-27-small-business.html",
  "status": 200,
  "from": "sitemap-au (manual capture)"
 },
 {
  "url": "https://www.mallesons.com/au/en/insights/latest-thinking/australian-federal-budget-2026-27-superannuation.html",
  "status": 200,
  "from": "sitemap-au (manual capture)"
 },
 {
  "url": "https://www.mallesons.com/au/en/insights/latest-thinking/australian-federal-budget-2026-27-tax-compliance.html",
  "status": 200,
  "from": "sitemap-au (manual capture)"
 },
 {
  "url": "https://www.mallesons.com/au/en/insights/latest-thinking/australian-federal-budget-2026-27-the-digital-economy-ai-and-technology.html",
  "status": 200,
  "from": "sitemap-au (manual capture)"
 },
 {
  "url": "https://www.mallesons.com/au/en/insights/latest-thinking/australian-federal-budget-may-2023-24-corporate-tax.html",
  "status": 200,
  "from": "sitemap-au (manual capture)"
 },
 {
  "url": "https://www.mallesons.com/au/en/insights/latest-thinking/australian-federal-budget-may-2023-24-defence.html",
  "status": 200,
  "from": "sitemap-au (manual capture)"
 },
 {
  "url": "https://www.mallesons.com/au/en/insights/latest-thinking/australian-federal-budget-may-2023-24-energy.html",
  "status": 200,
  "from": "sitemap-au (manual capture)"
 },
 {
  "url": "https://www.mallesons.com/au/en/insights/latest-thinking/australian-federal-budget-may-2023-24-environment.html",
  "status": 200,
  "from": "sitemap-au (manual capture)"
 },
 {
  "url": "https://www.mallesons.com/au/en/insights/latest-thinking/australian-federal-budget-may-2023-24-family.html",
  "status": 200,
  "from": "sitemap-au (manual capture)"
 },
 {
  "url": "https://www.mallesons.com/au/en/insights/latest-thinking/australian-federal-budget-may-2023-24-funds-and-superannuation.html",
  "status": 200,
  "from": "sitemap-au (manual capture)"
 },
 {
  "url": "https://www.mallesons.com/au/en/insights/latest-thinking/australian-federal-budget-may-2023-24-health-and-aged-care.html",
  "status": 200,
  "from": "sitemap-au (manual capture)"
 },
 {
  "url": "https://www.mallesons.com/au/en/insights/latest-thinking/australian-federal-budget-may-2023-24-infrastructure.html",
  "status": 200,
  "from": "sitemap-au (manual capture)"
 },
 {
  "url": "https://www.mallesons.com/au/en/insights/latest-thinking/australian-federal-budget-may-2023-24-international.html",
  "status": 200,
  "from": "sitemap-au (manual capture)"
 },
 {
  "url": "https://www.mallesons.com/au/en/insights/latest-thinking/australian-federal-budget-may-2023-24-jobs.html",
  "status": 200,
  "from": "sitemap-au (manual capture)"
 },
 {
  "url": "https://www.mallesons.com/au/en/insights/latest-thinking/australian-federal-budget-may-2023-24-personal-tax.html",
  "status": 200,
  "from": "sitemap-au (manual capture)"
 },
 {
  "url": "https://www.mallesons.com/au/en/insights/latest-thinking/australian-federal-budget-may-2023-24-small-business.html",
  "status": 200,
  "from": "sitemap-au (manual capture)"
 },
 {
  "url": "https://www.mallesons.com/au/en/insights/latest-thinking/australian-federal-budget-may-2023-24-tax-compliance.html",
  "status": 200,
  "from": "sitemap-au (manual capture)"
 },
 {
  "url": "https://www.mallesons.com/au/en/insights/latest-thinking/australian-federal-budget-may-2023-24-the-digital-economy.html",
  "status": 200,
  "from": "sitemap-au (manual capture)"
 },
 {
  "url": "https://www.mallesons.com/au/en/insights/latest-thinking/australian-federal-budget-may-2024-25-corporate-tax.html",
  "status": 200,
  "from": "sitemap-au (manual capture)"
 },
 {
  "url": "https://www.mallesons.com/au/en/insights/latest-thinking/australian-federal-budget-may-2024-25-defence.html",
  "status": 200,
  "from": "sitemap-au (manual capture)"
 },
 {
  "url": "https://www.mallesons.com/au/en/insights/latest-thinking/australian-federal-budget-may-2024-25-environment-and-climate-change.html",
  "status": 200,
  "from": "sitemap-au (manual capture)"
 },
 {
  "url": "https://www.mallesons.com/au/en/insights/latest-thinking/australian-federal-budget-may-2024-25-family.html",
  "status": 200,
  "from": "sitemap-au (manual capture)"
 },
 {
  "url": "https://www.mallesons.com/au/en/insights/latest-thinking/australian-federal-budget-may-2024-25-funds-and-superannuation.html",
  "status": 200,
  "from": "sitemap-au (manual capture)"
 },
 {
  "url": "https://www.mallesons.com/au/en/insights/latest-thinking/australian-federal-budget-may-2024-25-green-energyand-advanced-manufacturing.html",
  "status": 200,
  "from": "sitemap-au (manual capture)"
 },
 {
  "url": "https://www.mallesons.com/au/en/insights/latest-thinking/australian-federal-budget-may-2024-25-health-and-aged-care.html",
  "status": 200,
  "from": "sitemap-au (manual capture)"
 },
 {
  "url": "https://www.mallesons.com/au/en/insights/latest-thinking/australian-federal-budget-may-2024-25-infrastructure.html",
  "status": 200,
  "from": "sitemap-au (manual capture)"
 },
 {
  "url": "https://www.mallesons.com/au/en/insights/latest-thinking/australian-federal-budget-may-2024-25-international.html",
  "status": 200,
  "from": "sitemap-au (manual capture)"
 },
 {
  "url": "https://www.mallesons.com/au/en/insights/latest-thinking/australian-federal-budget-may-2024-25-jobsand-education.html",
  "status": 200,
  "from": "sitemap-au (manual capture)"
 },
 {
  "url": "https://www.mallesons.com/au/en/insights/latest-thinking/australian-federal-budget-may-2024-25-personal-tax.html",
  "status": 200,
  "from": "sitemap-au (manual capture)"
 },
 {
  "url": "https://www.mallesons.com/au/en/insights/latest-thinking/australian-federal-budget-may-2024-25-small-business.html",
  "status": 200,
  "from": "sitemap-au (manual capture)"
 },
 {
  "url": "https://www.mallesons.com/au/en/insights/latest-thinking/australian-federal-budget-may-2024-25-tax-compliance.html",
  "status": 200,
  "from": "sitemap-au (manual capture)"
 },
 {
  "url": "https://www.mallesons.com/au/en/insights/latest-thinking/australian-federal-budget-may-2024-25-the-digital-economy.html",
  "status": 200,
  "from": "sitemap-au (manual capture)"
 },
 {
  "url": "https://www.mallesons.com/au/en/insights/latest-thinking/australian-government-gets-ai-ready-new-ai-technical-standard-and-launch-of-gov-ai.html",
  "status": 200,
  "from": "sitemap-au (manual capture)"
 },
 {
  "url": "https://www.mallesons.com/au/en/insights/latest-thinking/australian-government-infrastructure-policy-statement-defining-nationally-significant-transport-infrastructure.html",
  "status": 200,
  "from": "sitemap-au (manual capture)"
 },
 {
  "url": "https://www.mallesons.com/au/en/insights/latest-thinking/australian-government-interim-response-on-the-regulation-of-ai-inching-towards-safe-and-responsible-ai.html",
  "status": 200,
  "from": "sitemap-au (manual capture)"
 },
 {
  "url": "https://www.mallesons.com/au/en/insights/latest-thinking/australian-government-releases-new-data-and-digital-government-strategy.html",
  "status": 200,
  "from": "sitemap-au (manual capture)"
 },
 {
  "url": "https://www.mallesons.com/au/en/insights/latest-thinking/australian-merger-clearance-reforms-impacts-for-m-and-a.html",
  "status": 200,
  "from": "sitemap-au (manual capture)"
 },
 {
  "url": "https://www.mallesons.com/au/en/insights/latest-thinking/australian-merger-control-overhaul.html",
  "status": 200,
  "from": "sitemap-au (manual capture)"
 },
 {
  "url": "https://www.mallesons.com/au/en/insights/latest-thinking/australian-modern-slavery-laws-good-intentions-inadequate-impact.html",
  "status": 200,
  "from": "sitemap-au (manual capture)"
 },
 {
  "url": "https://www.mallesons.com/au/en/insights/latest-thinking/australian-privacy-regulator-sues-in-data-breach-case.html",
  "status": 200,
  "from": "sitemap-au (manual capture)"
 },
 {
  "url": "https://www.mallesons.com/au/en/insights/latest-thinking/australian-sms-sender-id-registry-to-be-established.html",
  "status": 200,
  "from": "sitemap-au (manual capture)"
 },
 {
  "url": "https://www.mallesons.com/au/en/insights/latest-thinking/australian-sustainability-standards-approved.html",
  "status": 200,
  "from": "sitemap-au (manual capture)"
 },
 {
  "url": "https://www.mallesons.com/au/en/insights/latest-thinking/australias-ai-plan-where-is-australia-going-with-ai.html",
  "status": 200,
  "from": "sitemap-au (manual capture)"
 },
 {
  "url": "https://www.mallesons.com/au/en/insights/latest-thinking/australias-cyber-landscape-how-do-we-compare.html",
  "status": 200,
  "from": "sitemap-au (manual capture)"
 },
 {
  "url": "https://www.mallesons.com/au/en/insights/latest-thinking/australias-foreign-investment-regime-and-critical-minerals-major-overhaul-to-be-announced-today-by-the-treasurer.html",
  "status": 200,
  "from": "sitemap-au (manual capture)"
 },
 {
  "url": "https://www.mallesons.com/au/en/insights/latest-thinking/australias-merger-reforms-clarity-provided-for-real-estate-deals.html",
  "status": 200,
  "from": "sitemap-au (manual capture)"
 },
 {
  "url": "https://www.mallesons.com/au/en/insights/latest-thinking/australias-merger-reforms-what-it-means-for-commercial-real-estate-deals.html",
  "status": 200,
  "from": "sitemap-au (manual capture)"
 },
 {
  "url": "https://www.mallesons.com/au/en/insights/latest-thinking/australias-modern-slavery-act-review-reforms-on-the-horizon.html",
  "status": 200,
  "from": "sitemap-au (manual capture)"
 },
 {
  "url": "https://www.mallesons.com/au/en/insights/latest-thinking/australias-nature-positive-reforms-dormant-not-dead.html",
  "status": 200,
  "from": "sitemap-au (manual capture)"
 },
 {
  "url": "https://www.mallesons.com/au/en/insights/latest-thinking/australias-new-climate-rules-are-coming-and-theyre-not-just-for-tree-huggers.html",
  "status": 200,
  "from": "sitemap-au (manual capture)"
 },
 {
  "url": "https://www.mallesons.com/au/en/insights/latest-thinking/australias-new-debt-deduction-limitation-regime.html",
  "status": 200,
  "from": "sitemap-au (manual capture)"
 },
 {
  "url": "https://www.mallesons.com/au/en/insights/latest-thinking/australias-next-ai-bottleneck-why-copyright-matters.html",
  "status": 200,
  "from": "sitemap-au (manual capture)"
 },
 {
  "url": "https://www.mallesons.com/au/en/insights/latest-thinking/australias-privacy-reforms-are-about-to-arrive.html",
  "status": 200,
  "from": "sitemap-au (manual capture)"
 },
 {
  "url": "https://www.mallesons.com/au/en/insights/latest-thinking/australias-private-credit-did-asic-tell-us-so.html",
  "status": 200,
  "from": "sitemap-au (manual capture)"
 },
 {
  "url": "https://www.mallesons.com/au/en/insights/latest-thinking/australias-private-markets-in-focus-asics-taking-a-look.html",
  "status": 200,
  "from": "sitemap-au (manual capture)"
 },
 {
  "url": "https://www.mallesons.com/au/en/insights/latest-thinking/australias-product-safety-laws-play-catch-up-with-online-marketplaces.html",
  "status": 200,
  "from": "sitemap-au (manual capture)"
 },
 {
  "url": "https://www.mallesons.com/au/en/insights/latest-thinking/australias-road-to-nature-positive-newly-announced-detours-and-delays.html",
  "status": 200,
  "from": "sitemap-au (manual capture)"
 },
 {
  "url": "https://www.mallesons.com/au/en/insights/latest-thinking/australias-road-to-nature-positive-why-arent-we-there-yet.html",
  "status": 200,
  "from": "sitemap-au (manual capture)"
 },
 {
  "url": "https://www.mallesons.com/au/en/insights/latest-thinking/b-corps-to-b-or-not-to-b.html",
  "status": 200,
  "from": "sitemap-au (manual capture)"
 },
 {
  "url": "https://www.mallesons.com/au/en/insights/latest-thinking/back-but-selective-global-and-cross-border-m-and-a.html",
  "status": 200,
  "from": "sitemap-au (manual capture)"
 },
 {
  "url": "https://www.mallesons.com/au/en/insights/latest-thinking/back-to-the-future-full-court-again-reverses-test-for-software-patents.html",
  "status": 200,
  "from": "sitemap-au (manual capture)"
 },
 {
  "url": "https://www.mallesons.com/au/en/insights/latest-thinking/back-to-the-future-the-re-emergence-of-the-golden-share.html",
  "status": 200,
  "from": "sitemap-au (manual capture)"
 },
 {
  "url": "https://www.mallesons.com/au/en/insights/latest-thinking/bblood-a-win-for-the-ato-on-section-100a.html",
  "status": 200,
  "from": "sitemap-au (manual capture)"
 },
 {
  "url": "https://www.mallesons.com/au/en/insights/latest-thinking/believe-it-or-not-full-federal-court-confirms-the-belief-and-suspicion-requirements-in-the-whistleblower-protection-provisions.html",
  "status": 200,
  "from": "sitemap-au (manual capture)"
 },
 {
  "url": "https://www.mallesons.com/au/en/insights/latest-thinking/bendel-commissioner-a-loan-in-view-that-upe-was-a-loan-for-division-7a-purposes.html",
  "status": 200,
  "from": "sitemap-au (manual capture)"
 },
 {
  "url": "https://www.mallesons.com/au/en/insights/latest-thinking/best-practice-climate-governance-and-reporting-a-look-at-ASX50-trends.html",
  "status": 200,
  "from": "sitemap-au (manual capture)"
 },
 {
  "url": "https://www.mallesons.com/au/en/insights/latest-thinking/best-practice-for-board-papers-do-you-really-need-separate-privileged-papers.html",
  "status": 200,
  "from": "sitemap-au (manual capture)"
 },
 {
  "url": "https://www.mallesons.com/au/en/insights/latest-thinking/beyond-beyond-bank--when-can-a-bank-validly-de-bank-a-customer-.html",
  "status": 200,
  "from": "sitemap-au (manual capture)"
 },
 {
  "url": "https://www.mallesons.com/au/en/insights/latest-thinking/beyond-confidentiality-preparing-for-victorias-new-nda-restrictions.html",
  "status": 200,
  "from": "sitemap-au (manual capture)"
 },
 {
  "url": "https://www.mallesons.com/au/en/insights/latest-thinking/beyond-reasonable-doubt-queensland-strengthens-protections-for-the-condamine-alluvium.html",
  "status": 200,
  "from": "sitemap-au (manual capture)"
 },
 {
  "url": "https://www.mallesons.com/au/en/insights/latest-thinking/big-day-for-data-centres.html",
  "status": 200,
  "from": "sitemap-au (manual capture)"
 },
 {
  "url": "https://www.mallesons.com/au/en/insights/latest-thinking/big-macs-and-supersized-reverse-break-fees-deal-certainty-post-covid.html",
  "status": 200,
  "from": "sitemap-au (manual capture)"
 },
 {
  "url": "https://www.mallesons.com/au/en/insights/latest-thinking/block-learner-key-lessons-from-the-federal-courts-first-crypto-enforcement-judgment.html",
  "status": 200,
  "from": "sitemap-au (manual capture)"
 },
 {
  "url": "https://www.mallesons.com/au/en/insights/latest-thinking/blue-finance-unlocking-the-power-of-the-blue-economy.html",
  "status": 200,
  "from": "sitemap-au (manual capture)"
 },
 {
  "url": "https://www.mallesons.com/au/en/insights/latest-thinking/blunt-realities-is-zero-tolerance-still-enforceable.html",
  "status": 200,
  "from": "sitemap-au (manual capture)"
 },
 {
  "url": "https://www.mallesons.com/au/en/insights/latest-thinking/bond-developer-bond.html",
  "status": 200,
  "from": "sitemap-au (manual capture)"
 },
 {
  "url": "https://www.mallesons.com/au/en/insights/latest-thinking/brace-for-impact-significant-regulatory-changes-proposed-for-wind-and-solar-projects-in-queensland.html",
  "status": 200,
  "from": "sitemap-au (manual capture)"
 },
 {
  "url": "https://www.mallesons.com/au/en/insights/latest-thinking/brambles-class-action-decision-when-a-near-miss-on-guidance-becomes-material.html",
  "status": 200,
  "from": "sitemap-au (manual capture)"
 },
 {
  "url": "https://www.mallesons.com/au/en/insights/latest-thinking/brambles-class-action-judgment-a-long-wait-for-a-curates-egg.html",
  "status": 200,
  "from": "sitemap-au (manual capture)"
 },
 {
  "url": "https://www.mallesons.com/au/en/insights/latest-thinking/breach-of-the-general-environmental-duty-the-first-substantive-case-under-s25-of-the-environment-protection-act-2017-vic.html",
  "status": 200,
  "from": "sitemap-au (manual capture)"
 },
 {
  "url": "https://www.mallesons.com/au/en/insights/latest-thinking/breaking-down-the-barriers-operational-enhancements-set-to-better-facilitate-participation-in-the-cdr.html",
  "status": 200,
  "from": "sitemap-au (manual capture)"
 },
 {
  "url": "https://www.mallesons.com/au/en/insights/latest-thinking/breaking-down-the-privacy-amendment-bill.html",
  "status": 200,
  "from": "sitemap-au (manual capture)"
 },
 {
  "url": "https://www.mallesons.com/au/en/insights/latest-thinking/breaking-new-ground-insights-into-the-second-round-of-nature-positive-law-reforms.html",
  "status": 200,
  "from": "sitemap-au (manual capture)"
 },
 {
  "url": "https://www.mallesons.com/au/en/insights/latest-thinking/brickworks-and-soul-patts-underneath-the-top-hat.html",
  "status": 200,
  "from": "sitemap-au (manual capture)"
 },
 {
  "url": "https://www.mallesons.com/au/en/insights/latest-thinking/bridging-the-digital-divide-how-anzs-financial-education-programs-are-making-a-difference.html",
  "status": 200,
  "from": "sitemap-au (manual capture)"
 },
 {
  "url": "https://www.mallesons.com/au/en/insights/latest-thinking/building-asia-capability-as-a-resilience-strategy-what-boards-need-to-ask.html",
  "status": 200,
  "from": "sitemap-au (manual capture)"
 },
 {
  "url": "https://www.mallesons.com/au/en/insights/latest-thinking/building-smarter-not-harder-the-proposed-nsw-framework-to-unlock-modern-methods-of-construction.html",
  "status": 200,
  "from": "sitemap-au (manual capture)"
 },
 {
  "url": "https://www.mallesons.com/au/en/insights/latest-thinking/building-towards-a-fairer-future-construction-contracts-and-the-unfair-contract-terms-regime.html",
  "status": 200,
  "from": "sitemap-au (manual capture)"
 },
 {
  "url": "https://www.mallesons.com/au/en/insights/latest-thinking/business-leaders-reveal-their-next-direction.html",
  "status": 200,
  "from": "sitemap-au (manual capture)"
 },
 {
  "url": "https://www.mallesons.com/au/en/insights/latest-thinking/businesses-face-uncertainty-after-fuel-cost-recovery-order.html",
  "status": 200,
  "from": "sitemap-au (manual capture)"
 },
 {
  "url": "https://www.mallesons.com/au/en/insights/latest-thinking/buying-green-electricity-in-malaysia-corporate-ppas-emerge-in-a-liberalising-market.html",
  "status": 200,
  "from": "sitemap-au (manual capture)"
 },
 {
  "url": "https://www.mallesons.com/au/en/insights/latest-thinking/can-the-data-centre-goldrush-go-green-malaysias-johor-shows-we-can-move-fast-but-more-is-needed.html",
  "status": 200,
  "from": "sitemap-au (manual capture)"
 },
 {
  "url": "https://www.mallesons.com/au/en/insights/latest-thinking/can-we-stop-spilling-ink-on-exclusivity-yet-a-summary-of-the-takeovers-panel-guidance-note-7.html",
  "status": 200,
  "from": "sitemap-au (manual capture)"
 },
 {
  "url": "https://www.mallesons.com/au/en/insights/latest-thinking/can-you-exclude-liability-for-personal-injury-or-death.html",
  "status": 200,
  "from": "sitemap-au (manual capture)"
 },
 {
  "url": "https://www.mallesons.com/au/en/insights/latest-thinking/carbon-farming-methods-in-2024-passing-the-pen-from-government-to-proponents.html",
  "status": 200,
  "from": "sitemap-au (manual capture)"
 },
 {
  "url": "https://www.mallesons.com/au/en/insights/latest-thinking/carbon-farming-methods-in-2024-proponents-to-start-putting-pen-to-paper.html",
  "status": 200,
  "from": "sitemap-au (manual capture)"
 },
 {
  "url": "https://www.mallesons.com/au/en/insights/latest-thinking/carbon-markets-regulatory-tracker.html",
  "status": 200,
  "from": "sitemap-au (manual capture)"
 },
 {
  "url": "https://www.mallesons.com/au/en/insights/latest-thinking/carbon-trading-is-booming-globally-what-is-it-and-how-does-it-work.html",
  "status": 200,
  "from": "sitemap-au (manual capture)"
 },
 {
  "url": "https://www.mallesons.com/au/en/insights/latest-thinking/causation-in-security-holder-class-actions-the-worley-appeal-explained.html",
  "status": 200,
  "from": "sitemap-au (manual capture)"
 },
 {
  "url": "https://www.mallesons.com/au/en/insights/latest-thinking/cause-and-effect-what-you-need-to-know-about-consequence-management-frameworks.html",
  "status": 200,
  "from": "sitemap-au (manual capture)"
 },
 {
  "url": "https://www.mallesons.com/au/en/insights/latest-thinking/cell-cultured-meat-is-on-the-menu-in-australia.html",
  "status": 200,
  "from": "sitemap-au (manual capture)"
 },
 {
  "url": "https://www.mallesons.com/au/en/insights/latest-thinking/cer-who-is-responsible-for-what.html",
  "status": 200,
  "from": "sitemap-au (manual capture)"
 },
 {
  "url": "https://www.mallesons.com/au/en/insights/latest-thinking/cfno-says-the-federal-court-in-davaria.html",
  "status": 200,
  "from": "sitemap-au (manual capture)"
 },
 {
  "url": "https://www.mallesons.com/au/en/insights/latest-thinking/cfos-are-a-go-two-significant-class-action-developments-in-the-federal-court.html",
  "status": 200,
  "from": "sitemap-au (manual capture)"
 },
 {
  "url": "https://www.mallesons.com/au/en/insights/latest-thinking/cgt-amendments-a-blast-from-the-past-and-a-new-minimum-tax.html",
  "status": 200,
  "from": "sitemap-au (manual capture)"
 },
 {
  "url": "https://www.mallesons.com/au/en/insights/latest-thinking/challenges-for-boards-2026-the-productivity-imperative-and-the-real-implications-of-the-federal-budget.html",
  "status": 200,
  "from": "sitemap-au (manual capture)"
 },
 {
  "url": "https://www.mallesons.com/au/en/insights/latest-thinking/challenges-for-boards-governance-and-ai.html",
  "status": 200,
  "from": "sitemap-au (manual capture)"
 },
 {
  "url": "https://www.mallesons.com/au/en/insights/latest-thinking/change-is-coming-shareholder-approval-requirements-under-asx-listing-rules.html",
  "status": 200,
  "from": "sitemap-au (manual capture)"
 },
 {
  "url": "https://www.mallesons.com/au/en/insights/latest-thinking/changes-to-accc-merger-clearance-regime-new-thresholds-exemptions-and-triggers.html",
  "status": 200,
  "from": "sitemap-au (manual capture)"
 },
 {
  "url": "https://www.mallesons.com/au/en/insights/latest-thinking/changes-to-greenhouse-gas-assessment-for-major-projects-in-nsw-mount-pleasant-decision.html",
  "status": 200,
  "from": "sitemap-au (manual capture)"
 },
 {
  "url": "https://www.mallesons.com/au/en/insights/latest-thinking/changes-to-tax-whistleblower-provisions-new-eligible-recipients.html",
  "status": 200,
  "from": "sitemap-au (manual capture)"
 },
 {
  "url": "https://www.mallesons.com/au/en/insights/latest-thinking/charging-ahead-new-planning-framework-for-battery-storage-projects-in-queensland.html",
  "status": 200,
  "from": "sitemap-au (manual capture)"
 },
 {
  "url": "https://www.mallesons.com/au/en/insights/latest-thinking/childcare-inquiry-what-this-means-for-private-capital.html",
  "status": 200,
  "from": "sitemap-au (manual capture)"
 },
 {
  "url": "https://www.mallesons.com/au/en/insights/latest-thinking/chinas-carbon-markets-set-to-expand-in-the-year-of-the-rabbit.html",
  "status": 200,
  "from": "sitemap-au (manual capture)"
 },
 {
  "url": "https://www.mallesons.com/au/en/insights/latest-thinking/cisc-is-consulting-on-rules-to-be-made-under-omnibus-cyber-security-and-critical-infrastructure-package.html",
  "status": 200,
  "from": "sitemap-au (manual capture)"
 },
 {
  "url": "https://www.mallesons.com/au/en/insights/latest-thinking/clarifying-the-boundaries-of-protected-whistleblower-disclosures.html",
  "status": 200,
  "from": "sitemap-au (manual capture)"
 },
 {
  "url": "https://www.mallesons.com/au/en/insights/latest-thinking/click-here-to-lose-your-rights-full-federal-court-confirms-arbitration-clause-in-consumer-trading-platform-contract-was-unfair.html",
  "status": 200,
  "from": "sitemap-au (manual capture)"
 },
 {
  "url": "https://www.mallesons.com/au/en/insights/latest-thinking/climate-active-reforms-dumping-carbon-neutral-and-getting-real-with-direct-emissions-reductions.html",
  "status": 200,
  "from": "sitemap-au (manual capture)"
 },
 {
  "url": "https://www.mallesons.com/au/en/insights/latest-thinking/climate-change-litigation-targets-board-of-directors-in-world-first-derivative-action.html",
  "status": 200,
  "from": "sitemap-au (manual capture)"
 },
 {
  "url": "https://www.mallesons.com/au/en/insights/latest-thinking/climate-governance-and-reporting-trends-of-the-asx50-in-2024-banks-and-insurers.html",
  "status": 200,
  "from": "sitemap-au (manual capture)"
 },
 {
  "url": "https://www.mallesons.com/au/en/insights/latest-thinking/climate-governance-and-reporting-trends-of-the-asx50-in-2024-communication-services-and-information-technology.html",
  "status": 200,
  "from": "sitemap-au (manual capture)"
 },
 {
  "url": "https://www.mallesons.com/au/en/insights/latest-thinking/climate-governance-and-reporting-trends-of-the-asx50-in-2024-consumer-discretionary-and-consumer-staples.html",
  "status": 200,
  "from": "sitemap-au (manual capture)"
 },
 {
  "url": "https://www.mallesons.com/au/en/insights/latest-thinking/climate-governance-and-reporting-trends-of-the-asx50-in-2024-energy-and-utilities.html",
  "status": 200,
  "from": "sitemap-au (manual capture)"
 },
 {
  "url": "https://www.mallesons.com/au/en/insights/latest-thinking/climate-governance-and-reporting-trends-of-the-asx50-in-2024-healthcare.html",
  "status": 200,
  "from": "sitemap-au (manual capture)"
 },
 {
  "url": "https://www.mallesons.com/au/en/insights/latest-thinking/climate-governance-and-reporting-trends-of-the-asx50-in-2024-industrials.html",
  "status": 200,
  "from": "sitemap-au (manual capture)"
 },
 {
  "url": "https://www.mallesons.com/au/en/insights/latest-thinking/climate-governance-and-reporting-trends-of-the-asx50-in-2024-materials.html",
  "status": 200,
  "from": "sitemap-au (manual capture)"
 },
 {
  "url": "https://www.mallesons.com/au/en/insights/latest-thinking/climate-governance-and-reporting-trends-of-the-asx50-in-2024-real-estate.html",
  "status": 200,
  "from": "sitemap-au (manual capture)"
 },
 {
  "url": "https://www.mallesons.com/au/en/insights/latest-thinking/climate-governance-and-reporting-trends-of-the-asx50-in-2024-the-latest-climate-science.html",
  "status": 200,
  "from": "sitemap-au (manual capture)"
 },
 {
  "url": "https://www.mallesons.com/au/en/insights/latest-thinking/climate-litigation-is-shaping-the-regulatory-landscape-in-australia.html",
  "status": 200,
  "from": "sitemap-au (manual capture)"
 },
 {
  "url": "https://www.mallesons.com/au/en/insights/latest-thinking/climate-obligations-in-australia-and-abroad-are-oceans-apart-what-does-it-mean.html",
  "status": 200,
  "from": "sitemap-au (manual capture)"
 },
 {
  "url": "https://www.mallesons.com/au/en/insights/latest-thinking/climate-related-financial-disclosure.html",
  "status": 200,
  "from": "sitemap-au (manual capture)"
 },
 {
  "url": "https://www.mallesons.com/au/en/insights/latest-thinking/climate-reporting-has-arrived-what-it-means-for-the-real-estate.html",
  "status": 200,
  "from": "sitemap-au (manual capture)"
 },
 {
  "url": "https://www.mallesons.com/au/en/insights/latest-thinking/closing-loopholes-2-0-governments-ir-reform-package-passes-the-senate.html",
  "status": 200,
  "from": "sitemap-au (manual capture)"
 },
 {
  "url": "https://www.mallesons.com/au/en/insights/latest-thinking/closing-loopholes-bill-our-summary-of-the-proposed-new-laws.html",
  "status": 200,
  "from": "sitemap-au (manual capture)"
 },
 {
  "url": "https://www.mallesons.com/au/en/insights/latest-thinking/closing-loopholes-legislation-receives-royal-assent.html",
  "status": 200,
  "from": "sitemap-au (manual capture)"
 },
 {
  "url": "https://www.mallesons.com/au/en/insights/latest-thinking/closing-loopholes-or-a-stitch-up-the-governments-ir-law-reforms.html",
  "status": 200,
  "from": "sitemap-au (manual capture)"
 },
 {
  "url": "https://www.mallesons.com/au/en/insights/latest-thinking/closing-loopholes-reforms-a-timeline.html",
  "status": 200,
  "from": "sitemap-au (manual capture)"
 },
 {
  "url": "https://www.mallesons.com/au/en/insights/latest-thinking/closing-the-gender-pay-gap-new-mandatory-reporting-requirements.html",
  "status": 200,
  "from": "sitemap-au (manual capture)"
 },
 {
  "url": "https://www.mallesons.com/au/en/insights/latest-thinking/closing-the-loopholes-bill-key-takeaways.html",
  "status": 200,
  "from": "sitemap-au (manual capture)"
 },
 {
  "url": "https://www.mallesons.com/au/en/insights/latest-thinking/come-fund-with-me-a-common-fund-order-first-in-queensland.html",
  "status": 200,
  "from": "sitemap-au (manual capture)"
 },
 {
  "url": "https://www.mallesons.com/au/en/insights/latest-thinking/commercial-and-industrial-property-tax-reform-bill-2024.html",
  "status": 200,
  "from": "sitemap-au (manual capture)"
 },
 {
  "url": "https://www.mallesons.com/au/en/insights/latest-thinking/commercial-and-industrial-property-tax-reform-further-developments.html",
  "status": 200,
  "from": "sitemap-au (manual capture)"
 },
 {
  "url": "https://www.mallesons.com/au/en/insights/latest-thinking/commissioner-of-taxation-v-bendel-2025-fcafc-15-upes-are-not-loans-for-division-7a-purposes.html",
  "status": 200,
  "from": "sitemap-au (manual capture)"
 },
 {
  "url": "https://www.mallesons.com/au/en/insights/latest-thinking/commissioner-of-taxation-v-guardian-ait-pty-ltd-atf-australian-investment-trust.html",
  "status": 200,
  "from": "sitemap-au (manual capture)"
 },
 {
  "url": "https://www.mallesons.com/au/en/insights/latest-thinking/commonwealth-gender-equality-strategy-update-working-for-women.html",
  "status": 200,
  "from": "sitemap-au (manual capture)"
 },
 {
  "url": "https://www.mallesons.com/au/en/insights/latest-thinking/commonwealth-procurement-series-the-importance-of-sticking-to-your-evaluation-guns.html",
  "status": 200,
  "from": "sitemap-au (manual capture)"
 },
 {
  "url": "https://www.mallesons.com/au/en/insights/latest-thinking/commonwealth-releases-details-on-capacity-investment-scheme-in-western-australia.html",
  "status": 200,
  "from": "sitemap-au (manual capture)"
 },
 {
  "url": "https://www.mallesons.com/au/en/insights/latest-thinking/competing-systems-of-redress.html",
  "status": 200,
  "from": "sitemap-au (manual capture)"
 },
 {
  "url": "https://www.mallesons.com/au/en/insights/latest-thinking/concentrating-on-concentration-accc-to-focus-on-oligopolies-and-merger-law-reform-in-2025.html",
  "status": 200,
  "from": "sitemap-au (manual capture)"
 },
 {
  "url": "https://www.mallesons.com/au/en/insights/latest-thinking/concessional-treatment-for-carbon-credits.html",
  "status": 200,
  "from": "sitemap-au (manual capture)"
 },
 {
  "url": "https://www.mallesons.com/au/en/insights/latest-thinking/conditionally-yours-tackling-firb-uncertainty-in-foreign-bids.html",
  "status": 200,
  "from": "sitemap-au (manual capture)"
 },
 {
  "url": "https://www.mallesons.com/au/en/insights/latest-thinking/conflicts-of-interest-in-the-commonwealth-context.html",
  "status": 200,
  "from": "sitemap-au (manual capture)"
 },
 {
  "url": "https://www.mallesons.com/au/en/insights/latest-thinking/consent-denied-when-refusing-consent-to-a-change-of-control-becomes-unreasonable.html",
  "status": 200,
  "from": "sitemap-au (manual capture)"
 },
 {
  "url": "https://www.mallesons.com/au/en/insights/latest-thinking/consolidation-in-the-private-health-insurance-sector-a-unique-dealscape.html",
  "status": 200,
  "from": "sitemap-au (manual capture)"
 },
 {
  "url": "https://www.mallesons.com/au/en/insights/latest-thinking/constructing-a-case-for-nuisance-lessons-from-sydney-light-rail.html",
  "status": 200,
  "from": "sitemap-au (manual capture)"
 },
 {
  "url": "https://www.mallesons.com/au/en/insights/latest-thinking/consultation-open-on-next-tranche-of-workplace-reforms.html",
  "status": 200,
  "from": "sitemap-au (manual capture)"
 },
 {
  "url": "https://www.mallesons.com/au/en/insights/latest-thinking/consumer-data-right-in-2023.html",
  "status": 200,
  "from": "sitemap-au (manual capture)"
 },
 {
  "url": "https://www.mallesons.com/au/en/insights/latest-thinking/consumer-energy-resources-a-tech-enabled-transformation.html",
  "status": 200,
  "from": "sitemap-au (manual capture)"
 },
 {
  "url": "https://www.mallesons.com/au/en/insights/latest-thinking/consumer-energy-resources-ai-and-automation.html",
  "status": 200,
  "from": "sitemap-au (manual capture)"
 },
 {
  "url": "https://www.mallesons.com/au/en/insights/latest-thinking/consumer-energy-resources-cyber-security.html",
  "status": 200,
  "from": "sitemap-au (manual capture)"
 },
 {
  "url": "https://www.mallesons.com/au/en/insights/latest-thinking/consumer-energy-resources-data-and-privacy.html",
  "status": 200,
  "from": "sitemap-au (manual capture)"
 },
 {
  "url": "https://www.mallesons.com/au/en/insights/latest-thinking/consumer-staples-the-bread-and-butter-approach-to-class-actions.html",
  "status": 200,
  "from": "sitemap-au (manual capture)"
 },
 {
  "url": "https://www.mallesons.com/au/en/insights/latest-thinking/contingency-fees-for-victoria-only-high-court-confirms-federal-court-has-no-power-to-allow-solicitors-to-take-a-cut-of-a-class-action-settlement-or-judgment.html",
  "status": 200,
  "from": "sitemap-au (manual capture)"
 },
 {
  "url": "https://www.mallesons.com/au/en/insights/latest-thinking/continuous-disclosure-and-how-to-navigate-constructive-awareness-in-the-age-of-technology.html",
  "status": 200,
  "from": "sitemap-au (manual capture)"
 },
 {
  "url": "https://www.mallesons.com/au/en/insights/latest-thinking/continuous-disclosure-the-tide-turns-on-shareholder-class-actions.html",
  "status": 200,
  "from": "sitemap-au (manual capture)"
 },
 {
  "url": "https://www.mallesons.com/au/en/insights/latest-thinking/contractual-cosmetics-the-as4000-gets-a-facelift.html",
  "status": 200,
  "from": "sitemap-au (manual capture)"
 },
 {
  "url": "https://www.mallesons.com/au/en/insights/latest-thinking/control-alt-relief-parliament-clarifies-the-merger-rulebook.html",
  "status": 200,
  "from": "sitemap-au (manual capture)"
 },
 {
  "url": "https://www.mallesons.com/au/en/insights/latest-thinking/corporate-governance-regulatory-tracker-update-whats-happened-since-november-2024.html",
  "status": 200,
  "from": "sitemap-au (manual capture)"
 },
 {
  "url": "https://www.mallesons.com/au/en/insights/latest-thinking/corporate-governance-regulatory-tracker.html",
  "status": 200,
  "from": "sitemap-au (manual capture)"
 },
 {
  "url": "https://www.mallesons.com/au/en/insights/latest-thinking/corporate-watchdog-maintains-focus-on-superannuation-platform-advice-fees.html",
  "status": 200,
  "from": "sitemap-au (manual capture)"
 },
 {
  "url": "https://www.mallesons.com/au/en/insights/latest-thinking/cost-of-living-relief-for-gp-visits-nsw-governments-bulk-billing-support-initiative.html",
  "status": 200,
  "from": "sitemap-au (manual capture)"
 },
 {
  "url": "https://www.mallesons.com/au/en/insights/latest-thinking/countdown-to-the-administrative-review-tribunal-1-week-to-go.html",
  "status": 200,
  "from": "sitemap-au (manual capture)"
 },
 {
  "url": "https://www.mallesons.com/au/en/insights/latest-thinking/countdown-to-the-administrative-review-tribunal-2-weeks-to-go.html",
  "status": 200,
  "from": "sitemap-au (manual capture)"
 },
 {
  "url": "https://www.mallesons.com/au/en/insights/latest-thinking/countdown-to-the-administrative-review-tribunal-3-weeks-to-go.html",
  "status": 200,
  "from": "sitemap-au (manual capture)"
 },
 {
  "url": "https://www.mallesons.com/au/en/insights/latest-thinking/countdown-to-the-administrative-review-tribunal-4-weeks-to-go.html",
  "status": 200,
  "from": "sitemap-au (manual capture)"
 },
 {
  "url": "https://www.mallesons.com/au/en/insights/latest-thinking/countdown-to-the-administrative-review-tribunal.html",
  "status": 200,
  "from": "sitemap-au (manual capture)"
 },
 {
  "url": "https://www.mallesons.com/au/en/insights/latest-thinking/countdown-to-the-spf-recent-developments-in-the-scams-regulatory-landscape.html",
  "status": 200,
  "from": "sitemap-au (manual capture)"
 },
 {
  "url": "https://www.mallesons.com/au/en/insights/latest-thinking/court-services-victoria-receives-significant-fine-for-psychosocial-safety-breach.html",
  "status": 200,
  "from": "sitemap-au (manual capture)"
 },
 {
  "url": "https://www.mallesons.com/au/en/insights/latest-thinking/cov-what-financial-covenants-in-leveraged-finance-deals.html",
  "status": 200,
  "from": "sitemap-au (manual capture)"
 },
 {
  "url": "https://www.mallesons.com/au/en/insights/latest-thinking/cps-511-remuneration-disclosures-in-2025.html",
  "status": 200,
  "from": "sitemap-au (manual capture)"
 },
 {
  "url": "https://www.mallesons.com/au/en/insights/latest-thinking/cps-511-remuneration-governance-halfway-there.html",
  "status": 200,
  "from": "sitemap-au (manual capture)"
 },
 {
  "url": "https://www.mallesons.com/au/en/insights/latest-thinking/criminalisation-of-wage-theft-what-proposed-new-laws-could-mean-for-directors.html",
  "status": 200,
  "from": "sitemap-au (manual capture)"
 },
 {
  "url": "https://www.mallesons.com/au/en/insights/latest-thinking/critical-insecurity-how-critical-minerals-policies-are-impacting-global-markets-and-supply-chains.html",
  "status": 200,
  "from": "sitemap-au (manual capture)"
 },
 {
  "url": "https://www.mallesons.com/au/en/insights/latest-thinking/critical-minerals-2025-wrap-up-what-you-need-to-know.html",
  "status": 200,
  "from": "sitemap-au (manual capture)"
 },
 {
  "url": "https://www.mallesons.com/au/en/insights/latest-thinking/critical-minerals-a-year-in-review-and-2025-opportunities.html",
  "status": 200,
  "from": "sitemap-au (manual capture)"
 },
 {
  "url": "https://www.mallesons.com/au/en/insights/latest-thinking/critical-minerals-data-centres-and-copper-demand.html",
  "status": 200,
  "from": "sitemap-au (manual capture)"
 },
 {
  "url": "https://www.mallesons.com/au/en/insights/latest-thinking/critical-minerals-the-central-role-of-copper-to-ai-and-net-zero.html",
  "status": 200,
  "from": "sitemap-au (manual capture)"
 },
 {
  "url": "https://www.mallesons.com/au/en/insights/latest-thinking/critical-minerals-uranium-and-the-rise-of-energy-security-diplomacy.html",
  "status": 200,
  "from": "sitemap-au (manual capture)"
 },
 {
  "url": "https://www.mallesons.com/au/en/insights/latest-thinking/cross-border-electricity-trade-moves-from-concept-to-bankable-path-what-the-singapore-australia-cbet-framework-means.html",
  "status": 200,
  "from": "sitemap-au (manual capture)"
 },
 {
  "url": "https://www.mallesons.com/au/en/insights/latest-thinking/crypto-custody-asic-expands-its-regulatory-guidance-under-rg-133.html",
  "status": 200,
  "from": "sitemap-au (manual capture)"
 },
 {
  "url": "https://www.mallesons.com/au/en/insights/latest-thinking/crypto-litigation-risk-heats-up-promoters-VCs-on-notice.html",
  "status": 301,
  "finalUrl": "https://www.mallesons.com/au/en/insights/latest-thinking.html",
  "from": "sample"
 },
 {
  "url": "https://www.mallesons.com/au/en/insights/latest-thinking/crypto-regulatory-resources.html",
  "status": 200,
  "from": "sitemap-au (manual capture)"
 },
 {
  "url": "https://www.mallesons.com/au/en/insights/latest-thinking/cryptocurrency-is-property-under-Hong-Kong-law.html",
  "status": 200,
  "from": "sitemap-au (manual capture)"
 },
 {
  "url": "https://www.mallesons.com/au/en/insights/latest-thinking/csp-registrations-and-higher-penalties-round-two-of-enhancing-telecommunications-consumer-safeguards.html",
  "status": 200,
  "from": "sitemap-au (manual capture)"
 },
 {
  "url": "https://www.mallesons.com/au/en/insights/latest-thinking/cth-political-donation-disclosure-laws-are-fundamentally-changing-are-you-ready.html",
  "status": 200,
  "from": "sitemap-au (manual capture)"
 },
 {
  "url": "https://www.mallesons.com/au/en/insights/latest-thinking/cultivating-success-land-of-plenty-report-champions-australias-potential-as-a-food-superpower.html",
  "status": 200,
  "from": "sitemap-au (manual capture)"
 },
 {
  "url": "https://www.mallesons.com/au/en/insights/latest-thinking/current-trends-and-developments-in-procurement-of-data-centre-delivery.html",
  "status": 200,
  "from": "sitemap-au (manual capture)"
 },
 {
  "url": "https://www.mallesons.com/au/en/insights/latest-thinking/cutting-through-the-red-tape-reform-in-the-construction-industry.html",
  "status": 200,
  "from": "sitemap-au (manual capture)"
 },
 {
  "url": "https://www.mallesons.com/au/en/insights/latest-thinking/cutting-through-the-tape-what-deregulation-in-the-construction-industry-might-look-like.html",
  "status": 200,
  "from": "sitemap-au (manual capture)"
 },
 {
  "url": "https://www.mallesons.com/au/en/insights/latest-thinking/cyber-security-if-you-share-an-incident-report-with-the-government-can-it-come-back-to-bite-you.html",
  "status": 200,
  "from": "sitemap-au (manual capture)"
 },
 {
  "url": "https://www.mallesons.com/au/en/insights/latest-thinking/d-and-o-insurance-in-2023-softening-market-hardening-judicial-approach-to-penalties.html",
  "status": 200,
  "from": "sitemap-au (manual capture)"
 },
 {
  "url": "https://www.mallesons.com/au/en/insights/latest-thinking/dabus-dismissed-again-united-states-supreme-court-declines-to-consider-whether-ai-can-be-an-inventor.html",
  "status": 200,
  "from": "sitemap-au (manual capture)"
 },
 {
  "url": "https://www.mallesons.com/au/en/insights/latest-thinking/data-centres-energy-considerations-part-i-powering.html",
  "status": 200,
  "from": "sitemap-au (manual capture)"
 },
 {
  "url": "https://www.mallesons.com/au/en/insights/latest-thinking/data-centres-energy-considerations-part-ii-co-location-from-resilience-to-revenue.html",
  "status": 200,
  "from": "sitemap-au (manual capture)"
 },
 {
  "url": "https://www.mallesons.com/au/en/insights/latest-thinking/data-wars-part-3-statutory-tort-incoming.html",
  "status": 200,
  "from": "sitemap-au (manual capture)"
 },
 {
  "url": "https://www.mallesons.com/au/en/insights/latest-thinking/data-wars-part-iv-enforcement-reforms-in-the-privacy-amendment-bill.html",
  "status": 200,
  "from": "sitemap-au (manual capture)"
 },
 {
  "url": "https://www.mallesons.com/au/en/insights/latest-thinking/data-wars-tortious-invasions-of-privacy.html",
  "status": 200,
  "from": "sitemap-au (manual capture)"
 },
 {
  "url": "https://www.mallesons.com/au/en/insights/latest-thinking/day-1-of-the-administrative-review-tribunal.html",
  "status": 200,
  "from": "sitemap-au (manual capture)"
 },
 {
  "url": "https://www.mallesons.com/au/en/insights/latest-thinking/day-1-readiness-for-mandatory-climate-reporting-.html",
  "status": 200,
  "from": "sitemap-au (manual capture)"
 },
 {
  "url": "https://www.mallesons.com/au/en/insights/latest-thinking/de-banking-in-good-faith-when-can-a-bank-de-bank-a-customer.html",
  "status": 200,
  "from": "sitemap-au (manual capture)"
 },
 {
  "url": "https://www.mallesons.com/au/en/insights/latest-thinking/deadline-day-asics-digital-assets-no-action-ends-next-week.html",
  "status": 200,
  "from": "sitemap-au (manual capture)"
 },
 {
  "url": "https://www.mallesons.com/au/en/insights/latest-thinking/dealing-in-transition-whats-ahead-for-energy-m-and-a.html",
  "status": 200,
  "from": "sitemap-au (manual capture)"
 },
 {
  "url": "https://www.mallesons.com/au/en/insights/latest-thinking/dealing-with-employee-equity-incentives-in-change-of-control-transactions-issues-for-directors.html",
  "status": 200,
  "from": "sitemap-au (manual capture)"
 },
 {
  "url": "https://www.mallesons.com/au/en/insights/latest-thinking/dealmaking--the-new-cartography.html",
  "status": 200,
  "from": "sitemap-au (manual capture)"
 },
 {
  "url": "https://www.mallesons.com/au/en/insights/latest-thinking/deciphering-asics-private-markets-review-an-oppoortunity-to-engage.html",
  "status": 200,
  "from": "sitemap-au (manual capture)"
 },
 {
  "url": "https://www.mallesons.com/au/en/insights/latest-thinking/deciphering-asics-private-markets-review-where-are-we-heading-in-2025.html",
  "status": 200,
  "from": "sitemap-au (manual capture)"
 },
 {
  "url": "https://www.mallesons.com/au/en/insights/latest-thinking/deemed-licensing-window-for-hk-virtual-asset-exchanges-has-now-commenced.html",
  "status": 200,
  "from": "sitemap-au (manual capture)"
 },
 {
  "url": "https://www.mallesons.com/au/en/insights/latest-thinking/defective-works-what-is-reasonable-mitigation-where-you-have-lost-trust-in-your-builder.html",
  "status": 200,
  "from": "sitemap-au (manual capture)"
 },
 {
  "url": "https://www.mallesons.com/au/en/insights/latest-thinking/deferred-bonus-and-forfeiture-conditions-ruled-invalid-by-federal-court-the-new-challenge-for-incentive-arrangements.html",
  "status": 200,
  "from": "sitemap-au (manual capture)"
 },
 {
  "url": "https://www.mallesons.com/au/en/insights/latest-thinking/delivering-better-financial-outcomes-tranche-2a-a-missed-opportunity.html",
  "status": 200,
  "from": "sitemap-au (manual capture)"
 },
 {
  "url": "https://www.mallesons.com/au/en/insights/latest-thinking/demise-of-the-asx-corporate-governance-council.html",
  "status": 200,
  "from": "sitemap-au (manual capture)"
 },
 {
  "url": "https://www.mallesons.com/au/en/insights/latest-thinking/demystifying-payments-of-trust-property-under-section-99b-ato-new-draft-guidance.html",
  "status": 200,
  "from": "sitemap-au (manual capture)"
 },
 {
  "url": "https://www.mallesons.com/au/en/insights/latest-thinking/denying-deductions-for-payments-relating-to-intangible-assets-connected-with-low-tax-jurisdictions.html",
  "status": 200,
  "from": "sitemap-au (manual capture)"
 },
 {
  "url": "https://www.mallesons.com/au/en/insights/latest-thinking/despite-geopolitical-volatility-dealmakers-keep-moving.html",
  "status": 200,
  "from": "sitemap-au (manual capture)"
 },
 {
  "url": "https://www.mallesons.com/au/en/insights/latest-thinking/detriment-under-the-whistleblowing-regime-what-it-means-and-how-to-minimise-risk.html",
  "status": 200,
  "from": "sitemap-au (manual capture)"
 },
 {
  "url": "https://www.mallesons.com/au/en/insights/latest-thinking/developer-liability-for-defects-in-nsw-non-apportionable-and-non-delegable.html",
  "status": 200,
  "from": "sitemap-au (manual capture)"
 },
 {
  "url": "https://www.mallesons.com/au/en/insights/latest-thinking/development-of-carbon-trading-markets-in-southeast-asia.html",
  "status": 200,
  "from": "sitemap-au (manual capture)"
 },
 {
  "url": "https://www.mallesons.com/au/en/insights/latest-thinking/developments-in-new-zealand-infrastructure-project-delivery-and-.html",
  "status": 200,
  "from": "sitemap-au (manual capture)"
 },
 {
  "url": "https://www.mallesons.com/au/en/insights/latest-thinking/developments-in-the-regulation-of-artificial-intelligence.html",
  "status": 200,
  "from": "sitemap-au (manual capture)"
 },
 {
  "url": "https://www.mallesons.com/au/en/insights/latest-thinking/digital-duty-of-care-australias-latest-move-on-online-safety.html",
  "status": 200,
  "from": "sitemap-au (manual capture)"
 },
 {
  "url": "https://www.mallesons.com/au/en/insights/latest-thinking/digital-future-summit-2023-key-insights-from-the-conversations.html",
  "status": 200,
  "from": "sitemap-au (manual capture)"
 },
 {
  "url": "https://www.mallesons.com/au/en/insights/latest-thinking/digital-future-summit-2025.html",
  "status": 200,
  "from": "sitemap-au (manual capture)"
 },
 {
  "url": "https://www.mallesons.com/au/en/insights/latest-thinking/digital-identity-bill-introduced-to-parliament.html",
  "status": 200,
  "from": "sitemap-au (manual capture)"
 },
 {
  "url": "https://www.mallesons.com/au/en/insights/latest-thinking/discretionary-trusts-limited-time-offer-for-relief-from-minimum-tax.html",
  "status": 200,
  "from": "sitemap-au (manual capture)"
 },
 {
  "url": "https://www.mallesons.com/au/en/insights/latest-thinking/dispute-trends-and-predictions-for-2026.html",
  "status": 200,
  "from": "sitemap-au (manual capture)"
 },
 {
  "url": "https://www.mallesons.com/au/en/insights/latest-thinking/div-recaps-have-your-cake-and-eat-your-portco-too.html",
  "status": 200,
  "from": "sitemap-au (manual capture)"
 },
 {
  "url": "https://www.mallesons.com/au/en/insights/latest-thinking/do-contract-recitals-have-any-legal-effect.html",
  "status": 200,
  "from": "sitemap-au (manual capture)"
 },
 {
  "url": "https://www.mallesons.com/au/en/insights/latest-thinking/do-we-have-an-understanding-high-court-rules-against-accc-in-appeal-regarding-anti-competitive-understanding.html",
  "status": 200,
  "from": "sitemap-au (manual capture)"
 },
 {
  "url": "https://www.mallesons.com/au/en/insights/latest-thinking/doing-deals-in-wobbly-markets-who-bears-the-risk-of-time.html",
  "status": 200,
  "from": "sitemap-au (manual capture)"
 },
 {
  "url": "https://www.mallesons.com/au/en/insights/latest-thinking/domestic-gas-reservation-draft-design-key-takeaways.html",
  "status": 200,
  "from": "sitemap-au (manual capture)"
 },
 {
  "url": "https://www.mallesons.com/au/en/insights/latest-thinking/domestic-gas-reservation-scheme-exposure-drafts-key-takeaways.html",
  "status": 200,
  "from": "sitemap-au (manual capture)"
 },
 {
  "url": "https://www.mallesons.com/au/en/insights/latest-thinking/dominant-use-dominant-evidence-nsw-tribunal-raises-the-evidentiary-bar-for-landowners-seeking-a-primary-production-land-tax-exemption.html",
  "status": 200,
  "from": "sitemap-au (manual capture)"
 },
 {
  "url": "https://www.mallesons.com/au/en/insights/latest-thinking/dont-let-a-leak-sink-your-ship.html",
  "status": 200,
  "from": "sitemap-au (manual capture)"
 },
 {
  "url": "https://www.mallesons.com/au/en/insights/latest-thinking/dont-want-to-be-tomorrows-headline-for-the-wrong-reasons-do-a-governance-health-check.html",
  "status": 200,
  "from": "sitemap-au (manual capture)"
 },
 {
  "url": "https://www.mallesons.com/au/en/insights/latest-thinking/draft-order-released-some-clarity-more-confusion.html",
  "status": 200,
  "from": "sitemap-au (manual capture)"
 },
 {
  "url": "https://www.mallesons.com/au/en/insights/latest-thinking/draft-sustainability-reporting-legislation-released-for-consulta.html",
  "status": 200,
  "from": "sitemap-au (manual capture)"
 },
 {
  "url": "https://www.mallesons.com/au/en/insights/latest-thinking/drafting-on-borrowed-time-preparing-for-victorias-sopa-reforms.html",
  "status": 200,
  "from": "sitemap-au (manual capture)"
 },
 {
  "url": "https://www.mallesons.com/au/en/insights/latest-thinking/driving-esg-accountability-regular-reassessment-is-crucial.html",
  "status": 200,
  "from": "sitemap-au (manual capture)"
 },
 {
  "url": "https://www.mallesons.com/au/en/insights/latest-thinking/drugs-and-devices-on-trial-a-decade-of-health-sector-class-actions-in-australia.html",
  "status": 200,
  "from": "sitemap-au (manual capture)"
 },
 {
  "url": "https://www.mallesons.com/au/en/insights/latest-thinking/e-signing-by-companies-under-the-corporations-act-here-to-stay.html",
  "status": 200,
  "from": "sitemap-au (manual capture)"
 },
 {
  "url": "https://www.mallesons.com/au/en/insights/latest-thinking/easing-cost-of-living-accc-announces-2024-enforcement-priorities-with-a-focus-on-consumers.html",
  "status": 200,
  "from": "sitemap-au (manual capture)"
 },
 {
  "url": "https://www.mallesons.com/au/en/insights/latest-thinking/election-countdown-caretaker-mode-and-other-campaign-considerations-for-companies.html",
  "status": 200,
  "from": "sitemap-au (manual capture)"
 },
 {
  "url": "https://www.mallesons.com/au/en/insights/latest-thinking/election-results-impact-on-infrastructure.html",
  "status": 200,
  "from": "sitemap-au (manual capture)"
 },
 {
  "url": "https://www.mallesons.com/au/en/insights/latest-thinking/embedded-royalties-not-just-the-flavour-of-the-month-federal-court-scrutinises-pepsicos-intangibles-arrangements.html",
  "status": 200,
  "from": "sitemap-au (manual capture)"
 },
 {
  "url": "https://www.mallesons.com/au/en/insights/latest-thinking/employee-share-schemes-sharing-knowledge-from-the-last-18-months.html",
  "status": 200,
  "from": "sitemap-au (manual capture)"
 },
 {
  "url": "https://www.mallesons.com/au/en/insights/latest-thinking/employment-class-actions-no-signs-of-slowing-down.html",
  "status": 200,
  "from": "sitemap-au (manual capture)"
 },
 {
  "url": "https://www.mallesons.com/au/en/insights/latest-thinking/employment-class-actions-working-overtime.html",
  "status": 200,
  "from": "sitemap-au (manual capture)"
 },
 {
  "url": "https://www.mallesons.com/au/en/insights/latest-thinking/encouraging-aspiration-unlocking-opportunity-lifting-real-wages-the-proposed-ban-on-non-compete-clauses.html",
  "status": 200,
  "from": "sitemap-au (manual capture)"
 },
 {
  "url": "https://www.mallesons.com/au/en/insights/latest-thinking/energising-innovation-data-centres-and-the-future-of-australias-electricity-network.html",
  "status": 200,
  "from": "sitemap-au (manual capture)"
 },
 {
  "url": "https://www.mallesons.com/au/en/insights/latest-thinking/energy-renewable-transformation-and-jobs-bill-2023-the-next-step-in-qlds-energy-transition.html",
  "status": 200,
  "from": "sitemap-au (manual capture)"
 },
 {
  "url": "https://www.mallesons.com/au/en/insights/latest-thinking/enforcement-action-ahead-asics-focus-on-poor-distribution-of-financial-products.html",
  "status": 200,
  "from": "sitemap-au (manual capture)"
 },
 {
  "url": "https://www.mallesons.com/au/en/insights/latest-thinking/enforcement-starts-now-grace-period-for-defence-export-controls-is-over.html",
  "status": 200,
  "from": "sitemap-au (manual capture)"
 },
 {
  "url": "https://www.mallesons.com/au/en/insights/latest-thinking/epa-victoria-consults-on-new-separation-distance-guideline-and-landfill-buffer-guideline.html",
  "status": 200,
  "from": "sitemap-au (manual capture)"
 },
 {
  "url": "https://www.mallesons.com/au/en/insights/latest-thinking/epbc-act-reform-a-new-era-of-commonwealth-environmental-regulation-commencing-in-2026.html",
  "status": 200,
  "from": "sitemap-au (manual capture)"
 },
 {
  "url": "https://www.mallesons.com/au/en/insights/latest-thinking/equitable-fuel-of-the-future-developing-the-hope-of-hydrogen.html",
  "status": 200,
  "from": "sitemap-au (manual capture)"
 },
 {
  "url": "https://www.mallesons.com/au/en/insights/latest-thinking/equity-derivatives-collateral-damage.html",
  "status": 200,
  "from": "sitemap-au (manual capture)"
 },
 {
  "url": "https://www.mallesons.com/au/en/insights/latest-thinking/esg-claims-in-focus-asic-chalks-up-another-greenwashing-win.html",
  "status": 200,
  "from": "sitemap-au (manual capture)"
 },
 {
  "url": "https://www.mallesons.com/au/en/insights/latest-thinking/esg-predictions-what-path-awaits-in-2024.html",
  "status": 200,
  "from": "sitemap-au (manual capture)"
 },
 {
  "url": "https://www.mallesons.com/au/en/insights/latest-thinking/european-parliament-green-lights-eus-csddd-time-to-get-ready-for-the-new-era-in-esg-obligations.html",
  "status": 200,
  "from": "sitemap-au (manual capture)"
 },
 {
  "url": "https://www.mallesons.com/au/en/insights/latest-thinking/europes-ai-regulation-gets-real-what-to-know-and-do-about-the-eu-ai-act-as-it-nears-finalisation.html",
  "status": 200,
  "from": "sitemap-au (manual capture)"
 },
 {
  "url": "https://www.mallesons.com/au/en/insights/latest-thinking/expanded-unfair-terms-regime-is-your-business-ready.html",
  "status": 200,
  "from": "sitemap-au (manual capture)"
 },
 {
  "url": "https://www.mallesons.com/au/en/insights/latest-thinking/expanding-housing-possibilities--nsw-planning-policy-changes-are.html",
  "status": 200,
  "from": "sitemap-au (manual capture)"
 },
 {
  "url": "https://www.mallesons.com/au/en/insights/latest-thinking/exposure-draft-of-gas-market-code-of-conduct-released.html",
  "status": 200,
  "from": "sitemap-au (manual capture)"
 },
 {
  "url": "https://www.mallesons.com/au/en/insights/latest-thinking/extensive-regulatory-reforms-and-funding-for-victorias-housing-sector.html",
  "status": 200,
  "from": "sitemap-au (manual capture)"
 },
 {
  "url": "https://www.mallesons.com/au/en/insights/latest-thinking/failure-to-lodge-financial-reports-asic-shows-its-teeth.html",
  "status": 200,
  "from": "sitemap-au (manual capture)"
 },
 {
  "url": "https://www.mallesons.com/au/en/insights/latest-thinking/fair-simple-and-mostly-nationally-aligned-victoria-set-to-get-with-the-program-on-sopa.html",
  "status": 200,
  "from": "sitemap-au (manual capture)"
 },
 {
  "url": "https://www.mallesons.com/au/en/insights/latest-thinking/fair-work-commission-grills-burger-chain-over-inadequate-enterprise-agreement-explanation.html",
  "status": 200,
  "from": "sitemap-au (manual capture)"
 },
 {
  "url": "https://www.mallesons.com/au/en/insights/latest-thinking/family-trust-distribution-tax-amnesty-halfway-mark-reminder.html",
  "status": 200,
  "from": "sitemap-au (manual capture)"
 },
 {
  "url": "https://www.mallesons.com/au/en/insights/latest-thinking/far-update.html",
  "status": 200,
  "from": "sitemap-au (manual capture)"
 },
 {
  "url": "https://www.mallesons.com/au/en/insights/latest-thinking/fatca-crs-update-ato-enforcement-and-new-rules.html",
  "status": 200,
  "from": "sitemap-au (manual capture)"
 },
 {
  "url": "https://www.mallesons.com/au/en/insights/latest-thinking/federal-budget-2026-27-major-boost-for-rail-infrastructure-and-investment.html",
  "status": 200,
  "from": "sitemap-au (manual capture)"
 },
 {
  "url": "https://www.mallesons.com/au/en/insights/latest-thinking/federal-court-grants-interim-injunction-preventing-construction-of-santos-barossa-gas-export-pipeline-project.html",
  "status": 200,
  "from": "sitemap-au (manual capture)"
 },
 {
  "url": "https://www.mallesons.com/au/en/insights/latest-thinking/federal-court-provides-little-assistance-on-whether-a-bargaining-party-can-run-bargaining-on-a-basis-of-nothing-is-agreed-until-all-is-agreed.html",
  "status": 200,
  "from": "sitemap-au (manual capture)"
 },
 {
  "url": "https://www.mallesons.com/au/en/insights/latest-thinking/federal-court-rules-out-contractual-set-off-of-award-entitlements-between-pay-periods.html",
  "status": 200,
  "from": "sitemap-au (manual capture)"
 },
 {
  "url": "https://www.mallesons.com/au/en/insights/latest-thinking/federal-environmental-law-reform-what-you-need-to-know-in-2023.html",
  "status": 200,
  "from": "sitemap-au (manual capture)"
 },
 {
  "url": "https://www.mallesons.com/au/en/insights/latest-thinking/federal-environmental-legislative-reforms-before-the-senate-and-national-environmental-standards-out-for-consultation.html",
  "status": 200,
  "from": "sitemap-au (manual capture)"
 },
 {
  "url": "https://www.mallesons.com/au/en/insights/latest-thinking/federal-government-presses-ahead-with-capital-management-measures.html",
  "status": 200,
  "from": "sitemap-au (manual capture)"
 },
 {
  "url": "https://www.mallesons.com/au/en/insights/latest-thinking/federal-government-seeks-to-legislate-document-and-face-matching-verification-services.html",
  "status": 200,
  "from": "sitemap-au (manual capture)"
 },
 {
  "url": "https://www.mallesons.com/au/en/insights/latest-thinking/federal-government-takes-the-next-step-in-taxing-unrealised-gains-in-superannuation-for-high-net-worth-individuals.html",
  "status": 200,
  "from": "sitemap-au (manual capture)"
 },
 {
  "url": "https://www.mallesons.com/au/en/insights/latest-thinking/fee-fi-fo-fund-the-state-of-play-in-australian-class-action-financing.html",
  "status": 200,
  "from": "sitemap-au (manual capture)"
 },
 {
  "url": "https://www.mallesons.com/au/en/insights/latest-thinking/feeding-australia-the-case-for-a-national-food-security-strategy.html",
  "status": 200,
  "from": "sitemap-au (manual capture)"
 },
 {
  "url": "https://www.mallesons.com/au/en/insights/latest-thinking/finalised-gas-market-code-comes-into-effect.html",
  "status": 200,
  "from": "sitemap-au (manual capture)"
 },
 {
  "url": "https://www.mallesons.com/au/en/insights/latest-thinking/financial-accountability-regime-rules-finalised-and-further-regulatory-guidance-released.html",
  "status": 200,
  "from": "sitemap-au (manual capture)"
 },
 {
  "url": "https://www.mallesons.com/au/en/insights/latest-thinking/financial-provisioning-in-queensland-sneak-peek-into-expected-reforms.html",
  "status": 200,
  "from": "sitemap-au (manual capture)"
 },
 {
  "url": "https://www.mallesons.com/au/en/insights/latest-thinking/finding-the-green-updated-ato-pcg-sets-out-low-risk-software-payments.html",
  "status": 200,
  "from": "sitemap-au (manual capture)"
 },
 {
  "url": "https://www.mallesons.com/au/en/insights/latest-thinking/fintech-regulatory-timeline.html",
  "status": 200,
  "from": "sitemap-au (manual capture)"
 },
 {
  "url": "https://www.mallesons.com/au/en/insights/latest-thinking/firb-accc-approval-pathways-converge.html",
  "status": 200,
  "from": "sitemap-au (manual capture)"
 },
 {
  "url": "https://www.mallesons.com/au/en/insights/latest-thinking/firb-fee-reductions-a-boost-for-investment-in-build-to-rent.html",
  "status": 200,
  "from": "sitemap-au (manual capture)"
 },
 {
  "url": "https://www.mallesons.com/au/en/insights/latest-thinking/first-cirmp-annual-reports-under-the-soci-act.html",
  "status": 200,
  "from": "sitemap-au (manual capture)"
 },
 {
  "url": "https://www.mallesons.com/au/en/insights/latest-thinking/for-investors-seeking-alpha-its-all-about-the-operations.html",
  "status": 200,
  "from": "sitemap-au (manual capture)"
 },
 {
  "url": "https://www.mallesons.com/au/en/insights/latest-thinking/force-majeure-frustration-and-contract-renegotiation-in-times-of-geopolitical-turbulence.html",
  "status": 200,
  "from": "sitemap-au (manual capture)"
 },
 {
  "url": "https://www.mallesons.com/au/en/insights/latest-thinking/four-corners-on-food-regulation-supply-chains-modern-slavery-and-migrant-workers.html",
  "status": 200,
  "from": "sitemap-au (manual capture)"
 },
 {
  "url": "https://www.mallesons.com/au/en/insights/latest-thinking/freight-policy-reform-in-nsw--key-infrastructure-recommendations.html",
  "status": 200,
  "from": "sitemap-au (manual capture)"
 },
 {
  "url": "https://www.mallesons.com/au/en/insights/latest-thinking/freight-policy-reform-program--interim-directions-paper-publishe.html",
  "status": 200,
  "from": "sitemap-au (manual capture)"
 },
 {
  "url": "https://www.mallesons.com/au/en/insights/latest-thinking/freight-policy-reform-program-consultation-paper--submissions-pu.html",
  "status": 200,
  "from": "sitemap-au (manual capture)"
 },
 {
  "url": "https://www.mallesons.com/au/en/insights/latest-thinking/freight-policy-reform-program-transport-for-nsw.html",
  "status": 200,
  "from": "sitemap-au (manual capture)"
 },
 {
  "url": "https://www.mallesons.com/au/en/insights/latest-thinking/from-ambition-to-action-understanding-australias-2050-net-zero-plan.html",
  "status": 200,
  "from": "sitemap-au (manual capture)"
 },
 {
  "url": "https://www.mallesons.com/au/en/insights/latest-thinking/from-brown-to-green-retrofitting-australias-real-estate.html",
  "status": 200,
  "from": "sitemap-au (manual capture)"
 },
 {
  "url": "https://www.mallesons.com/au/en/insights/latest-thinking/from-oversight-to-offence-navigating-wage-theft-risks-in-portfolio-companies.html",
  "status": 200,
  "from": "sitemap-au (manual capture)"
 },
 {
  "url": "https://www.mallesons.com/au/en/insights/latest-thinking/from-qar-to-delivering-better-financial-outcomes.html",
  "status": 200,
  "from": "sitemap-au (manual capture)"
 },
 {
  "url": "https://www.mallesons.com/au/en/insights/latest-thinking/fuel-cost-recovery-the-new-fwc-order-re-writing-commercial-contracts.html",
  "status": 200,
  "from": "sitemap-au (manual capture)"
 },
 {
  "url": "https://www.mallesons.com/au/en/insights/latest-thinking/full-court-decides-the-future-of-voluntary-disclosure-agreements.html",
  "status": 200,
  "from": "sitemap-au (manual capture)"
 },
 {
  "url": "https://www.mallesons.com/au/en/insights/latest-thinking/full-court-of-australia-examines-complex-copyright-and-patent-law-appeal.html",
  "status": 200,
  "from": "sitemap-au (manual capture)"
 },
 {
  "url": "https://www.mallesons.com/au/en/insights/latest-thinking/full-steam-ahead-interoperability-requirements-introduced-under-the-rail-safety-national-law.html",
  "status": 200,
  "from": "sitemap-au (manual capture)"
 },
 {
  "url": "https://www.mallesons.com/au/en/insights/latest-thinking/funding-australias-transition-to-net-zero-the-australian-governments-sustainable-finance-strategy.html",
  "status": 200,
  "from": "sitemap-au (manual capture)"
 },
 {
  "url": "https://www.mallesons.com/au/en/insights/latest-thinking/funding-initiatives-and-the-2024-federal-budget.html",
  "status": 200,
  "from": "sitemap-au (manual capture)"
 },
 {
  "url": "https://www.mallesons.com/au/en/insights/latest-thinking/funding-winter-fixing-the-damaging-valuation-gap-in-apacs-ailing-fintech-companies.html",
  "status": 200,
  "from": "sitemap-au (manual capture)"
 },
 {
  "url": "https://www.mallesons.com/au/en/insights/latest-thinking/further-revised-treasury-proposals-for-foreign-financial-services-providers.html",
  "status": 200,
  "from": "sitemap-au (manual capture)"
 },
 {
  "url": "https://www.mallesons.com/au/en/insights/latest-thinking/future-gas-strategy-transitioning-towards-net-zero.html",
  "status": 200,
  "from": "sitemap-au (manual capture)"
 },
 {
  "url": "https://www.mallesons.com/au/en/insights/latest-thinking/future-ready-deadline-approaches-for-government-to-be-ai-trained.html",
  "status": 200,
  "from": "sitemap-au (manual capture)"
 },
 {
  "url": "https://www.mallesons.com/au/en/insights/latest-thinking/g-global-hca-upholds-retroactive-fix-to-state-and-land-tax-surcharges.html",
  "status": 200,
  "from": "sitemap-au (manual capture)"
 },
 {
  "url": "https://www.mallesons.com/au/en/insights/latest-thinking/gas-market-reforms-a-step-too-far.html",
  "status": 200,
  "from": "sitemap-au (manual capture)"
 },
 {
  "url": "https://www.mallesons.com/au/en/insights/latest-thinking/gas-the-linchpin-during-times-of-uncertainty.html",
  "status": 200,
  "from": "sitemap-au (manual capture)"
 },
 {
  "url": "https://www.mallesons.com/au/en/insights/latest-thinking/gearing-up-for-a-new-era-of-negative-gearing-what-investors-need-to-know-now.html",
  "status": 200,
  "from": "sitemap-au (manual capture)"
 },
 {
  "url": "https://www.mallesons.com/au/en/insights/latest-thinking/generative-ai-and-copyright-law.html",
  "status": 200,
  "from": "sitemap-au (manual capture)"
 },
 {
  "url": "https://www.mallesons.com/au/en/insights/latest-thinking/getting-sponsors-in-shape-for-australias-new-merger-clearance-regime.html",
  "status": 200,
  "from": "sitemap-au (manual capture)"
 },
 {
  "url": "https://www.mallesons.com/au/en/insights/latest-thinking/global-developments-on-mandatory-climate-reporting.html",
  "status": 200,
  "from": "sitemap-au (manual capture)"
 },
 {
  "url": "https://www.mallesons.com/au/en/insights/latest-thinking/global-taxation-is-here-draft-australian-legislation-to-implement-15-percent-global-minimum-tax.html",
  "status": 200,
  "from": "sitemap-au (manual capture)"
 },
 {
  "url": "https://www.mallesons.com/au/en/insights/latest-thinking/globe-rules-amended-certainty-for-securitisation-vehicles.html",
  "status": 200,
  "from": "sitemap-au (manual capture)"
 },
 {
  "url": "https://www.mallesons.com/au/en/insights/latest-thinking/gold-standard-for-green-claims.html",
  "status": 200,
  "from": "sitemap-au (manual capture)"
 },
 {
  "url": "https://www.mallesons.com/au/en/insights/latest-thinking/gone-but-not-forgotten-australias-new-voidable-merger-regime.html",
  "status": 200,
  "from": "sitemap-au (manual capture)"
 },
 {
  "url": "https://www.mallesons.com/au/en/insights/latest-thinking/governance-implications-from-shield-and-first-guardian.html",
  "status": 200,
  "from": "sitemap-au (manual capture)"
 },
 {
  "url": "https://www.mallesons.com/au/en/insights/latest-thinking/governance-in-the-age-of-agentic-ai.html",
  "status": 200,
  "from": "sitemap-au (manual capture)"
 },
 {
  "url": "https://www.mallesons.com/au/en/insights/latest-thinking/governance-reform-mallesons-submissions-on-asx-and-apra-proposals.html",
  "status": 200,
  "from": "sitemap-au (manual capture)"
 },
 {
  "url": "https://www.mallesons.com/au/en/insights/latest-thinking/government-consultation-on-merger-clearance-reform-commences.html",
  "status": 200,
  "from": "sitemap-au (manual capture)"
 },
 {
  "url": "https://www.mallesons.com/au/en/insights/latest-thinking/government-response-to-independent-review-on-continuous-disclosure-laws-released.html",
  "status": 200,
  "from": "sitemap-au (manual capture)"
 },
 {
  "url": "https://www.mallesons.com/au/en/insights/latest-thinking/government-response-to-inquiry-into-planning-bill-2022.html",
  "status": 200,
  "from": "sitemap-au (manual capture)"
 },
 {
  "url": "https://www.mallesons.com/au/en/insights/latest-thinking/green-leases-and-the-pathway-to-net-zero-emissions.html",
  "status": 200,
  "from": "sitemap-au (manual capture)"
 },
 {
  "url": "https://www.mallesons.com/au/en/insights/latest-thinking/green-light-for-the-safeguard-mechanism-reforms.html",
  "status": 200,
  "from": "sitemap-au (manual capture)"
 },
 {
  "url": "https://www.mallesons.com/au/en/insights/latest-thinking/green-tape-to-greenlight-streamlined-approvals-stronger-standards-and-smarter-planning-to-power-australias-renewables.html",
  "status": 200,
  "from": "sitemap-au (manual capture)"
 },
 {
  "url": "https://www.mallesons.com/au/en/insights/latest-thinking/greenwashing-governance-and-reform-the-latest-in-sustainability-reporting.html",
  "status": 200,
  "from": "sitemap-au (manual capture)"
 },
 {
  "url": "https://www.mallesons.com/au/en/insights/latest-thinking/guarantee-of-origin-scheme-advances-key-takeaways-from-exposure-drafts-and-energy-storage-plan.html",
  "status": 200,
  "from": "sitemap-au (manual capture)"
 },
 {
  "url": "https://www.mallesons.com/au/en/insights/latest-thinking/harvesting-change-a-year-in-review-of-key-employment-law-changes-in-the-agriculture-sector.html",
  "status": 200,
  "from": "sitemap-au (manual capture)"
 },
 {
  "url": "https://www.mallesons.com/au/en/insights/latest-thinking/have-gco-wont-travel-group-costs-orders-in-class-actions.html",
  "status": 200,
  "from": "sitemap-au (manual capture)"
 },
 {
  "url": "https://www.mallesons.com/au/en/insights/latest-thinking/have-your-say-on-the-regulation-of-artificial-intelligence-in-australia-recent-developments.html",
  "status": 200,
  "from": "sitemap-au (manual capture)"
 },
 {
  "url": "https://www.mallesons.com/au/en/insights/latest-thinking/health-and-safety-at-home-examining-the-duty-of-care-for-remote-workers.html",
  "status": 200,
  "from": "sitemap-au (manual capture)"
 },
 {
  "url": "https://www.mallesons.com/au/en/insights/latest-thinking/healthcare-as-a-strategic-sector-redefining-health-across-australia-and-asean.html",
  "status": 200,
  "from": "sitemap-au (manual capture)"
 },
 {
  "url": "https://www.mallesons.com/au/en/insights/latest-thinking/hey-chat-gpt-can-i-use-ai-to-make-or-process-a-freedom-of-information-request.html",
  "status": 200,
  "from": "sitemap-au (manual capture)"
 },
 {
  "url": "https://www.mallesons.com/au/en/insights/latest-thinking/higgins-2026-what-has-changed-for-directors.html",
  "status": 200,
  "from": "sitemap-au (manual capture)"
 },
 {
  "url": "https://www.mallesons.com/au/en/insights/latest-thinking/high-court-confirms-that-australian-statutory-proportionate-liability-regimes-apply-in-arbitration.html",
  "status": 200,
  "from": "sitemap-au (manual capture)"
 },
 {
  "url": "https://www.mallesons.com/au/en/insights/latest-thinking/high-court-divided-in-katy-perry-katie-perry-trade-mark-case-australian-designer-prevails.html",
  "status": 200,
  "from": "sitemap-au (manual capture)"
 },
 {
  "url": "https://www.mallesons.com/au/en/insights/latest-thinking/high-court-examines-indifference-and-copyright-authorisation-liability.html",
  "status": 200,
  "from": "sitemap-au (manual capture)"
 },
 {
  "url": "https://www.mallesons.com/au/en/insights/latest-thinking/high-court-hands-down-judgment-in-the-karpik-v-carnival-plc-class-action-on-unfair-contract-terms-issues.html",
  "status": 200,
  "from": "sitemap-au (manual capture)"
 },
 {
  "url": "https://www.mallesons.com/au/en/insights/latest-thinking/high-court-rules-that-victorias-electric-vehicle-charge-is-unconstitutional.html",
  "status": 200,
  "from": "sitemap-au (manual capture)"
 },
 {
  "url": "https://www.mallesons.com/au/en/insights/latest-thinking/high-speed-rail-network--call-for-registrations-of-interest.html",
  "status": 200,
  "from": "sitemap-au (manual capture)"
 },
 {
  "url": "https://www.mallesons.com/au/en/insights/latest-thinking/highlights-from-the-2025-m-and-a-conference.html",
  "status": 200,
  "from": "sitemap-au (manual capture)"
 },
 {
  "url": "https://www.mallesons.com/au/en/insights/latest-thinking/hit-the-staple-seller-arranged-financings-can-add-value-to-an-auction-process.html",
  "status": 200,
  "from": "sitemap-au (manual capture)"
 },
 {
  "url": "https://www.mallesons.com/au/en/insights/latest-thinking/hk-proposes-to-regulate-otc-virtual-asset-brokerage-services.html",
  "status": 200,
  "from": "sitemap-au (manual capture)"
 },
 {
  "url": "https://www.mallesons.com/au/en/insights/latest-thinking/hkma-issues-digital-asset-custody-rules-for-banks.html",
  "status": 200,
  "from": "sitemap-au (manual capture)"
 },
 {
  "url": "https://www.mallesons.com/au/en/insights/latest-thinking/hks-new-stablecoins-law-what-issuers-and-distributors-need-to-know.html",
  "status": 200,
  "from": "sitemap-au (manual capture)"
 },
 {
  "url": "https://www.mallesons.com/au/en/insights/latest-thinking/holistic-merger-reform-is-coming-what-is-the-impact-on-private-capital-deals.html",
  "status": 200,
  "from": "sitemap-au (manual capture)"
 },
 {
  "url": "https://www.mallesons.com/au/en/insights/latest-thinking/hong-kong-proposed-stablecoin-regulatory-regime-key-takeaways.html",
  "status": 200,
  "from": "sitemap-au (manual capture)"
 },
 {
  "url": "https://www.mallesons.com/au/en/insights/latest-thinking/hong-kongs-new-virtual-asset-regime-what-you-need-to-know.html",
  "status": 200,
  "from": "sitemap-au (manual capture)"
 },
 {
  "url": "https://www.mallesons.com/au/en/insights/latest-thinking/hong-kongs-stablecoins-ordinance-goes-live-today-what-you-need-to-know.html",
  "status": 200,
  "from": "sitemap-au (manual capture)"
 },
 {
  "url": "https://www.mallesons.com/au/en/insights/latest-thinking/how-business-can-partner-for-purpose-and-protect-land-biodiversity.html",
  "status": 200,
  "from": "sitemap-au (manual capture)"
 },
 {
  "url": "https://www.mallesons.com/au/en/insights/latest-thinking/how-far-we-have-come-financial-accountability-regime-passes-senate.html",
  "status": 200,
  "from": "sitemap-au (manual capture)"
 },
 {
  "url": "https://www.mallesons.com/au/en/insights/latest-thinking/how-regional-collaboration-could-lift-carbon-trading-in-southeast-asia.html",
  "status": 200,
  "from": "sitemap-au (manual capture)"
 },
 {
  "url": "https://www.mallesons.com/au/en/insights/latest-thinking/how-the-general-efficiently-honestly-and-fairly-obligation-has-adapted-to-todays-legal-context.html",
  "status": 200,
  "from": "sitemap-au (manual capture)"
 },
 {
  "url": "https://www.mallesons.com/au/en/insights/latest-thinking/how-transparent-will-you-be-building-trust-through-australian-government-ai-transparency-statements.html",
  "status": 200,
  "from": "sitemap-au (manual capture)"
 },
 {
  "url": "https://www.mallesons.com/au/en/insights/latest-thinking/how-would-the-musk-twitter-saga-play-out-in-australia.html",
  "status": 200,
  "from": "sitemap-au (manual capture)"
 },
 {
  "url": "https://www.mallesons.com/au/en/insights/latest-thinking/hydrogen-headstart-program-who-will-the-australian-government-pick-as-the-front-runner.html",
  "status": 200,
  "from": "sitemap-au (manual capture)"
 },
 {
  "url": "https://www.mallesons.com/au/en/insights/latest-thinking/immunity-applicants-waive-goodbye-to-privilege-over-factual-accounts.html",
  "status": 200,
  "from": "sitemap-au (manual capture)"
 },
 {
  "url": "https://www.mallesons.com/au/en/insights/latest-thinking/impending-tax-disclosure-obligations-for-large-private-groups.html",
  "status": 200,
  "from": "sitemap-au (manual capture)"
 },
 {
  "url": "https://www.mallesons.com/au/en/insights/latest-thinking/in-the-consumer-space-the-regulator-isnt-the-only-sheriff-in-town.html",
  "status": 200,
  "from": "sitemap-au (manual capture)"
 },
 {
  "url": "https://www.mallesons.com/au/en/insights/latest-thinking/in-the-crosshairs-product-design-for-superannuation-trustees-and-life-insurers.html",
  "status": 200,
  "from": "sitemap-au (manual capture)"
 },
 {
  "url": "https://www.mallesons.com/au/en/insights/latest-thinking/incentivising-common-informers-observations-regarding-payment-of-the-statutory-penalty-ordered-in-twu-v-qantas.html",
  "status": 200,
  "from": "sitemap-au (manual capture)"
 },
 {
  "url": "https://www.mallesons.com/au/en/insights/latest-thinking/inching-forwards-government-responds-to-privacy-act-review-report.html",
  "status": 200,
  "from": "sitemap-au (manual capture)"
 },
 {
  "url": "https://www.mallesons.com/au/en/insights/latest-thinking/increasing-focus-on-australian-businesses-smes-and-ethics-in-the-new-procurement-rules-what-you-need-to-know.html",
  "status": 200,
  "from": "sitemap-au (manual capture)"
 },
 {
  "url": "https://www.mallesons.com/au/en/insights/latest-thinking/indo-pacific-trade-deals-are-reshaping-business-rcep-asean-agreements-and-beyond.html",
  "status": 200,
  "from": "sitemap-au (manual capture)"
 },
 {
  "url": "https://www.mallesons.com/au/en/insights/latest-thinking/indonesias-nickel-rush-riding-the-waves-of-the-ev-battery-revolution.html",
  "status": 200,
  "from": "sitemap-au (manual capture)"
 },
 {
  "url": "https://www.mallesons.com/au/en/insights/latest-thinking/inequality-affects-us-all.html",
  "status": 200,
  "from": "sitemap-au (manual capture)"
 },
 {
  "url": "https://www.mallesons.com/au/en/insights/latest-thinking/injecting-some-guidance--ahpra-puts-cosmetic-industry-on-notice-.html",
  "status": 200,
  "from": "sitemap-au (manual capture)"
 },
 {
  "url": "https://www.mallesons.com/au/en/insights/latest-thinking/innovative-capital-partnering-structures-unlocking-australias-energy-transition.html",
  "status": 200,
  "from": "sitemap-au (manual capture)"
 },
 {
  "url": "https://www.mallesons.com/au/en/insights/latest-thinking/inside-dexus-sustainability-journey.html",
  "status": 200,
  "from": "sitemap-au (manual capture)"
 },
 {
  "url": "https://www.mallesons.com/au/en/insights/latest-thinking/instrumental-changes-treasury-consults-on-draft-notification-thresholds-instrument.html",
  "status": 200,
  "from": "sitemap-au (manual capture)"
 },
 {
  "url": "https://www.mallesons.com/au/en/insights/latest-thinking/intergenerational-wealth-transfer.html",
  "status": 200,
  "from": "sitemap-au (manual capture)"
 },
 {
  "url": "https://www.mallesons.com/au/en/insights/latest-thinking/interim-report-of-the-life-insurance-code-of-practice-review-what-it-means-for-life-insurers.html",
  "status": 200,
  "from": "sitemap-au (manual capture)"
 },
 {
  "url": "https://www.mallesons.com/au/en/insights/latest-thinking/international-comparison-of-cyber-security-regulatory-settings-kwm-report-commissioned-by-the-aicd.html",
  "status": 200,
  "from": "sitemap-au (manual capture)"
 },
 {
  "url": "https://www.mallesons.com/au/en/insights/latest-thinking/international-comparison-of-cyber-security-regulatory-settings-summary.html",
  "status": 200,
  "from": "sitemap-au (manual capture)"
 },
 {
  "url": "https://www.mallesons.com/au/en/insights/latest-thinking/international-comparison-of-cyber-security-regulatory-settings.html",
  "status": 200,
  "from": "sitemap-au (manual capture)"
 },
 {
  "url": "https://www.mallesons.com/au/en/insights/latest-thinking/interoperability-update-regulations-commence-and-consultation-on-onrsr-guidance-open.html",
  "status": 200,
  "from": "sitemap-au (manual capture)"
 },
 {
  "url": "https://www.mallesons.com/au/en/insights/latest-thinking/inventing-inventors-generative-ai-and-patents.html",
  "status": 200,
  "from": "sitemap-au (manual capture)"
 },
 {
  "url": "https://www.mallesons.com/au/en/insights/latest-thinking/investing-in-australia-heres-what-you-need-to-know-about-australian-fdi-in-2024.html",
  "status": 200,
  "from": "sitemap-au (manual capture)"
 },
 {
  "url": "https://www.mallesons.com/au/en/insights/latest-thinking/investing-in-uncertain-times.html",
  "status": 200,
  "from": "sitemap-au (manual capture)"
 },
 {
  "url": "https://www.mallesons.com/au/en/insights/latest-thinking/investment-delivery-authority-to-accept-first-projects-in-the-coming-weeks-and-announces-first-target-sectors.html",
  "status": 200,
  "from": "sitemap-au (manual capture)"
 },
 {
  "url": "https://www.mallesons.com/au/en/insights/latest-thinking/investor-state-arbitration.html",
  "status": 200,
  "from": "sitemap-au (manual capture)"
 },
 {
  "url": "https://www.mallesons.com/au/en/insights/latest-thinking/investor-state-dispute-settlement-federal-court-rejects-indian-claim-to-foreign-state-immunity.html",
  "status": 200,
  "from": "sitemap-au (manual capture)"
 },
 {
  "url": "https://www.mallesons.com/au/en/insights/latest-thinking/ipo-ready-a-sponsors-checklist-for-the-comeback.html",
  "status": 200,
  "from": "sitemap-au (manual capture)"
 },
 {
  "url": "https://www.mallesons.com/au/en/insights/latest-thinking/is-a-service-provider-entitled-to-be-paid-if-they-start-work-before-a-contract-is-finalised.html",
  "status": 200,
  "from": "sitemap-au (manual capture)"
 },
 {
  "url": "https://www.mallesons.com/au/en/insights/latest-thinking/is-a-variation-valid-if-no-new-monetary-consideration-is-provided.html",
  "status": 200,
  "from": "sitemap-au (manual capture)"
 },
 {
  "url": "https://www.mallesons.com/au/en/insights/latest-thinking/is-an-unsigned-contract-enforceable.html",
  "status": 200,
  "from": "sitemap-au (manual capture)"
 },
 {
  "url": "https://www.mallesons.com/au/en/insights/latest-thinking/is-dei-really-dead-key-takeaways-for-australian-employers-boards-and-company-directors-on-the-dei-backlash.html",
  "status": 200,
  "from": "sitemap-au (manual capture)"
 },
 {
  "url": "https://www.mallesons.com/au/en/insights/latest-thinking/is-dei-really-dead-part-two-five-strategies-for-australian-employers-to-navigate-dei-backlash.html",
  "status": 200,
  "from": "sitemap-au (manual capture)"
 },
 {
  "url": "https://www.mallesons.com/au/en/insights/latest-thinking/is-dei-really-dead-what-now-and-what-next-for-australian-employers.html",
  "status": 200,
  "from": "sitemap-au (manual capture)"
 },
 {
  "url": "https://www.mallesons.com/au/en/insights/latest-thinking/is-my-deal-caught--government-releases-draft-merger-thresholds.html",
  "status": 200,
  "from": "sitemap-au (manual capture)"
 },
 {
  "url": "https://www.mallesons.com/au/en/insights/latest-thinking/is-the-pharmaceutical-benefits-scheme-keeping-up-with-global-medical-innovation.html",
  "status": 200,
  "from": "sitemap-au (manual capture)"
 },
 {
  "url": "https://www.mallesons.com/au/en/insights/latest-thinking/is-there-a-case-for-regulating-restraints-of-trade-in-australia.html",
  "status": 200,
  "from": "sitemap-au (manual capture)"
 },
 {
  "url": "https://www.mallesons.com/au/en/insights/latest-thinking/is-there-an-implied-right-to-sublicense-software.html",
  "status": 200,
  "from": "sitemap-au (manual capture)"
 },
 {
  "url": "https://www.mallesons.com/au/en/insights/latest-thinking/is-your-global-value-chain-sustainable-europes-rules-herald-new-era-of-corporate-sustainability-due-diligence-csddd.html",
  "status": 200,
  "from": "sitemap-au (manual capture)"
 },
 {
  "url": "https://www.mallesons.com/au/en/insights/latest-thinking/issb-developments-global-passport-initiative-for-sustainability-reporting-and-introduction-of-nature-specific-disclosures-in-standards.html",
  "status": 200,
  "from": "sitemap-au (manual capture)"
 },
 {
  "url": "https://www.mallesons.com/au/en/insights/latest-thinking/it-s-public-november-2025.html",
  "status": 200,
  "from": "sitemap-au (manual capture)"
 },
 {
  "url": "https://www.mallesons.com/au/en/insights/latest-thinking/its-a-question-of-power-high-court-registers-approval-of-notices-of-potential-class-closure.html",
  "status": 200,
  "from": "sitemap-au (manual capture)"
 },
 {
  "url": "https://www.mallesons.com/au/en/insights/latest-thinking/its-not-all-gloom-and-doom-in-the-mid-market.html",
  "status": 200,
  "from": "sitemap-au (manual capture)"
 },
 {
  "url": "https://www.mallesons.com/au/en/insights/latest-thinking/its-not-the-destination-its-the-journey-interlocutory-issues-in-class-actions.html",
  "status": 200,
  "from": "sitemap-au (manual capture)"
 },
 {
  "url": "https://www.mallesons.com/au/en/insights/latest-thinking/ive-been-appointed-to-a-commonwealth-board-how-are-my-duties-different.html",
  "status": 200,
  "from": "sitemap-au (manual capture)"
 },
 {
  "url": "https://www.mallesons.com/au/en/insights/latest-thinking/japanese-involvement-in-large-m-a-transactions.html",
  "status": 200,
  "from": "sitemap-au (manual capture)"
 },
 {
  "url": "https://www.mallesons.com/au/en/insights/latest-thinking/japanese-m-and-a-can-the-wave-continue.html",
  "status": 200,
  "from": "sitemap-au (manual capture)"
 },
 {
  "url": "https://www.mallesons.com/au/en/insights/latest-thinking/joint-ownership-of-ip-a-solution-or-complication.html",
  "status": 200,
  "from": "sitemap-au (manual capture)"
 },
 {
  "url": "https://www.mallesons.com/au/en/insights/latest-thinking/keeping-it-confidential-navigating-non-publication-or-suppression-orders-in-employment-disputes.html",
  "status": 200,
  "from": "sitemap-au (manual capture)"
 },
 {
  "url": "https://www.mallesons.com/au/en/insights/latest-thinking/kwm-annual-digest-of-judgments-and-proceedings-against-directors-2024.html",
  "status": 200,
  "from": "sitemap-au (manual capture)"
 },
 {
  "url": "https://www.mallesons.com/au/en/insights/latest-thinking/kwm-annual-digest-of-judgments-and-proceedings-against-directors.html",
  "status": 200,
  "from": "sitemap-au (manual capture)"
 },
 {
  "url": "https://www.mallesons.com/au/en/insights/latest-thinking/kwm-attends-expo-real-2025-key-insights-for-apac-real-estate-investors.html",
  "status": 200,
  "from": "sitemap-au (manual capture)"
 },
 {
  "url": "https://www.mallesons.com/au/en/insights/latest-thinking/kwm-privacy-bytes-privacy-act-review-report-collecting-and-using-of-personal-information.html",
  "status": 200,
  "from": "sitemap-au (manual capture)"
 },
 {
  "url": "https://www.mallesons.com/au/en/insights/latest-thinking/kwm-privacy-bytes-privacy-act-review-report-individual-rights.html",
  "status": 200,
  "from": "sitemap-au (manual capture)"
 },
 {
  "url": "https://www.mallesons.com/au/en/insights/latest-thinking/kwm-submission-discussion-paper-on-safe-and-responsible-ai-in-australia.html",
  "status": 200,
  "from": "sitemap-au (manual capture)"
 },
 {
  "url": "https://www.mallesons.com/au/en/insights/latest-thinking/labor-pains-or-gains-reflecting-on-recent-and-upcoming-ir-reform.html",
  "status": 200,
  "from": "sitemap-au (manual capture)"
 },
 {
  "url": "https://www.mallesons.com/au/en/insights/latest-thinking/labour-hire-or-genuine-service-delivery-where-is-the-line-in-the-evolving-regulated-labour-hire-arrangement-landscape.html",
  "status": 200,
  "from": "sitemap-au (manual capture)"
 },
 {
  "url": "https://www.mallesons.com/au/en/insights/latest-thinking/land-valuation-amendment-bill-2023-qld-keeping-pace-with-complex-property-valuations-and-changing-land-uses-in-queensland.html",
  "status": 200,
  "from": "sitemap-au (manual capture)"
 },
 {
  "url": "https://www.mallesons.com/au/en/insights/latest-thinking/leave-unraveled-the-fly-in-fly-out-challenge-in-leave-accrual.html",
  "status": 200,
  "from": "sitemap-au (manual capture)"
 },
 {
  "url": "https://www.mallesons.com/au/en/insights/latest-thinking/lessons-for-organisations-and-boards-in-the-wake-of-asics-november-2023-cyber-pulse-survey.html",
  "status": 200,
  "from": "sitemap-au (manual capture)"
 },
 {
  "url": "https://www.mallesons.com/au/en/insights/latest-thinking/lessons-from-basslink-the-coalface-of-credit-bids-for-infrastructure-assets.html",
  "status": 200,
  "from": "sitemap-au (manual capture)"
 },
 {
  "url": "https://www.mallesons.com/au/en/insights/latest-thinking/lessons-from-groupline-on-a-lawyers-duties-to-former-clients.html",
  "status": 200,
  "from": "sitemap-au (manual capture)"
 },
 {
  "url": "https://www.mallesons.com/au/en/insights/latest-thinking/lessons-from-the-mallesons-digital-future-summit-2026.html",
  "status": 200,
  "from": "sitemap-au (manual capture)"
 },
 {
  "url": "https://www.mallesons.com/au/en/insights/latest-thinking/lessons-from-where-you-dont-want-to-be.html",
  "status": 200,
  "from": "sitemap-au (manual capture)"
 },
 {
  "url": "https://www.mallesons.com/au/en/insights/latest-thinking/lessons-in-optimism.html",
  "status": 200,
  "from": "sitemap-au (manual capture)"
 },
 {
  "url": "https://www.mallesons.com/au/en/insights/latest-thinking/lets-let-listed-company-directors-take-risks.html",
  "status": 200,
  "from": "sitemap-au (manual capture)"
 },
 {
  "url": "https://www.mallesons.com/au/en/insights/latest-thinking/life-insurance-industry-in-asic-sights-what-does-it-mean-for-target-market-determinations.html",
  "status": 200,
  "from": "sitemap-au (manual capture)"
 },
 {
  "url": "https://www.mallesons.com/au/en/insights/latest-thinking/lifting-our-gaze-an-update-on-the-australian-space-industry-and-satellite-cyber-security.html",
  "status": 200,
  "from": "sitemap-au (manual capture)"
 },
 {
  "url": "https://www.mallesons.com/au/en/insights/latest-thinking/light-at-the-end-of-the-level-crossing.html",
  "status": 200,
  "from": "sitemap-au (manual capture)"
 },
 {
  "url": "https://www.mallesons.com/au/en/insights/latest-thinking/likely-scam-australia-to-strictly-regulate-sms-sender-ids-this-year.html",
  "status": 200,
  "from": "sitemap-au (manual capture)"
 },
 {
  "url": "https://www.mallesons.com/au/en/insights/latest-thinking/living-in-a-material-world-non-financial-risks-and-the-new-frontier-of-securities-class-actions.html",
  "status": 200,
  "from": "sitemap-au (manual capture)"
 },
 {
  "url": "https://www.mallesons.com/au/en/insights/latest-thinking/loan-behold-non-bank-lenders-to-join-the-consumer-data-right.html",
  "status": 200,
  "from": "sitemap-au (manual capture)"
 },
 {
  "url": "https://www.mallesons.com/au/en/insights/latest-thinking/looking-beyond-the-dollar-asias-investment-and-leverage-strategies.html",
  "status": 200,
  "from": "sitemap-au (manual capture)"
 },
 {
  "url": "https://www.mallesons.com/au/en/insights/latest-thinking/loopholes-closed-what-employers-should-know-about-changes-starting-today.html",
  "status": 200,
  "from": "sitemap-au (manual capture)"
 },
 {
  "url": "https://www.mallesons.com/au/en/insights/latest-thinking/lvc-and-other-act-property-tax-changes-for-fy24.html",
  "status": 200,
  "from": "sitemap-au (manual capture)"
 },
 {
  "url": "https://www.mallesons.com/au/en/insights/latest-thinking/m-and-in-the-city-2022.html",
  "status": 200,
  "from": "sitemap-au (manual capture)"
 },
 {
  "url": "https://www.mallesons.com/au/en/insights/latest-thinking/major-appointments-for-australian-high-speed-rail.html",
  "status": 200,
  "from": "sitemap-au (manual capture)"
 },
 {
  "url": "https://www.mallesons.com/au/en/insights/latest-thinking/major-changes-to-rsnl-commencing-28-february-2026.html",
  "status": 200,
  "from": "sitemap-au (manual capture)"
 },
 {
  "url": "https://www.mallesons.com/au/en/insights/latest-thinking/major-development-in-australian-high-speed-rail-corridor.html",
  "status": 200,
  "from": "sitemap-au (manual capture)"
 },
 {
  "url": "https://www.mallesons.com/au/en/insights/latest-thinking/major-shake-up-to-thin-capitalisation.html",
  "status": 200,
  "from": "sitemap-au (manual capture)"
 },
 {
  "url": "https://www.mallesons.com/au/en/insights/latest-thinking/management-of-sexual-and-gender-based-harassment-as-a-safety-ris.html",
  "status": 200,
  "from": "sitemap-au (manual capture)"
 },
 {
  "url": "https://www.mallesons.com/au/en/insights/latest-thinking/managing-government-business-australias-new-competition-agreement.html",
  "status": 200,
  "from": "sitemap-au (manual capture)"
 },
 {
  "url": "https://www.mallesons.com/au/en/insights/latest-thinking/mandatory-climate-reporting-bill-passes-the-senate-and-asic-releases-latest-report-on-greenwashing-are-you-ready.html",
  "status": 200,
  "from": "sitemap-au (manual capture)"
 },
 {
  "url": "https://www.mallesons.com/au/en/insights/latest-thinking/mandatory-climate-reporting-in-australia.html",
  "status": 200,
  "from": "sitemap-au (manual capture)"
 },
 {
  "url": "https://www.mallesons.com/au/en/insights/latest-thinking/mandatory-climate-reporting-kwms-submissions-to-treasury.html",
  "status": 200,
  "from": "sitemap-au (manual capture)"
 },
 {
  "url": "https://www.mallesons.com/au/en/insights/latest-thinking/mandatory-climate-reporting-update-aasb-australian-exposure-draft-standards.html",
  "status": 200,
  "from": "sitemap-au (manual capture)"
 },
 {
  "url": "https://www.mallesons.com/au/en/insights/latest-thinking/mark-your-calendars-epbc-act-reform-commencement-through-2026-and-beyond.html",
  "status": 200,
  "from": "sitemap-au (manual capture)"
 },
 {
  "url": "https://www.mallesons.com/au/en/insights/latest-thinking/mates-but-not-mates-rates-art-finds-against-commissioner-in-alcoa.html",
  "status": 200,
  "from": "sitemap-au (manual capture)"
 },
 {
  "url": "https://www.mallesons.com/au/en/insights/latest-thinking/mayne-pharma-act-3.html",
  "status": 200,
  "from": "sitemap-au (manual capture)"
 },
 {
  "url": "https://www.mallesons.com/au/en/insights/latest-thinking/measuring-social-impact-beyond-the-quantitative-to-the-qualitative.html",
  "status": 200,
  "from": "sitemap-au (manual capture)"
 },
 {
  "url": "https://www.mallesons.com/au/en/insights/latest-thinking/mercedes-case-reinforces-judicial-approach-to-statutory-unconscionability.html",
  "status": 200,
  "from": "sitemap-au (manual capture)"
 },
 {
  "url": "https://www.mallesons.com/au/en/insights/latest-thinking/merge-ahead-navigating-australias-new-merger-regime.html",
  "status": 200,
  "from": "sitemap-au (manual capture)"
 },
 {
  "url": "https://www.mallesons.com/au/en/insights/latest-thinking/merger-clearance-reform-accc-transitional-guidelines-released.html",
  "status": 200,
  "from": "sitemap-au (manual capture)"
 },
 {
  "url": "https://www.mallesons.com/au/en/insights/latest-thinking/merger-reform-one-quarter-in-the-good-the-bad-and-the-ugly.html",
  "status": 200,
  "from": "sitemap-au (manual capture)"
 },
 {
  "url": "https://www.mallesons.com/au/en/insights/latest-thinking/merger-reform-update-accc-continues-calls-for-mandatory-regime.html",
  "status": 200,
  "from": "sitemap-au (manual capture)"
 },
 {
  "url": "https://www.mallesons.com/au/en/insights/latest-thinking/merger-reform-what-happens-now.html",
  "status": 200,
  "from": "sitemap-au (manual capture)"
 },
 {
  "url": "https://www.mallesons.com/au/en/insights/latest-thinking/merging-mutuals-dealmaking-with-a-twist.html",
  "status": 200,
  "from": "sitemap-au (manual capture)"
 },
 {
  "url": "https://www.mallesons.com/au/en/insights/latest-thinking/middle-east-conflict-impact-on-construction-and-infrastructure-projects.html",
  "status": 200,
  "from": "sitemap-au (manual capture)"
 },
 {
  "url": "https://www.mallesons.com/au/en/insights/latest-thinking/middle-east-conflict-why-it-raises-climate-reporting-and-energy-transition-issues-and-how-to-respond.html",
  "status": 200,
  "from": "sitemap-au (manual capture)"
 },
 {
  "url": "https://www.mallesons.com/au/en/insights/latest-thinking/mind-your-business--aicd-and-kwm-releases-guide-for-directors-gr.html",
  "status": 200,
  "from": "sitemap-au (manual capture)"
 },
 {
  "url": "https://www.mallesons.com/au/en/insights/latest-thinking/misuse-and-lose-incentivising-mit-investments-in-the-btr-sector-but-at-a-cost.html",
  "status": 200,
  "from": "sitemap-au (manual capture)"
 },
 {
  "url": "https://www.mallesons.com/au/en/insights/latest-thinking/modern-slavery-proposed-criminal-offence-for-failure-to-prevent-and-civil-penalties-for-non-compliant-reporting.html",
  "status": 200,
  "from": "sitemap-au (manual capture)"
 },
 {
  "url": "https://www.mallesons.com/au/en/insights/latest-thinking/modern-slavery-update-government-appoints-commonwealth-anti-slavery-commissioner-to-enhance-national-response.html",
  "status": 200,
  "from": "sitemap-au (manual capture)"
 },
 {
  "url": "https://www.mallesons.com/au/en/insights/latest-thinking/modernising-death-benefit-nominations-the-untapped-potential-of-trustee-consent.html",
  "status": 200,
  "from": "sitemap-au (manual capture)"
 },
 {
  "url": "https://www.mallesons.com/au/en/insights/latest-thinking/modernising-the-commissioners-approach-to-individual-residency.html",
  "status": 200,
  "from": "sitemap-au (manual capture)"
 },
 {
  "url": "https://www.mallesons.com/au/en/insights/latest-thinking/more-than-a-decade-on-the-australian-derivative-transaction-reporting-regime-is-here-to-stay-with-more-changes-on-the-way.html",
  "status": 200,
  "from": "sitemap-au (manual capture)"
 },
 {
  "url": "https://www.mallesons.com/au/en/insights/latest-thinking/more-than-a-plug-to-the-leaky-tap-retrospectivity-and-other-features-of-new-exposure-draft-could-endanger-the-supply-of-foreign-capital.html",
  "status": 200,
  "from": "sitemap-au (manual capture)"
 },
 {
  "url": "https://www.mallesons.com/au/en/insights/latest-thinking/more-than-meets-the-eye-navigating-australias-proposed-regime-for-digital-asset-and-tokenised-custody-platforms.html",
  "status": 200,
  "from": "sitemap-au (manual capture)"
 },
 {
  "url": "https://www.mallesons.com/au/en/insights/latest-thinking/more-than-one-way-to-take-reasonable-steps.html",
  "status": 200,
  "from": "sitemap-au (manual capture)"
 },
 {
  "url": "https://www.mallesons.com/au/en/insights/latest-thinking/moving-at-the-speed-of-light-cyber-insurance-in-2022.html",
  "status": 200,
  "from": "sitemap-au (manual capture)"
 },
 {
  "url": "https://www.mallesons.com/au/en/insights/latest-thinking/moving-towards-gender-equality-bill-to-introduce-reporting-requirements.html",
  "status": 200,
  "from": "sitemap-au (manual capture)"
 },
 {
  "url": "https://www.mallesons.com/au/en/insights/latest-thinking/multilateralism-and-jurisdiction-in-space-the-ultimate-cross-border-transaction.html",
  "status": 200,
  "from": "sitemap-au (manual capture)"
 },
 {
  "url": "https://www.mallesons.com/au/en/insights/latest-thinking/my-counterpart-is-insolvent-but-its-parent-lives-on-is-there-nothing-i-can-do.html",
  "status": 200,
  "from": "sitemap-au (manual capture)"
 },
 {
  "url": "https://www.mallesons.com/au/en/insights/latest-thinking/my-counterpart-is-insolvent-but-potentially-has-insurance--can-i.html",
  "status": 200,
  "from": "sitemap-au (manual capture)"
 },
 {
  "url": "https://www.mallesons.com/au/en/insights/latest-thinking/myefo-2024-25--budget---financial-storm-clouds-on-the-horizon-as.html",
  "status": 200,
  "from": "sitemap-au (manual capture)"
 },
 {
  "url": "https://www.mallesons.com/au/en/insights/latest-thinking/nali-or-nale-treasury-releases-exposure-draft-legislation.html",
  "status": 200,
  "from": "sitemap-au (manual capture)"
 },
 {
  "url": "https://www.mallesons.com/au/en/insights/latest-thinking/national-anti-corruption-commission-is-your-business-nacc-ready.html",
  "status": 200,
  "from": "sitemap-au (manual capture)"
 },
 {
  "url": "https://www.mallesons.com/au/en/insights/latest-thinking/national-construction-code-2025-building-on-uncertainty.html",
  "status": 200,
  "from": "sitemap-au (manual capture)"
 },
 {
  "url": "https://www.mallesons.com/au/en/insights/latest-thinking/national-network-for-interoperability-updates.html",
  "status": 200,
  "from": "sitemap-au (manual capture)"
 },
 {
  "url": "https://www.mallesons.com/au/en/insights/latest-thinking/navigating-australias-clinical-trial-landscape-part-1.html",
  "status": 200,
  "from": "sitemap-au (manual capture)"
 },
 {
  "url": "https://www.mallesons.com/au/en/insights/latest-thinking/navigating-australias-clinical-trial-landscape-part-2.html",
  "status": 200,
  "from": "sitemap-au (manual capture)"
 },
 {
  "url": "https://www.mallesons.com/au/en/insights/latest-thinking/navigating-australias-clinical-trial-landscape-part-3.html",
  "status": 200,
  "from": "sitemap-au (manual capture)"
 },
 {
  "url": "https://www.mallesons.com/au/en/insights/latest-thinking/navigating-australias-evolving-m-and-a-regulatory-landscape-a-strategic-playbook-for-financial-sponsors.html",
  "status": 200,
  "from": "sitemap-au (manual capture)"
 },
 {
  "url": "https://www.mallesons.com/au/en/insights/latest-thinking/navigating-australias-new-enterprise-bargaining-framework-tips-for-employers.html",
  "status": 200,
  "from": "sitemap-au (manual capture)"
 },
 {
  "url": "https://www.mallesons.com/au/en/insights/latest-thinking/navigating-australias-remuneration-disclosure-rules-in-2025.html",
  "status": 200,
  "from": "sitemap-au (manual capture)"
 },
 {
  "url": "https://www.mallesons.com/au/en/insights/latest-thinking/navigating-data-centre-opportunities-across-apac-australia.html",
  "status": 200,
  "from": "sitemap-au (manual capture)"
 },
 {
  "url": "https://www.mallesons.com/au/en/insights/latest-thinking/navigating-data-centre-opportunities-across-apac-china.html",
  "status": 200,
  "from": "sitemap-au (manual capture)"
 },
 {
  "url": "https://www.mallesons.com/au/en/insights/latest-thinking/navigating-data-centre-opportunities-across-apac-hong-kong.html",
  "status": 200,
  "from": "sitemap-au (manual capture)"
 },
 {
  "url": "https://www.mallesons.com/au/en/insights/latest-thinking/navigating-data-centre-opportunities-across-apac-india.html",
  "status": 200,
  "from": "sitemap-au (manual capture)"
 },
 {
  "url": "https://www.mallesons.com/au/en/insights/latest-thinking/navigating-data-centre-opportunities-across-apac-indonesia.html",
  "status": 200,
  "from": "sitemap-au (manual capture)"
 },
 {
  "url": "https://www.mallesons.com/au/en/insights/latest-thinking/navigating-data-centre-opportunities-across-apac-japan.html",
  "status": 200,
  "from": "sitemap-au (manual capture)"
 },
 {
  "url": "https://www.mallesons.com/au/en/insights/latest-thinking/navigating-data-centre-opportunities-across-apac-malaysia.html",
  "status": 200,
  "from": "sitemap-au (manual capture)"
 },
 {
  "url": "https://www.mallesons.com/au/en/insights/latest-thinking/navigating-data-centre-opportunities-across-apac-philippines.html",
  "status": 200,
  "from": "sitemap-au (manual capture)"
 },
 {
  "url": "https://www.mallesons.com/au/en/insights/latest-thinking/navigating-data-centre-opportunities-across-apac-singapore.html",
  "status": 200,
  "from": "sitemap-au (manual capture)"
 },
 {
  "url": "https://www.mallesons.com/au/en/insights/latest-thinking/navigating-data-centre-opportunities-across-apac-south-korea.html",
  "status": 200,
  "from": "sitemap-au (manual capture)"
 },
 {
  "url": "https://www.mallesons.com/au/en/insights/latest-thinking/navigating-data-centre-opportunities-across-apac-thailand.html",
  "status": 200,
  "from": "sitemap-au (manual capture)"
 },
 {
  "url": "https://www.mallesons.com/au/en/insights/latest-thinking/navigating-data-centre-opportunities-across-apac-vietnam.html",
  "status": 200,
  "from": "sitemap-au (manual capture)"
 },
 {
  "url": "https://www.mallesons.com/au/en/insights/latest-thinking/navigating-net-zero-apac-climate-guide-china.html",
  "status": 200,
  "from": "sitemap-au (manual capture)"
 },
 {
  "url": "https://www.mallesons.com/au/en/insights/latest-thinking/navigating-net-zero-apac-climate-guide-hong-kong-sar.html",
  "status": 200,
  "from": "sitemap-au (manual capture)"
 },
 {
  "url": "https://www.mallesons.com/au/en/insights/latest-thinking/navigating-net-zero-apac-climate-guide-japan.html",
  "status": 200,
  "from": "sitemap-au (manual capture)"
 },
 {
  "url": "https://www.mallesons.com/au/en/insights/latest-thinking/navigating-net-zero-apac-climate-guide-south-korea.html",
  "status": 200,
  "from": "sitemap-au (manual capture)"
 },
 {
  "url": "https://www.mallesons.com/au/en/insights/latest-thinking/navigating-net-zero-apac-climate-guide-vietnam.html",
  "status": 200,
  "from": "sitemap-au (manual capture)"
 },
 {
  "url": "https://www.mallesons.com/au/en/insights/latest-thinking/navigating-regulatory-concerns-in-data-collection-and-sharing.html",
  "status": 200,
  "from": "sitemap-au (manual capture)"
 },
 {
  "url": "https://www.mallesons.com/au/en/insights/latest-thinking/navigating-the-legal-ethics-of-generative-ai.html",
  "status": 200,
  "from": "sitemap-au (manual capture)"
 },
 {
  "url": "https://www.mallesons.com/au/en/insights/latest-thinking/navigating-the-net-zero-transition-chapter-1-singapore.html",
  "status": 200,
  "from": "sitemap-au (manual capture)"
 },
 {
  "url": "https://www.mallesons.com/au/en/insights/latest-thinking/navigating-the-net-zero-transition-chapter-2-indonesia.html",
  "status": 200,
  "from": "sitemap-au (manual capture)"
 },
 {
  "url": "https://www.mallesons.com/au/en/insights/latest-thinking/navigating-the-net-zero-transition-chapter-3-philippines.html",
  "status": 200,
  "from": "sitemap-au (manual capture)"
 },
 {
  "url": "https://www.mallesons.com/au/en/insights/latest-thinking/navigating-the-net-zero-transition-chapter-4-vietnam.html",
  "status": 200,
  "from": "sitemap-au (manual capture)"
 },
 {
  "url": "https://www.mallesons.com/au/en/insights/latest-thinking/navigating-the-net-zero-transition-chapter-5-the-republic-of-korea.html",
  "status": 200,
  "from": "sitemap-au (manual capture)"
 },
 {
  "url": "https://www.mallesons.com/au/en/insights/latest-thinking/navigating-the-net-zero-transition-chapter-6-japan.html",
  "status": 200,
  "from": "sitemap-au (manual capture)"
 },
 {
  "url": "https://www.mallesons.com/au/en/insights/latest-thinking/navigating-the-net-zero-transition-regional-snapshot.html",
  "status": 200,
  "from": "sitemap-au (manual capture)"
 },
 {
  "url": "https://www.mallesons.com/au/en/insights/latest-thinking/navigating-the-new-procedure-for-recalls-product-alerts-and-product-corrections.html",
  "status": 200,
  "from": "sitemap-au (manual capture)"
 },
 {
  "url": "https://www.mallesons.com/au/en/insights/latest-thinking/navigating-the-payday-super-reforms-what-employers-need-to-know.html",
  "status": 200,
  "from": "sitemap-au (manual capture)"
 },
 {
  "url": "https://www.mallesons.com/au/en/insights/latest-thinking/navigating-the-private-capital-landscape-australias-thriving-investment-opportunities.html",
  "status": 200,
  "from": "sitemap-au (manual capture)"
 },
 {
  "url": "https://www.mallesons.com/au/en/insights/latest-thinking/navigating-the-proposed-reforms-to-australias-aml-ctf-regime.html",
  "status": 200,
  "from": "sitemap-au (manual capture)"
 },
 {
  "url": "https://www.mallesons.com/au/en/insights/latest-thinking/nelson-review-esem-bling-a-bridge-between-offtaker-and-developer-expectations.html",
  "status": 200,
  "from": "sitemap-au (manual capture)"
 },
 {
  "url": "https://www.mallesons.com/au/en/insights/latest-thinking/nem-review-final-report-released-key-changes-and-what-s-next.html",
  "status": 200,
  "from": "sitemap-au (manual capture)"
 },
 {
  "url": "https://www.mallesons.com/au/en/insights/latest-thinking/nem-wholesale-markets-review.html",
  "status": 200,
  "from": "sitemap-au (manual capture)"
 },
 {
  "url": "https://www.mallesons.com/au/en/insights/latest-thinking/net-zero-developments-opportunities-and-risks-for-the-agriculture-and-land-sector.html",
  "status": 200,
  "from": "sitemap-au (manual capture)"
 },
 {
  "url": "https://www.mallesons.com/au/en/insights/latest-thinking/new-accc-mandatory-notification-thresholds-commence-bright-line-voting-power-and-standalone-asset-thresholds.html",
  "status": 200,
  "from": "sitemap-au (manual capture)"
 },
 {
  "url": "https://www.mallesons.com/au/en/insights/latest-thinking/new-ahrc-recommendations-have-potential-for-further-sexual-harassment-reform.html",
  "status": 200,
  "from": "sitemap-au (manual capture)"
 },
 {
  "url": "https://www.mallesons.com/au/en/insights/latest-thinking/new-ai-related-changes-to-nsw-work-health-and-safety-laws.html",
  "status": 200,
  "from": "sitemap-au (manual capture)"
 },
 {
  "url": "https://www.mallesons.com/au/en/insights/latest-thinking/new-avenues-new-exposures-the-evolution-of-privacy-class-actions.html",
  "status": 200,
  "from": "sitemap-au (manual capture)"
 },
 {
  "url": "https://www.mallesons.com/au/en/insights/latest-thinking/new-bill-to-radically-increase-penalties-and-again-expand-powers-for-environmental-crimes-in-nsw.html",
  "status": 200,
  "from": "sitemap-au (manual capture)"
 },
 {
  "url": "https://www.mallesons.com/au/en/insights/latest-thinking/new-bill-to-reform-the-nsw-biodiversity-offset-scheme.html",
  "status": 200,
  "from": "sitemap-au (manual capture)"
 },
 {
  "url": "https://www.mallesons.com/au/en/insights/latest-thinking/new-derivatives-trade-reporting-rules-a-few-months-in.html",
  "status": 200,
  "from": "sitemap-au (manual capture)"
 },
 {
  "url": "https://www.mallesons.com/au/en/insights/latest-thinking/new-environmentally-sustainable-requirements-for-commonwealth-procurement-of-construction-services.html",
  "status": 200,
  "from": "sitemap-au (manual capture)"
 },
 {
  "url": "https://www.mallesons.com/au/en/insights/latest-thinking/new-guidance-for-hong-kong-banks-on-dual-use-goods.html",
  "status": 200,
  "from": "sitemap-au (manual capture)"
 },
 {
  "url": "https://www.mallesons.com/au/en/insights/latest-thinking/new-majority-government-same-modern-slavery-commitments-what-to-watch-in-2025.html",
  "status": 200,
  "from": "sitemap-au (manual capture)"
 },
 {
  "url": "https://www.mallesons.com/au/en/insights/latest-thinking/new-rules-for-commonwealth-government-contracts.html",
  "status": 200,
  "from": "sitemap-au (manual capture)"
 },
 {
  "url": "https://www.mallesons.com/au/en/insights/latest-thinking/new-rules-on-digital-id-herald-agdiss-private-sector-roll-out.html",
  "status": 200,
  "from": "sitemap-au (manual capture)"
 },
 {
  "url": "https://www.mallesons.com/au/en/insights/latest-thinking/new-sanctions-for-blocking-railways-in-nsw.html",
  "status": 200,
  "from": "sitemap-au (manual capture)"
 },
 {
  "url": "https://www.mallesons.com/au/en/insights/latest-thinking/new-year-and-a-new-dawn-for-hydrogen-and-renewable-energy-regulation-in-south-australia.html",
  "status": 200,
  "from": "sitemap-au (manual capture)"
 },
 {
  "url": "https://www.mallesons.com/au/en/insights/latest-thinking/new-zealand-consumer-data-right.html",
  "status": 200,
  "from": "sitemap-au (manual capture)"
 },
 {
  "url": "https://www.mallesons.com/au/en/insights/latest-thinking/new-zealand-government-policy-statement-on-land-transport-2024.html",
  "status": 200,
  "from": "sitemap-au (manual capture)"
 },
 {
  "url": "https://www.mallesons.com/au/en/insights/latest-thinking/next-steps-towards-affordable-housing-in-queensland.html",
  "status": 200,
  "from": "sitemap-au (manual capture)"
 },
 {
  "url": "https://www.mallesons.com/au/en/insights/latest-thinking/no-avoidance-here-taxpayer-wins-minerva-financial-group-pty-ltd-v-commissioner-of-taxation-appeal.html",
  "status": 200,
  "from": "sitemap-au (manual capture)"
 },
 {
  "url": "https://www.mallesons.com/au/en/insights/latest-thinking/no-need-to-wait-for-la-or-brisbane-for-our-next-golden-opportunity-our-dynamic-region-holds-m-and-a-promise.html",
  "status": 200,
  "from": "sitemap-au (manual capture)"
 },
 {
  "url": "https://www.mallesons.com/au/en/insights/latest-thinking/no-ongoing-obligations-remain-under-the-fwcs-fuel-cost-recovery-order.html",
  "status": 200,
  "from": "sitemap-au (manual capture)"
 },
 {
  "url": "https://www.mallesons.com/au/en/insights/latest-thinking/non-bank-lenders-and-mandatory-sustainability-reporting.html",
  "status": 200,
  "from": "sitemap-au (manual capture)"
 },
 {
  "url": "https://www.mallesons.com/au/en/insights/latest-thinking/non-bank-lenders-key-issues-in-the-thin-capitalisation-amendment-bill.html",
  "status": 200,
  "from": "sitemap-au (manual capture)"
 },
 {
  "url": "https://www.mallesons.com/au/en/insights/latest-thinking/northern-territory-backs-its-resources-and-energy-future.html",
  "status": 200,
  "from": "sitemap-au (manual capture)"
 },
 {
  "url": "https://www.mallesons.com/au/en/insights/latest-thinking/northern-territory-environment-reforms-establishing-the-new-mining-regulatory-framework.html",
  "status": 200,
  "from": "sitemap-au (manual capture)"
 },
 {
  "url": "https://www.mallesons.com/au/en/insights/latest-thinking/not-by-the-same-token-treasury-releases-its-token-mapping-consultation.html",
  "status": 200,
  "from": "sitemap-au (manual capture)"
 },
 {
  "url": "https://www.mallesons.com/au/en/insights/latest-thinking/not-just-hot-air-civil-penalties-for-unlawful-advertising-of-therapeutic-products.html",
  "status": 200,
  "from": "sitemap-au (manual capture)"
 },
 {
  "url": "https://www.mallesons.com/au/en/insights/latest-thinking/not-seeing-the-trees-for-the-forest-the-economics-of-proving-individual-loss-in-mass-tort-cases.html",
  "status": 200,
  "from": "sitemap-au (manual capture)"
 },
 {
  "url": "https://www.mallesons.com/au/en/insights/latest-thinking/not-sensitive-less-caution-in-new-policies-and-guidance-on-public-gen-ai-use-in-government.html",
  "status": 200,
  "from": "sitemap-au (manual capture)"
 },
 {
  "url": "https://www.mallesons.com/au/en/insights/latest-thinking/notification-of-claims-under-a-claims-made-policy-when-why-and-what.html",
  "status": 200,
  "from": "sitemap-au (manual capture)"
 },
 {
  "url": "https://www.mallesons.com/au/en/insights/latest-thinking/nse-epa-now-targeting-more-directors-managers-and-employees-for-environmental-crimes.html",
  "status": 200,
  "from": "sitemap-au (manual capture)"
 },
 {
  "url": "https://www.mallesons.com/au/en/insights/latest-thinking/nsw-approved-safety-codes-of-practice-are-now-mandatory.html",
  "status": 200,
  "from": "sitemap-au (manual capture)"
 },
 {
  "url": "https://www.mallesons.com/au/en/insights/latest-thinking/nsw-broadening-state-infrastructure-contribution-regime.html",
  "status": 200,
  "from": "sitemap-au (manual capture)"
 },
 {
  "url": "https://www.mallesons.com/au/en/insights/latest-thinking/nsw-budget-2023-24-key-changes-to-nsw-stamp-duty-regime.html",
  "status": 200,
  "from": "sitemap-au (manual capture)"
 },
 {
  "url": "https://www.mallesons.com/au/en/insights/latest-thinking/nsw-budget-2026-27-rail-metro-and-light-rail-commitments-signalled-in-transport-pipeline.html",
  "status": 200,
  "from": "sitemap-au (manual capture)"
 },
 {
  "url": "https://www.mallesons.com/au/en/insights/latest-thinking/nsw-freight-policy-reform-program-consultation-paper.html",
  "status": 200,
  "from": "sitemap-au (manual capture)"
 },
 {
  "url": "https://www.mallesons.com/au/en/insights/latest-thinking/nsw-planning-reforms-to-deliver-expanded-modification-powers-and-more-housing.html",
  "status": 200,
  "from": "sitemap-au (manual capture)"
 },
 {
  "url": "https://www.mallesons.com/au/en/insights/latest-thinking/nsw-proposes-to-remove-concession-for-acquisitions-in-listed-lan.html",
  "status": 200,
  "from": "sitemap-au (manual capture)"
 },
 {
  "url": "https://www.mallesons.com/au/en/insights/latest-thinking/nsw-strata-reforms-further-changes-commence-from-1-april-2026.html",
  "status": 200,
  "from": "sitemap-au (manual capture)"
 },
 {
  "url": "https://www.mallesons.com/au/en/insights/latest-thinking/nsw-to-prioritise-renewables-putting-pep-into-the-step-of-key-projects.html",
  "status": 200,
  "from": "sitemap-au (manual capture)"
 },
 {
  "url": "https://www.mallesons.com/au/en/insights/latest-thinking/nsw-workers-compensation-changes-the-bar-to-bring-a-claim-for-psychological-injury-may-rise-much-higher.html",
  "status": 200,
  "from": "sitemap-au (manual capture)"
 },
 {
  "url": "https://www.mallesons.com/au/en/insights/latest-thinking/nsw-workers-compensation-reform-streamlined-pathways-for-bullying-and-harassment-claims-in-nsw.html",
  "status": 200,
  "from": "sitemap-au (manual capture)"
 },
 {
  "url": "https://www.mallesons.com/au/en/insights/latest-thinking/ntc-consultation-paper-streamlining-rolling-stock-approval-processes.html",
  "status": 200,
  "from": "sitemap-au (manual capture)"
 },
 {
  "url": "https://www.mallesons.com/au/en/insights/latest-thinking/oaic-consults-on-new-childrens-online-privacy-code.html",
  "status": 200,
  "from": "sitemap-au (manual capture)"
 },
 {
  "url": "https://www.mallesons.com/au/en/insights/latest-thinking/observations-on-the-ffc-decision-in-anz-v-asic-the-2015-capital-raising-disclosure-case.html",
  "status": 200,
  "from": "sitemap-au (manual capture)"
 },
 {
  "url": "https://www.mallesons.com/au/en/insights/latest-thinking/offering-less-to-get-more-harnessing-the-power-of-a-scheme-structure.html",
  "status": 200,
  "from": "sitemap-au (manual capture)"
 },
 {
  "url": "https://www.mallesons.com/au/en/insights/latest-thinking/offshore-wind-a-game-changer-for-net-zero.html",
  "status": 200,
  "from": "sitemap-au (manual capture)"
 },
 {
  "url": "https://www.mallesons.com/au/en/insights/latest-thinking/oliver-hume-victorian-commissioner-wins-appeal-imposing-landholder-duty-based-on-substantially-one-arrangement.html",
  "status": 200,
  "from": "sitemap-au (manual capture)"
 },
 {
  "url": "https://www.mallesons.com/au/en/insights/latest-thinking/on-the-horizon-harmonisation-of-ghg-protocol-and-iso-climate-standards.html",
  "status": 200,
  "from": "sitemap-au (manual capture)"
 },
 {
  "url": "https://www.mallesons.com/au/en/insights/latest-thinking/on-the-horizon-unpacking-the-new-capital-framework-for-private-health-insurers.html",
  "status": 200,
  "from": "sitemap-au (manual capture)"
 },
 {
  "url": "https://www.mallesons.com/au/en/insights/latest-thinking/onboard-june-2026.html",
  "status": 200,
  "from": "sitemap-au (manual capture)"
 },
 {
  "url": "https://www.mallesons.com/au/en/insights/latest-thinking/opening-the-doors-to-international-funding-for-australian-critical-minerals.html",
  "status": 200,
  "from": "sitemap-au (manual capture)"
 },
 {
  "url": "https://www.mallesons.com/au/en/insights/latest-thinking/opt-out-and-soft-class-closure-notices-balancing-privacy-reach-and-the-interests-of-class-members.html",
  "status": 200,
  "from": "sitemap-au (manual capture)"
 },
 {
  "url": "https://www.mallesons.com/au/en/insights/latest-thinking/out-of-the-psi-frying-pan-into-the-part-iva-fire.html",
  "status": 200,
  "from": "sitemap-au (manual capture)"
 },
 {
  "url": "https://www.mallesons.com/au/en/insights/latest-thinking/overhauling-victorias-planning-system-the-planning-amendment-better-decisions-made-faster-bill-2025.html",
  "status": 200,
  "from": "sitemap-au (manual capture)"
 },
 {
  "url": "https://www.mallesons.com/au/en/insights/latest-thinking/oversight-kwms-digest-of-cases-against-directors-commenced-or-concluded-in-2024.html",
  "status": 200,
  "from": "sitemap-au (manual capture)"
 },
 {
  "url": "https://www.mallesons.com/au/en/insights/latest-thinking/oversight-mallesons-digest-of-cases-against-directors.html",
  "status": 200,
  "from": "sitemap-au (manual capture)"
 },
 {
  "url": "https://www.mallesons.com/au/en/insights/latest-thinking/overview-of-asics-regulatory-activities-in-the-first-half-of-2023.html",
  "status": 200,
  "from": "sitemap-au (manual capture)"
 },
 {
  "url": "https://www.mallesons.com/au/en/insights/latest-thinking/ownership-control-and-interest-pharmacy-law-update.html",
  "status": 200,
  "from": "sitemap-au (manual capture)"
 },
 {
  "url": "https://www.mallesons.com/au/en/insights/latest-thinking/part-2-a-direct-right-of-action.html",
  "status": 200,
  "from": "sitemap-au (manual capture)"
 },
 {
  "url": "https://www.mallesons.com/au/en/insights/latest-thinking/part-iva-checks-in-commissioner-prevails-in-hilton-hotel-sale.html",
  "status": 200,
  "from": "sitemap-au (manual capture)"
 },
 {
  "url": "https://www.mallesons.com/au/en/insights/latest-thinking/parts-of-the-governments-ir-reform-package-pass-parliament.html",
  "status": 200,
  "from": "sitemap-au (manual capture)"
 },
 {
  "url": "https://www.mallesons.com/au/en/insights/latest-thinking/pass-go-and-collect-your-certificate-key-implications-of-the-guarantee-of-origin-scheme.html",
  "status": 200,
  "from": "sitemap-au (manual capture)"
 },
 {
  "url": "https://www.mallesons.com/au/en/insights/latest-thinking/patent-term-extensions-under-challenge-in-the-high-court.html",
  "status": 200,
  "from": "sitemap-au (manual capture)"
 },
 {
  "url": "https://www.mallesons.com/au/en/insights/latest-thinking/patents-trends-what-are-we-seeing-and-what-does-it-mean.html",
  "status": 200,
  "from": "sitemap-au (manual capture)"
 },
 {
  "url": "https://www.mallesons.com/au/en/insights/latest-thinking/pathway-to-sustainable-development--legal-risks-of-climate-chang.html",
  "status": 200,
  "from": "sitemap-au (manual capture)"
 },
 {
  "url": "https://www.mallesons.com/au/en/insights/latest-thinking/payroll-remediation-fwo-sets-down-goalposts-for-remediating-employees.html",
  "status": 200,
  "from": "sitemap-au (manual capture)"
 },
 {
  "url": "https://www.mallesons.com/au/en/insights/latest-thinking/payroll-tax-rolling-with-developments.html",
  "status": 200,
  "from": "sitemap-au (manual capture)"
 },
 {
  "url": "https://www.mallesons.com/au/en/insights/latest-thinking/pbs-losses-from-patent-injunctions-flow-directly-for-commonwealth-but-it-fails-to-establish-claim.html",
  "status": 200,
  "from": "sitemap-au (manual capture)"
 },
 {
  "url": "https://www.mallesons.com/au/en/insights/latest-thinking/pepsico-appeal-leaves-commissioner-with-bitter-aftertaste.html",
  "status": 200,
  "from": "sitemap-au (manual capture)"
 },
 {
  "url": "https://www.mallesons.com/au/en/insights/latest-thinking/pepsico-prevails-in-high-court-but-how-long-will-refreshment-last.html",
  "status": 200,
  "from": "sitemap-au (manual capture)"
 },
 {
  "url": "https://www.mallesons.com/au/en/insights/latest-thinking/petroleum-legislation-amendment-act-2024-wa.html",
  "status": 200,
  "from": "sitemap-au (manual capture)"
 },
 {
  "url": "https://www.mallesons.com/au/en/insights/latest-thinking/phase-2-of-wa-new-security-of-payment-laws-take-effect-on-1-february-2023.html",
  "status": 200,
  "from": "sitemap-au (manual capture)"
 },
 {
  "url": "https://www.mallesons.com/au/en/insights/latest-thinking/phase-3-of-wa-new-security-of-payment-reforms-take-effect-on-1-february-2024.html",
  "status": 200,
  "from": "sitemap-au (manual capture)"
 },
 {
  "url": "https://www.mallesons.com/au/en/insights/latest-thinking/pillars-of-strength.html",
  "status": 200,
  "from": "sitemap-au (manual capture)"
 },
 {
  "url": "https://www.mallesons.com/au/en/insights/latest-thinking/planning-bill-2022-passes-the-legislative-assembly-a-new-act-pla.html",
  "status": 200,
  "from": "sitemap-au (manual capture)"
 },
 {
  "url": "https://www.mallesons.com/au/en/insights/latest-thinking/podcast-digging-for-deals-why-will-resources-m-a-be-big-in-2025.html",
  "status": 200,
  "from": "sitemap-au (manual capture)"
 },
 {
  "url": "https://www.mallesons.com/au/en/insights/latest-thinking/political-compromise-changes-to-the-governments-ir-reform-package.html",
  "status": 200,
  "from": "sitemap-au (manual capture)"
 },
 {
  "url": "https://www.mallesons.com/au/en/insights/latest-thinking/power-play-labors-win-and-the-future-of-australian-energy.html",
  "status": 200,
  "from": "sitemap-au (manual capture)"
 },
 {
  "url": "https://www.mallesons.com/au/en/insights/latest-thinking/ppsa-amendments-on-the-way.html",
  "status": 200,
  "from": "sitemap-au (manual capture)"
 },
 {
  "url": "https://www.mallesons.com/au/en/insights/latest-thinking/preparing-for-the-right-to-disconnect-practical-tips-for-employers.html",
  "status": 200,
  "from": "sitemap-au (manual capture)"
 },
 {
  "url": "https://www.mallesons.com/au/en/insights/latest-thinking/pricing-it-right-in-public-m-and-a-contingent-consideration-and-downside-price-protection.html",
  "status": 200,
  "from": "sitemap-au (manual capture)"
 },
 {
  "url": "https://www.mallesons.com/au/en/insights/latest-thinking/privacy-act-reforms-a-long-running-saga-yet-still-to-be-continued.html",
  "status": 200,
  "from": "sitemap-au (manual capture)"
 },
 {
  "url": "https://www.mallesons.com/au/en/insights/latest-thinking/privacy-act-review-report-finally-released.html",
  "status": 200,
  "from": "sitemap-au (manual capture)"
 },
 {
  "url": "https://www.mallesons.com/au/en/insights/latest-thinking/privacy-annual-update-2024.html",
  "status": 200,
  "from": "sitemap-au (manual capture)"
 },
 {
  "url": "https://www.mallesons.com/au/en/insights/latest-thinking/privacy-commissioner-zooms-in-on-tracking-pixels.html",
  "status": 200,
  "from": "sitemap-au (manual capture)"
 },
 {
  "url": "https://www.mallesons.com/au/en/insights/latest-thinking/private-capital-leading-the-surge-into-data-centres-what-have-we-learned-and-what-next.html",
  "status": 200,
  "from": "sitemap-au (manual capture)"
 },
 {
  "url": "https://www.mallesons.com/au/en/insights/latest-thinking/proactive-risk-management-a-culture-and-strategy-imperative-beyond-the-crisis.html",
  "status": 200,
  "from": "sitemap-au (manual capture)"
 },
 {
  "url": "https://www.mallesons.com/au/en/insights/latest-thinking/proceed-with-caution-privacy-lessons-from-bunnings-and-privacy-commissioner.html",
  "status": 200,
  "from": "sitemap-au (manual capture)"
 },
 {
  "url": "https://www.mallesons.com/au/en/insights/latest-thinking/procurement-complaints-handling.html",
  "status": 200,
  "from": "sitemap-au (manual capture)"
 },
 {
  "url": "https://www.mallesons.com/au/en/insights/latest-thinking/product-stewardship-schemes-write-your-own-rules-before-theyre-written-for-you.html",
  "status": 200,
  "from": "sitemap-au (manual capture)"
 },
 {
  "url": "https://www.mallesons.com/au/en/insights/latest-thinking/productivity-commission-opens-consultation-period-on-new-energy-.html",
  "status": 200,
  "from": "sitemap-au (manual capture)"
 },
 {
  "url": "https://www.mallesons.com/au/en/insights/latest-thinking/productivity-commission-releases-final-report-into-harnessing-data-and-digital-technologies.html",
  "status": 200,
  "from": "sitemap-au (manual capture)"
 },
 {
  "url": "https://www.mallesons.com/au/en/insights/latest-thinking/progress-update-on-freight-policy-reform-in-nsw.html",
  "status": 200,
  "from": "sitemap-au (manual capture)"
 },
 {
  "url": "https://www.mallesons.com/au/en/insights/latest-thinking/project-and-retention-trust-accounts-in-an-insolvency.html",
  "status": 200,
  "from": "sitemap-au (manual capture)"
 },
 {
  "url": "https://www.mallesons.com/au/en/insights/latest-thinking/property-developers-act-2024.html",
  "status": 200,
  "from": "sitemap-au (manual capture)"
 },
 {
  "url": "https://www.mallesons.com/au/en/insights/latest-thinking/proposal-to-significantly-extend-and-enhance-the-enforcement-of-the-soci-act.html",
  "status": 200,
  "from": "sitemap-au (manual capture)"
 },
 {
  "url": "https://www.mallesons.com/au/en/insights/latest-thinking/proposed-fifth-edition-of-asx-corporate-governance-principles-seeking-a-balance-for-listed-entity-boards.html",
  "status": 200,
  "from": "sitemap-au (manual capture)"
 },
 {
  "url": "https://www.mallesons.com/au/en/insights/latest-thinking/proposed-redesign-of-australias-designs-law.html",
  "status": 200,
  "from": "sitemap-au (manual capture)"
 },
 {
  "url": "https://www.mallesons.com/au/en/insights/latest-thinking/psychosocial-developments-to-shape-your-organisations-risk-management-priorities-for-2026.html",
  "status": 200,
  "from": "sitemap-au (manual capture)"
 },
 {
  "url": "https://www.mallesons.com/au/en/insights/latest-thinking/psychosocial-hazards-and-the-regulator.html",
  "status": 200,
  "from": "sitemap-au (manual capture)"
 },
 {
  "url": "https://www.mallesons.com/au/en/insights/latest-thinking/public-m-a-market-on-a-page--a-recap-of-2024.html",
  "status": 200,
  "from": "sitemap-au (manual capture)"
 },
 {
  "url": "https://www.mallesons.com/au/en/insights/latest-thinking/public-m-and-a-deal-update.html",
  "status": 200,
  "from": "sitemap-au (manual capture)"
 },
 {
  "url": "https://www.mallesons.com/au/en/insights/latest-thinking/public-m-and-a-market-on-a-page-february-2026.html",
  "status": 200,
  "from": "sitemap-au (manual capture)"
 },
 {
  "url": "https://www.mallesons.com/au/en/insights/latest-thinking/public-m-and-a-market-on-a-page-july-2025.html",
  "status": 200,
  "from": "sitemap-au (manual capture)"
 },
 {
  "url": "https://www.mallesons.com/au/en/insights/latest-thinking/public-m-and-a-market-on-a-page-june-2026.html",
  "status": 200,
  "from": "sitemap-au (manual capture)"
 },
 {
  "url": "https://www.mallesons.com/au/en/insights/latest-thinking/public-m-and-a-market-on-a-page-october-2025.html",
  "status": 200,
  "from": "sitemap-au (manual capture)"
 },
 {
  "url": "https://www.mallesons.com/au/en/insights/latest-thinking/public-private-partnerships-in-bangladesh.html",
  "status": 200,
  "from": "sitemap-au (manual capture)"
 },
 {
  "url": "https://www.mallesons.com/au/en/insights/latest-thinking/public-private-partnerships-in-cambodia.html",
  "status": 200,
  "from": "sitemap-au (manual capture)"
 },
 {
  "url": "https://www.mallesons.com/au/en/insights/latest-thinking/public-private-partnerships-in-hong-kong.html",
  "status": 200,
  "from": "sitemap-au (manual capture)"
 },
 {
  "url": "https://www.mallesons.com/au/en/insights/latest-thinking/public-private-partnerships-in-indonesia.html",
  "status": 200,
  "from": "sitemap-au (manual capture)"
 },
 {
  "url": "https://www.mallesons.com/au/en/insights/latest-thinking/public-private-partnerships-in-japan.html",
  "status": 200,
  "from": "sitemap-au (manual capture)"
 },
 {
  "url": "https://www.mallesons.com/au/en/insights/latest-thinking/public-private-partnerships-in-lao-pdr.html",
  "status": 200,
  "from": "sitemap-au (manual capture)"
 },
 {
  "url": "https://www.mallesons.com/au/en/insights/latest-thinking/public-private-partnerships-in-malaysia.html",
  "status": 200,
  "from": "sitemap-au (manual capture)"
 },
 {
  "url": "https://www.mallesons.com/au/en/insights/latest-thinking/public-private-partnerships-in-philippines.html",
  "status": 200,
  "from": "sitemap-au (manual capture)"
 },
 {
  "url": "https://www.mallesons.com/au/en/insights/latest-thinking/public-private-partnerships-in-thailand.html",
  "status": 200,
  "from": "sitemap-au (manual capture)"
 },
 {
  "url": "https://www.mallesons.com/au/en/insights/latest-thinking/public-private-partnerships-in-vietnam.html",
  "status": 200,
  "from": "sitemap-au (manual capture)"
 },
 {
  "url": "https://www.mallesons.com/au/en/insights/latest-thinking/publication/a-guide-to-investing-in-australian-real-estate-2025.html",
  "status": 200,
  "from": "sitemap-au (manual capture)"
 },
 {
  "url": "https://www.mallesons.com/au/en/insights/latest-thinking/publication/a-guide-to-investing-in-australian-real-estate.html",
  "status": 200,
  "from": "sitemap-au (manual capture)"
 },
 {
  "url": "https://www.mallesons.com/au/en/insights/latest-thinking/publication/a-guide-to-taking-security-in-asia.html",
  "status": 200,
  "from": "sitemap-au (manual capture)"
 },
 {
  "url": "https://www.mallesons.com/au/en/insights/latest-thinking/publication/a-new-era-of-pragmatism-climate-governance-and-reporting-trends-of-the-asx50-in-2024.html",
  "status": 200,
  "from": "sitemap-au (manual capture)"
 },
 {
  "url": "https://www.mallesons.com/au/en/insights/latest-thinking/publication/australian-federal-budget-march-2025-26.html",
  "status": 200,
  "from": "sitemap-au (manual capture)"
 },
 {
  "url": "https://www.mallesons.com/au/en/insights/latest-thinking/publication/australian-federal-budget-may-2023-24.html",
  "status": 200,
  "from": "sitemap-au (manual capture)"
 },
 {
  "url": "https://www.mallesons.com/au/en/insights/latest-thinking/publication/australian-federal-budget-may-2024-25.html",
  "status": 200,
  "from": "sitemap-au (manual capture)"
 },
 {
  "url": "https://www.mallesons.com/au/en/insights/latest-thinking/publication/australian-federal-budget.html",
  "status": 200,
  "from": "sitemap-au (manual capture)"
 },
 {
  "url": "https://www.mallesons.com/au/en/insights/latest-thinking/publication/breaking-new-ground-asx50-sustainability-reporting-and-governance-in-2023.html",
  "status": 200,
  "from": "sitemap-au (manual capture)"
 },
 {
  "url": "https://www.mallesons.com/au/en/insights/latest-thinking/publication/bullseye-2023-private-capital-outlook.html",
  "status": 200,
  "from": "sitemap-au (manual capture)"
 },
 {
  "url": "https://www.mallesons.com/au/en/insights/latest-thinking/publication/capital-and-kilowatts.html",
  "status": 200,
  "from": "sitemap-au (manual capture)"
 },
 {
  "url": "https://www.mallesons.com/au/en/insights/latest-thinking/publication/climate-related-disclosure-and-governance-trends-of-the-asx50-in-2022.html",
  "status": 200,
  "from": "sitemap-au (manual capture)"
 },
 {
  "url": "https://www.mallesons.com/au/en/insights/latest-thinking/publication/dealtrends.html",
  "status": 200,
  "from": "sitemap-au (manual capture)"
 },
 {
  "url": "https://www.mallesons.com/au/en/insights/latest-thinking/publication/deep-dive-into-asx200-agms-in-2022.html",
  "status": 200,
  "from": "sitemap-au (manual capture)"
 },
 {
  "url": "https://www.mallesons.com/au/en/insights/latest-thinking/publication/deep-dive-into-asx200-agms-in-2023.html",
  "status": 200,
  "from": "sitemap-au (manual capture)"
 },
 {
  "url": "https://www.mallesons.com/au/en/insights/latest-thinking/publication/deep-dive-into-asx200-agms-in-2024.html",
  "status": 200,
  "from": "sitemap-au (manual capture)"
 },
 {
  "url": "https://www.mallesons.com/au/en/insights/latest-thinking/publication/deep-dive-into-asx200-agms-in-2025.html",
  "status": 200,
  "from": "sitemap-au (manual capture)"
 },
 {
  "url": "https://www.mallesons.com/au/en/insights/latest-thinking/publication/directions-2023.html",
  "status": 200,
  "from": "sitemap-au (manual capture)"
 },
 {
  "url": "https://www.mallesons.com/au/en/insights/latest-thinking/publication/directions-2024.html",
  "status": 200,
  "from": "sitemap-au (manual capture)"
 },
 {
  "url": "https://www.mallesons.com/au/en/insights/latest-thinking/publication/directions-2025.html",
  "status": 200,
  "from": "sitemap-au (manual capture)"
 },
 {
  "url": "https://www.mallesons.com/au/en/insights/latest-thinking/publication/directions.html",
  "status": 200,
  "from": "sitemap-au (manual capture)"
 },
 {
  "url": "https://www.mallesons.com/au/en/insights/latest-thinking/publication/financial-crime-and-regulation-year-in-review-2023.html",
  "status": 200,
  "from": "sitemap-au (manual capture)"
 },
 {
  "url": "https://www.mallesons.com/au/en/insights/latest-thinking/publication/formwork.html",
  "status": 200,
  "from": "sitemap-au (manual capture)"
 },
 {
  "url": "https://www.mallesons.com/au/en/insights/latest-thinking/publication/guide-to-doing-business-in-australia-2024.html",
  "status": 200,
  "from": "sitemap-au (manual capture)"
 },
 {
  "url": "https://www.mallesons.com/au/en/insights/latest-thinking/publication/guide-to-doing-business-in-australia-2025.html",
  "status": 200,
  "from": "sitemap-au (manual capture)"
 },
 {
  "url": "https://www.mallesons.com/au/en/insights/latest-thinking/publication/guide-to-doing-business-in-australia.html",
  "status": 200,
  "from": "sitemap-au (manual capture)"
 },
 {
  "url": "https://www.mallesons.com/au/en/insights/latest-thinking/publication/hong-kong-stablecoins-bill-regulatory-regime-for-issuance-and-offers-of-stablecoins.html",
  "status": 200,
  "from": "sitemap-au (manual capture)"
 },
 {
  "url": "https://www.mallesons.com/au/en/insights/latest-thinking/publication/in-private-april-2025.html",
  "status": 200,
  "from": "sitemap-au (manual capture)"
 },
 {
  "url": "https://www.mallesons.com/au/en/insights/latest-thinking/publication/in-private-october-2025.html",
  "status": 200,
  "from": "sitemap-au (manual capture)"
 },
 {
  "url": "https://www.mallesons.com/au/en/insights/latest-thinking/publication/in-private.html",
  "status": 200,
  "from": "sitemap-au (manual capture)"
 },
 {
  "url": "https://www.mallesons.com/au/en/insights/latest-thinking/publication/insurance-pocketbook-2023.html",
  "status": 200,
  "from": "sitemap-au (manual capture)"
 },
 {
  "url": "https://www.mallesons.com/au/en/insights/latest-thinking/publication/insurance-pocketbook-2024.html",
  "status": 200,
  "from": "sitemap-au (manual capture)"
 },
 {
  "url": "https://www.mallesons.com/au/en/insights/latest-thinking/publication/insurance-pocketbook-2025.html",
  "status": 200,
  "from": "sitemap-au (manual capture)"
 },
 {
  "url": "https://www.mallesons.com/au/en/insights/latest-thinking/publication/insurance-pocketbook.html",
  "status": 200,
  "from": "sitemap-au (manual capture)"
 },
 {
  "url": "https://www.mallesons.com/au/en/insights/latest-thinking/publication/it-bytes-answering-your-common-it-contract-law-questions.html",
  "status": 200,
  "from": "sitemap-au (manual capture)"
 },
 {
  "url": "https://www.mallesons.com/au/en/insights/latest-thinking/publication/its-public-august-2025.html",
  "status": 200,
  "from": "sitemap-au (manual capture)"
 },
 {
  "url": "https://www.mallesons.com/au/en/insights/latest-thinking/publication/its-public-march-2025.html",
  "status": 200,
  "from": "sitemap-au (manual capture)"
 },
 {
  "url": "https://www.mallesons.com/au/en/insights/latest-thinking/publication/its-public.html",
  "status": 200,
  "from": "sitemap-au (manual capture)"
 },
 {
  "url": "https://www.mallesons.com/au/en/insights/latest-thinking/publication/kwms-guide-to-takeovers-and-schemes-in-australia-2025.html",
  "status": 200,
  "from": "sitemap-au (manual capture)"
 },
 {
  "url": "https://www.mallesons.com/au/en/insights/latest-thinking/publication/kwms-guide-to-takeovers-and-schemes-in-australia.html",
  "status": 200,
  "from": "sitemap-au (manual capture)"
 },
 {
  "url": "https://www.mallesons.com/au/en/insights/latest-thinking/publication/m-and-a-in-the-city-2023-h1.html",
  "status": 200,
  "from": "sitemap-au (manual capture)"
 },
 {
  "url": "https://www.mallesons.com/au/en/insights/latest-thinking/publication/m-and-a-in-the-city-2023-june.html",
  "status": 200,
  "from": "sitemap-au (manual capture)"
 },
 {
  "url": "https://www.mallesons.com/au/en/insights/latest-thinking/publication/m-and-a-in-the-city-2023-november.html",
  "status": 200,
  "from": "sitemap-au (manual capture)"
 },
 {
  "url": "https://www.mallesons.com/au/en/insights/latest-thinking/publication/m-and-a-in-the-city-2023.html",
  "status": 200,
  "from": "sitemap-au (manual capture)"
 },
 {
  "url": "https://www.mallesons.com/au/en/insights/latest-thinking/publication/m-and-a-in-the-city-2024-june.html",
  "status": 200,
  "from": "sitemap-au (manual capture)"
 },
 {
  "url": "https://www.mallesons.com/au/en/insights/latest-thinking/publication/m-and-a-in-the-city-2024-march.html",
  "status": 200,
  "from": "sitemap-au (manual capture)"
 },
 {
  "url": "https://www.mallesons.com/au/en/insights/latest-thinking/publication/m-and-a-in-the-city-2024-november.html",
  "status": 200,
  "from": "sitemap-au (manual capture)"
 },
 {
  "url": "https://www.mallesons.com/au/en/insights/latest-thinking/publication/mandatory-sustainability-reporting-in-practice.html",
  "status": 200,
  "from": "sitemap-au (manual capture)"
 },
 {
  "url": "https://www.mallesons.com/au/en/insights/latest-thinking/publication/modern-slavery-reforms-at-home-and-abroad.html",
  "status": 200,
  "from": "sitemap-au (manual capture)"
 },
 {
  "url": "https://www.mallesons.com/au/en/insights/latest-thinking/publication/move-fast-and-make-things-ed-3.html",
  "status": 200,
  "from": "sitemap-au (manual capture)"
 },
 {
  "url": "https://www.mallesons.com/au/en/insights/latest-thinking/publication/move-fast-and-make-things-ed-4.html",
  "status": 200,
  "from": "sitemap-au (manual capture)"
 },
 {
  "url": "https://www.mallesons.com/au/en/insights/latest-thinking/publication/navigating-data-centre-opportunities-across-apac.html",
  "status": 200,
  "from": "sitemap-au (manual capture)"
 },
 {
  "url": "https://www.mallesons.com/au/en/insights/latest-thinking/publication/navigating-net-zero-apac-climate-guide.html",
  "status": 200,
  "from": "sitemap-au (manual capture)"
 },
 {
  "url": "https://www.mallesons.com/au/en/insights/latest-thinking/publication/navigating-the-net-zero-transition-spotlight-on-southeast-asia-japan-and-the-republic-of-korea.html",
  "status": 200,
  "from": "sitemap-au (manual capture)"
 },
 {
  "url": "https://www.mallesons.com/au/en/insights/latest-thinking/publication/next-business-purpose-future-edition-6.html",
  "status": 200,
  "from": "sitemap-au (manual capture)"
 },
 {
  "url": "https://www.mallesons.com/au/en/insights/latest-thinking/publication/next-business-purpose-future-edition-7.html",
  "status": 200,
  "from": "sitemap-au (manual capture)"
 },
 {
  "url": "https://www.mallesons.com/au/en/insights/latest-thinking/publication/next-business-purpose-future-edition-8.html",
  "status": 200,
  "from": "sitemap-au (manual capture)"
 },
 {
  "url": "https://www.mallesons.com/au/en/insights/latest-thinking/publication/next-business-purpose-future-edition-9.html",
  "status": 200,
  "from": "sitemap-au (manual capture)"
 },
 {
  "url": "https://www.mallesons.com/au/en/insights/latest-thinking/publication/onboard-april-2026.html",
  "status": 200,
  "from": "sitemap-au (manual capture)"
 },
 {
  "url": "https://www.mallesons.com/au/en/insights/latest-thinking/publication/onboard-december-2023.html",
  "status": 200,
  "from": "sitemap-au (manual capture)"
 },
 {
  "url": "https://www.mallesons.com/au/en/insights/latest-thinking/publication/onboard-december-2024.html",
  "status": 200,
  "from": "sitemap-au (manual capture)"
 },
 {
  "url": "https://www.mallesons.com/au/en/insights/latest-thinking/publication/onboard-december-2025.html",
  "status": 200,
  "from": "sitemap-au (manual capture)"
 },
 {
  "url": "https://www.mallesons.com/au/en/insights/latest-thinking/publication/onboard-june-2023.html",
  "status": 200,
  "from": "sitemap-au (manual capture)"
 },
 {
  "url": "https://www.mallesons.com/au/en/insights/latest-thinking/publication/onboard-june-2024.html",
  "status": 200,
  "from": "sitemap-au (manual capture)"
 },
 {
  "url": "https://www.mallesons.com/au/en/insights/latest-thinking/publication/onboard-june-2025.html",
  "status": 200,
  "from": "sitemap-au (manual capture)"
 },
 {
  "url": "https://www.mallesons.com/au/en/insights/latest-thinking/publication/onboard-march-2023.html",
  "status": 200,
  "from": "sitemap-au (manual capture)"
 },
 {
  "url": "https://www.mallesons.com/au/en/insights/latest-thinking/publication/onboard-march-2024.html",
  "status": 200,
  "from": "sitemap-au (manual capture)"
 },
 {
  "url": "https://www.mallesons.com/au/en/insights/latest-thinking/publication/onboard-march-2025.html",
  "status": 200,
  "from": "sitemap-au (manual capture)"
 },
 {
  "url": "https://www.mallesons.com/au/en/insights/latest-thinking/publication/onboard-september-2023.html",
  "status": 200,
  "from": "sitemap-au (manual capture)"
 },
 {
  "url": "https://www.mallesons.com/au/en/insights/latest-thinking/publication/onboard-september-2024.html",
  "status": 200,
  "from": "sitemap-au (manual capture)"
 },
 {
  "url": "https://www.mallesons.com/au/en/insights/latest-thinking/publication/onboard-september-2025.html",
  "status": 200,
  "from": "sitemap-au (manual capture)"
 },
 {
  "url": "https://www.mallesons.com/au/en/insights/latest-thinking/publication/onboard.html",
  "status": 200,
  "from": "sitemap-au (manual capture)"
 },
 {
  "url": "https://www.mallesons.com/au/en/insights/latest-thinking/publication/privacy-annual-update-2023.html",
  "status": 200,
  "from": "sitemap-au (manual capture)"
 },
 {
  "url": "https://www.mallesons.com/au/en/insights/latest-thinking/publication/privacy-law-annual-update.html",
  "status": 200,
  "from": "sitemap-au (manual capture)"
 },
 {
  "url": "https://www.mallesons.com/au/en/insights/latest-thinking/publication/public-private-partnerships-in-asia-2023.html",
  "status": 200,
  "from": "sitemap-au (manual capture)"
 },
 {
  "url": "https://www.mallesons.com/au/en/insights/latest-thinking/publication/risks-of-gen-ai.html",
  "status": 200,
  "from": "sitemap-au (manual capture)"
 },
 {
  "url": "https://www.mallesons.com/au/en/insights/latest-thinking/publication/the-impact-of-artificial-intelligence-on-the-australian-finance-.html",
  "status": 200,
  "from": "sitemap-au (manual capture)"
 },
 {
  "url": "https://www.mallesons.com/au/en/insights/latest-thinking/publication/the-review-class-actions-in-australia-2022-2023.html",
  "status": 200,
  "from": "sitemap-au (manual capture)"
 },
 {
  "url": "https://www.mallesons.com/au/en/insights/latest-thinking/publication/the-review-class-actions-in-australia-2023-2024.html",
  "status": 200,
  "from": "sitemap-au (manual capture)"
 },
 {
  "url": "https://www.mallesons.com/au/en/insights/latest-thinking/publication/the-review-class-actions-in-australia-2024-2025.html",
  "status": 200,
  "from": "sitemap-au (manual capture)"
 },
 {
  "url": "https://www.mallesons.com/au/en/insights/latest-thinking/publication/the-review-class-actions-in-australia.html",
  "status": 200,
  "from": "sitemap-au (manual capture)"
 },
 {
  "url": "https://www.mallesons.com/au/en/insights/latest-thinking/pulse-check-class-actions-in-health-sector-alive-and-well.html",
  "status": 200,
  "from": "sitemap-au (manual capture)"
 },
 {
  "url": "https://www.mallesons.com/au/en/insights/latest-thinking/putting-royalties-on-the-map-oracle-denied-stay-of-domestic-tax-proceedings.html",
  "status": 200,
  "from": "sitemap-au (manual capture)"
 },
 {
  "url": "https://www.mallesons.com/au/en/insights/latest-thinking/putting-your-best-foot-forward-key-lessons-from-the-federal-courts-interpretation-of-reasonable-steps.html",
  "status": 200,
  "from": "sitemap-au (manual capture)"
 },
 {
  "url": "https://www.mallesons.com/au/en/insights/latest-thinking/quality-data-as-an-asset-in-the-financial-services-sector-findings-from-apras-multi-year-pilot-study.html",
  "status": 200,
  "from": "sitemap-au (manual capture)"
 },
 {
  "url": "https://www.mallesons.com/au/en/insights/latest-thinking/quality-of-advice-review-first-tranche-of-the-draft-legislation.html",
  "status": 200,
  "from": "sitemap-au (manual capture)"
 },
 {
  "url": "https://www.mallesons.com/au/en/insights/latest-thinking/queensland-goes-all-in-on-critical-minerals-key-changes-under-the-sdpwo-amendment-bill-2026.html",
  "status": 200,
  "from": "sitemap-au (manual capture)"
 },
 {
  "url": "https://www.mallesons.com/au/en/insights/latest-thinking/queensland-proposes-major-reforms-to-mining-approvals-and-objections-framework.html",
  "status": 200,
  "from": "sitemap-au (manual capture)"
 },
 {
  "url": "https://www.mallesons.com/au/en/insights/latest-thinking/queenslands-housing-availability-and-affordability-bill-new-tools-to-help-facilitate-development.html",
  "status": 200,
  "from": "sitemap-au (manual capture)"
 },
 {
  "url": "https://www.mallesons.com/au/en/insights/latest-thinking/queenslands-new-property-law-act-a-quick-snapshot-of-some-key-items.html",
  "status": 200,
  "from": "sitemap-au (manual capture)"
 },
 {
  "url": "https://www.mallesons.com/au/en/insights/latest-thinking/queenslands-next-wave-of-environmental-reform.html",
  "status": 200,
  "from": "sitemap-au (manual capture)"
 },
 {
  "url": "https://www.mallesons.com/au/en/insights/latest-thinking/queenslands-next-wave-of-environmental-reforms.html",
  "status": 200,
  "from": "sitemap-au (manual capture)"
 },
 {
  "url": "https://www.mallesons.com/au/en/insights/latest-thinking/radical-overhaul-underway-for-australias-payments-system.html",
  "status": 200,
  "from": "sitemap-au (manual capture)"
 },
 {
  "url": "https://www.mallesons.com/au/en/insights/latest-thinking/rail-round-up-july-2026.html",
  "status": 200,
  "from": "sitemap-au (manual capture)"
 },
 {
  "url": "https://www.mallesons.com/au/en/insights/latest-thinking/rail-round-up.html",
  "status": 200,
  "from": "sitemap-au (manual capture)"
 },
 {
  "url": "https://www.mallesons.com/au/en/insights/latest-thinking/rail-safety-national-law-review-final-report-june-2024.html",
  "status": 200,
  "from": "sitemap-au (manual capture)"
 },
 {
  "url": "https://www.mallesons.com/au/en/insights/latest-thinking/ready-or-not-here-we-go-what-to-expect-in-a-nacc-new-world.html",
  "status": 200,
  "from": "sitemap-au (manual capture)"
 },
 {
  "url": "https://www.mallesons.com/au/en/insights/latest-thinking/ready-or-not-mandatory-climate-reporting-commences-1-january-2025.html",
  "status": 200,
  "from": "sitemap-au (manual capture)"
 },
 {
  "url": "https://www.mallesons.com/au/en/insights/latest-thinking/ready-set-launch-australias-world-first-nature-repair-market-is-now-operational.html",
  "status": 200,
  "from": "sitemap-au (manual capture)"
 },
 {
  "url": "https://www.mallesons.com/au/en/insights/latest-thinking/received-a-request-for-your-register-of-relevant-interest-recently-read-on.html",
  "status": 200,
  "from": "sitemap-au (manual capture)"
 },
 {
  "url": "https://www.mallesons.com/au/en/insights/latest-thinking/recent-sopa-wrap-up-across-the-states.html",
  "status": 200,
  "from": "sitemap-au (manual capture)"
 },
 {
  "url": "https://www.mallesons.com/au/en/insights/latest-thinking/record-work-health-and-safety-fine.html",
  "status": 200,
  "from": "sitemap-au (manual capture)"
 },
 {
  "url": "https://www.mallesons.com/au/en/insights/latest-thinking/redefining-energy-in-japan-game-changing-corporate-ppas-shape-the-future.html",
  "status": 200,
  "from": "sitemap-au (manual capture)"
 },
 {
  "url": "https://www.mallesons.com/au/en/insights/latest-thinking/reform-reflections-dnderstanding-the-shift-in-australias-industrial-landscape.html",
  "status": 200,
  "from": "sitemap-au (manual capture)"
 },
 {
  "url": "https://www.mallesons.com/au/en/insights/latest-thinking/reforming-australias-federal-environmental-laws-safeguard-mechanism-reforms.html",
  "status": 200,
  "from": "sitemap-au (manual capture)"
 },
 {
  "url": "https://www.mallesons.com/au/en/insights/latest-thinking/reforms-propose-more-flexible-approach-to-unpaid-parental-leave.html",
  "status": 200,
  "from": "sitemap-au (manual capture)"
 },
 {
  "url": "https://www.mallesons.com/au/en/insights/latest-thinking/reforms-to-nsw-work-health-and-safety-laws.html",
  "status": 200,
  "from": "sitemap-au (manual capture)"
 },
 {
  "url": "https://www.mallesons.com/au/en/insights/latest-thinking/register-of-foreign-ownership-of-australian-assets.html",
  "status": 200,
  "from": "sitemap-au (manual capture)"
 },
 {
  "url": "https://www.mallesons.com/au/en/insights/latest-thinking/regulation-rigor-and-responsibility-the-acccs-expectation-in-2026.html",
  "status": 200,
  "from": "sitemap-au (manual capture)"
 },
 {
  "url": "https://www.mallesons.com/au/en/insights/latest-thinking/regulatory-renaissance-treasury-releases-draft-legislation-to-regulate-bnpl-providers.html",
  "status": 200,
  "from": "sitemap-au (manual capture)"
 },
 {
  "url": "https://www.mallesons.com/au/en/insights/latest-thinking/regulatory-shift-provides-opportunities-for-new-methods-of-treat.html",
  "status": 200,
  "from": "sitemap-au (manual capture)"
 },
 {
  "url": "https://www.mallesons.com/au/en/insights/latest-thinking/regulatory-tracker-update-november-2024.html",
  "status": 200,
  "from": "sitemap-au (manual capture)"
 },
 {
  "url": "https://www.mallesons.com/au/en/insights/latest-thinking/reminder-preparing-for-victorias-new-nda-restrictions.html",
  "status": 200,
  "from": "sitemap-au (manual capture)"
 },
 {
  "url": "https://www.mallesons.com/au/en/insights/latest-thinking/remuneration-governance-director-found-liable-as-an-accessory-for-wage-theft.html",
  "status": 200,
  "from": "sitemap-au (manual capture)"
 },
 {
  "url": "https://www.mallesons.com/au/en/insights/latest-thinking/report-of-legislative-assembly-inquiry-property-developers-bill-2023.html",
  "status": 200,
  "from": "sitemap-au (manual capture)"
 },
 {
  "url": "https://www.mallesons.com/au/en/insights/latest-thinking/report-of-the-statutory-review-of-the-online-safety-act-2021-released.html",
  "status": 200,
  "from": "sitemap-au (manual capture)"
 },
 {
  "url": "https://www.mallesons.com/au/en/insights/latest-thinking/representative-complaints-under-the-australian-privacy-act-recent-developments.html",
  "status": 200,
  "from": "sitemap-au (manual capture)"
 },
 {
  "url": "https://www.mallesons.com/au/en/insights/latest-thinking/reputation-is-not-relevant-to-the-assessment-of-deceptive-similarity-under-australias-direct-trade-mark-infringement-provision.html",
  "status": 200,
  "from": "sitemap-au (manual capture)"
 },
 {
  "url": "https://www.mallesons.com/au/en/insights/latest-thinking/reserving-the-future-from-exports-to-energy-security.html",
  "status": 200,
  "from": "sitemap-au (manual capture)"
 },
 {
  "url": "https://www.mallesons.com/au/en/insights/latest-thinking/residential-btr-sector-receives-reduction-in-withholding-tax-rates-for-mits.html",
  "status": 200,
  "from": "sitemap-au (manual capture)"
 },
 {
  "url": "https://www.mallesons.com/au/en/insights/latest-thinking/resources-sector-tax-developments-exposure-draft-legislation-to-overcome-shell-decision.html",
  "status": 200,
  "from": "sitemap-au (manual capture)"
 },
 {
  "url": "https://www.mallesons.com/au/en/insights/latest-thinking/respect-at-work-practical-steps-to-comply-with-the-positive-duty.html",
  "status": 200,
  "from": "sitemap-au (manual capture)"
 },
 {
  "url": "https://www.mallesons.com/au/en/insights/latest-thinking/rest-break-class-action-claims-continue-to-reshape-risk-in-food-and-retail.html",
  "status": 200,
  "from": "sitemap-au (manual capture)"
 },
 {
  "url": "https://www.mallesons.com/au/en/insights/latest-thinking/retail-voting-programs-why-they-matter-now.html",
  "status": 200,
  "from": "sitemap-au (manual capture)"
 },
 {
  "url": "https://www.mallesons.com/au/en/insights/latest-thinking/review-of-the-rail-safety-national-law-national-transport-commission.html",
  "status": 200,
  "from": "sitemap-au (manual capture)"
 },
 {
  "url": "https://www.mallesons.com/au/en/insights/latest-thinking/revised-exposure-draft-legislation-denying-deductions-for-payments-relating-to-intangible-assets-connected-with-low-tax-jurisdictions.html",
  "status": 200,
  "from": "sitemap-au (manual capture)"
 },
 {
  "url": "https://www.mallesons.com/au/en/insights/latest-thinking/rights-and-wrongs-of-rights-issue-structuring.html",
  "status": 200,
  "from": "sitemap-au (manual capture)"
 },
 {
  "url": "https://www.mallesons.com/au/en/insights/latest-thinking/risks-of-gen-ai-accuracy-and-reliability.html",
  "status": 200,
  "from": "sitemap-au (manual capture)"
 },
 {
  "url": "https://www.mallesons.com/au/en/insights/latest-thinking/risks-of-gen-ai-deepfakes-to-disinformation-esafety-and-authenticity.html",
  "status": 200,
  "from": "sitemap-au (manual capture)"
 },
 {
  "url": "https://www.mallesons.com/au/en/insights/latest-thinking/risks-of-gen-ai-energy-and-esg.html",
  "status": 200,
  "from": "sitemap-au (manual capture)"
 },
 {
  "url": "https://www.mallesons.com/au/en/insights/latest-thinking/risks-of-gen-ai-probing-the-privacy-pitfalls.html",
  "status": 200,
  "from": "sitemap-au (manual capture)"
 },
 {
  "url": "https://www.mallesons.com/au/en/insights/latest-thinking/risks-of-gen-ai-safeguarding-intellectual-property-in-the-ai-era.html",
  "status": 200,
  "from": "sitemap-au (manual capture)"
 },
 {
  "url": "https://www.mallesons.com/au/en/insights/latest-thinking/risks-of-gen-ai-the-black-box-problem.html",
  "status": 200,
  "from": "sitemap-au (manual capture)"
 },
 {
  "url": "https://www.mallesons.com/au/en/insights/latest-thinking/roads-act-1993-review-fit-for-purpose-30-years-on.html",
  "status": 200,
  "from": "sitemap-au (manual capture)"
 },
 {
  "url": "https://www.mallesons.com/au/en/insights/latest-thinking/rtcco-update-fair-work-ombudsman-clarifies-reasonable-steps-obligations-but-key-questions-remain-unanswered.html",
  "status": 200,
  "from": "sitemap-au (manual capture)"
 },
 {
  "url": "https://www.mallesons.com/au/en/insights/latest-thinking/rules-of-engagement-recent-reflections-on-pre-scheme-agreements-with-major-shareholders.html",
  "status": 200,
  "from": "sitemap-au (manual capture)"
 },
 {
  "url": "https://www.mallesons.com/au/en/insights/latest-thinking/safework-nsws-psychological-health-strategy-increased-workplace-checks-for-new-south-wales-businesses.html",
  "status": 200,
  "from": "sitemap-au (manual capture)"
 },
 {
  "url": "https://www.mallesons.com/au/en/insights/latest-thinking/same-game-new-rules-ato-finalises-software-royalty-ruling-with-pepsico-in-the-mix.html",
  "status": 200,
  "from": "sitemap-au (manual capture)"
 },
 {
  "url": "https://www.mallesons.com/au/en/insights/latest-thinking/same-same-but-different-accc-releases-merger-assessment-guidelines-for-public-consultation.html",
  "status": 200,
  "from": "sitemap-au (manual capture)"
 },
 {
  "url": "https://www.mallesons.com/au/en/insights/latest-thinking/schemes-just-got-easier---federal-court-changes-to-documentation.html",
  "status": 200,
  "from": "sitemap-au (manual capture)"
 },
 {
  "url": "https://www.mallesons.com/au/en/insights/latest-thinking/second-terms-a-charm-labors-ambitions-for-competition-and-consumer-law-reform.html",
  "status": 200,
  "from": "sitemap-au (manual capture)"
 },
 {
  "url": "https://www.mallesons.com/au/en/insights/latest-thinking/section-180-in-action-the-star-judgment-explained.html",
  "status": 200,
  "from": "sitemap-au (manual capture)"
 },
 {
  "url": "https://www.mallesons.com/au/en/insights/latest-thinking/securing-australias-digital-future-unpacking-the-2023-30-cyber-security-strategy.html",
  "status": 200,
  "from": "sitemap-au (manual capture)"
 },
 {
  "url": "https://www.mallesons.com/au/en/insights/latest-thinking/security-of-payment-wrap-up-across-australia.html",
  "status": 200,
  "from": "sitemap-au (manual capture)"
 },
 {
  "url": "https://www.mallesons.com/au/en/insights/latest-thinking/seeking-to-strike-the-right-balance-tranche-2-privacy-reforms-exposure-draft.html",
  "status": 200,
  "from": "sitemap-au (manual capture)"
 },
 {
  "url": "https://www.mallesons.com/au/en/insights/latest-thinking/senate-economics-committee-recommends-passage-of-thin-capitalisation-reforms-subject-to-amendments-by-treasury.html",
  "status": 200,
  "from": "sitemap-au (manual capture)"
 },
 {
  "url": "https://www.mallesons.com/au/en/insights/latest-thinking/senator-braggs-crypto-bill-rejected-by-senate-economics-legislation-committee.html",
  "status": 200,
  "from": "sitemap-au (manual capture)"
 },
 {
  "url": "https://www.mallesons.com/au/en/insights/latest-thinking/september-and-october-2024-security-of-payment-wrap-up-across-the-states.html",
  "status": 200,
  "from": "sitemap-au (manual capture)"
 },
 {
  "url": "https://www.mallesons.com/au/en/insights/latest-thinking/serious-corrupt-conduct-the-act-supreme-court-weighs-in.html",
  "status": 200,
  "from": "sitemap-au (manual capture)"
 },
 {
  "url": "https://www.mallesons.com/au/en/insights/latest-thinking/settlement-scrutiny.html",
  "status": 200,
  "from": "sitemap-au (manual capture)"
 },
 {
  "url": "https://www.mallesons.com/au/en/insights/latest-thinking/sfc-issues-further-guidance.html",
  "status": 200,
  "from": "sitemap-au (manual capture)"
 },
 {
  "url": "https://www.mallesons.com/au/en/insights/latest-thinking/sfc-publishes-fresh-guidance-for-virtual-asset-exchange-licensing.html",
  "status": 200,
  "from": "sitemap-au (manual capture)"
 },
 {
  "url": "https://www.mallesons.com/au/en/insights/latest-thinking/shades-of-green-medicinal-cannabis-use-no-longer-black-and-white-in-the-workplace.html",
  "status": 200,
  "from": "sitemap-au (manual capture)"
 },
 {
  "url": "https://www.mallesons.com/au/en/insights/latest-thinking/shake-up-to-queenslands-environmental-laws.html",
  "status": 200,
  "from": "sitemap-au (manual capture)"
 },
 {
  "url": "https://www.mallesons.com/au/en/insights/latest-thinking/shapingseq-2023-update-queenslands-vision-for-south-east-regions-growth-and-infrastructure-in-2023-and-beyond.html",
  "status": 200,
  "from": "sitemap-au (manual capture)"
 },
 {
  "url": "https://www.mallesons.com/au/en/insights/latest-thinking/shareholder-disputes-in-closely-held-companies-where-claims-fall-short-of-oppression.html",
  "status": 200,
  "from": "sitemap-au (manual capture)"
 },
 {
  "url": "https://www.mallesons.com/au/en/insights/latest-thinking/should-service-credits-be-the-sole-remedy-for-a-service-level-breach0.html",
  "status": 200,
  "from": "sitemap-au (manual capture)"
 },
 {
  "url": "https://www.mallesons.com/au/en/insights/latest-thinking/show-me-the-money-competing-considerations-when-seeking-security-for-costs.html",
  "status": 200,
  "from": "sitemap-au (manual capture)"
 },
 {
  "url": "https://www.mallesons.com/au/en/insights/latest-thinking/show-me-the-money-part-ii-federal-court-confirms-funders-who-play-an-active-role-in-litigation-are-exposed-to-a-direct-order-for-adverse-costs.html",
  "status": 200,
  "from": "sitemap-au (manual capture)"
 },
 {
  "url": "https://www.mallesons.com/au/en/insights/latest-thinking/show-me-the-money-remuneration-disclosure-under-cps-511.html",
  "status": 200,
  "from": "sitemap-au (manual capture)"
 },
 {
  "url": "https://www.mallesons.com/au/en/insights/latest-thinking/significant-new-powers-given-to-the-rba-and-treasurer-to-regulat.html",
  "status": 200,
  "from": "sitemap-au (manual capture)"
 },
 {
  "url": "https://www.mallesons.com/au/en/insights/latest-thinking/sleeping-carbon-giant-awakes-chinas-renewed-voluntary-carbon-market-is-here-what-you-need-to-know.html",
  "status": 200,
  "from": "sitemap-au (manual capture)"
 },
 {
  "url": "https://www.mallesons.com/au/en/insights/latest-thinking/soci-roadmap-where-are-we-at-now-and-whats-coming-up-next.html",
  "status": 200,
  "from": "sitemap-au (manual capture)"
 },
 {
  "url": "https://www.mallesons.com/au/en/insights/latest-thinking/soci-update-exposure-draft-enhancements-to-cirmp-rules-and-consultation-on-proposed-amendments-to-ministerial-directions-powers.html",
  "status": 200,
  "from": "sitemap-au (manual capture)"
 },
 {
  "url": "https://www.mallesons.com/au/en/insights/latest-thinking/soci-update-proposed-enhancements-to-cirmp-rules.html",
  "status": 200,
  "from": "sitemap-au (manual capture)"
 },
 {
  "url": "https://www.mallesons.com/au/en/insights/latest-thinking/social-impact-investing-the-best-things-in-life-are-free.html",
  "status": 200,
  "from": "sitemap-au (manual capture)"
 },
 {
  "url": "https://www.mallesons.com/au/en/insights/latest-thinking/social-media-minimum-age-bill-introduced.html",
  "status": 200,
  "from": "sitemap-au (manual capture)"
 },
 {
  "url": "https://www.mallesons.com/au/en/insights/latest-thinking/someone-wants-to-use-the-foi-act-to-access-my-business-documents-now-what.html",
  "status": 200,
  "from": "sitemap-au (manual capture)"
 },
 {
  "url": "https://www.mallesons.com/au/en/insights/latest-thinking/space-from-renewables-to-remote-access-how-the-final-frontier-is-solving-earths-problems.html",
  "status": 200,
  "from": "sitemap-au (manual capture)"
 },
 {
  "url": "https://www.mallesons.com/au/en/insights/latest-thinking/spacex-will-it-put-a-rocket-under-the-australian-ipo-market.html",
  "status": 200,
  "from": "sitemap-au (manual capture)"
 },
 {
  "url": "https://www.mallesons.com/au/en/insights/latest-thinking/spam-act-fine-for-social-media-links.html",
  "status": 200,
  "from": "sitemap-au (manual capture)"
 },
 {
  "url": "https://www.mallesons.com/au/en/insights/latest-thinking/splitting-hairs-and-staying-fair-managing-value-for-money-in-commonwealth-procurement.html",
  "status": 200,
  "from": "sitemap-au (manual capture)"
 },
 {
  "url": "https://www.mallesons.com/au/en/insights/latest-thinking/spotlight-on-crypto-tax-avoiders-consultation-paper-released-on-crypto-asset-reporting-framework.html",
  "status": 200,
  "from": "sitemap-au (manual capture)"
 },
 {
  "url": "https://www.mallesons.com/au/en/insights/latest-thinking/spotlight-on-regulatory-approvals-in-m-and-a.html",
  "status": 200,
  "from": "sitemap-au (manual capture)"
 },
 {
  "url": "https://www.mallesons.com/au/en/insights/latest-thinking/stake-building-the-new-exclusivity.html",
  "status": 200,
  "from": "sitemap-au (manual capture)"
 },
 {
  "url": "https://www.mallesons.com/au/en/insights/latest-thinking/state-budget-summary-stamp-duty-and-land-tax.html",
  "status": 200,
  "from": "sitemap-au (manual capture)"
 },
 {
  "url": "https://www.mallesons.com/au/en/insights/latest-thinking/statutory-review-of-australias-whistleblower-laws-the-case-for-balanced-reform.html",
  "status": 200,
  "from": "sitemap-au (manual capture)"
 },
 {
  "url": "https://www.mallesons.com/au/en/insights/latest-thinking/stop-right-there-australias-merger-regime-set-to-change.html",
  "status": 200,
  "from": "sitemap-au (manual capture)"
 },
 {
  "url": "https://www.mallesons.com/au/en/insights/latest-thinking/strengthening-acma-powers-high-penalties-and-a-new-csp-registration-scheme.html",
  "status": 200,
  "from": "sitemap-au (manual capture)"
 },
 {
  "url": "https://www.mallesons.com/au/en/insights/latest-thinking/strengthening-and-streamlining-australias-firb-muscle-making-foreign-investments-work-harder.html",
  "status": 200,
  "from": "sitemap-au (manual capture)"
 },
 {
  "url": "https://www.mallesons.com/au/en/insights/latest-thinking/strengthening-australias-critical-infrastructure-against-cyber-risks-consultation-on-legislative-reforms-close-1-march-2024.html",
  "status": 200,
  "from": "sitemap-au (manual capture)"
 },
 {
  "url": "https://www.mallesons.com/au/en/insights/latest-thinking/strengthening-the-aukus-partnership-what-are-your-obligations-under-new-export-controls.html",
  "status": 200,
  "from": "sitemap-au (manual capture)"
 },
 {
  "url": "https://www.mallesons.com/au/en/insights/latest-thinking/super-trustees-in-the-post-esg-world.html",
  "status": 200,
  "from": "sitemap-au (manual capture)"
 },
 {
  "url": "https://www.mallesons.com/au/en/insights/latest-thinking/superannuation-and-independent-contractors.html",
  "status": 200,
  "from": "sitemap-au (manual capture)"
 },
 {
  "url": "https://www.mallesons.com/au/en/insights/latest-thinking/superannuation-operational-risk-financial-resources-changes.html",
  "status": 200,
  "from": "sitemap-au (manual capture)"
 },
 {
  "url": "https://www.mallesons.com/au/en/insights/latest-thinking/superannuation-trustee-advice-fee-oversight-under-scrutiny.html",
  "status": 200,
  "from": "sitemap-au (manual capture)"
 },
 {
  "url": "https://www.mallesons.com/au/en/insights/latest-thinking/supply-chains-and-data-challenges-steal-the-show-at-impactx-agriculture-and-land-decarb-forum.html",
  "status": 200,
  "from": "sitemap-au (manual capture)"
 },
 {
  "url": "https://www.mallesons.com/au/en/insights/latest-thinking/surcharges-in-the-spotlight-rbas-regulatory-review.html",
  "status": 200,
  "from": "sitemap-au (manual capture)"
 },
 {
  "url": "https://www.mallesons.com/au/en/insights/latest-thinking/sustainability-linked-derivatives-identifying-the-opportunity-for-private-capital-investors.html",
  "status": 200,
  "from": "sitemap-au (manual capture)"
 },
 {
  "url": "https://www.mallesons.com/au/en/insights/latest-thinking/sustainability-reporting-update-asics-early-observations-reform-consultation-and-the-tisfd-draft-framework.html",
  "status": 200,
  "from": "sitemap-au (manual capture)"
 },
 {
  "url": "https://www.mallesons.com/au/en/insights/latest-thinking/sustainable-aviation-fuel-in-aussie-skies-government-nods-but-more-consultation-needed.html",
  "status": 200,
  "from": "sitemap-au (manual capture)"
 },
 {
  "url": "https://www.mallesons.com/au/en/insights/latest-thinking/take-2-austrac-commences-further-consultation-on-draft-aml-ctf-rules.html",
  "status": 200,
  "from": "sitemap-au (manual capture)"
 },
 {
  "url": "https://www.mallesons.com/au/en/insights/latest-thinking/take-two-australia-renews-and-fast-tracks-environmental-reform-agenda-to-accelerate-energy-transition-and-boost-productivity.html",
  "status": 200,
  "from": "sitemap-au (manual capture)"
 },
 {
  "url": "https://www.mallesons.com/au/en/insights/latest-thinking/takeaways-from-the-deal-talk-podcast.html",
  "status": 200,
  "from": "sitemap-au (manual capture)"
 },
 {
  "url": "https://www.mallesons.com/au/en/insights/latest-thinking/takeaways-from-the-tgas-annual-advertising-compliance-report.html",
  "status": 200,
  "from": "sitemap-au (manual capture)"
 },
 {
  "url": "https://www.mallesons.com/au/en/insights/latest-thinking/takeovers-are-back-lessons-learned-from-recent-panel-litigation.html",
  "status": 200,
  "from": "sitemap-au (manual capture)"
 },
 {
  "url": "https://www.mallesons.com/au/en/insights/latest-thinking/takeovers-panel-lays-down-the-law-again-on-pre-deal-exclusivity.html",
  "status": 200,
  "from": "sitemap-au (manual capture)"
 },
 {
  "url": "https://www.mallesons.com/au/en/insights/latest-thinking/taking-stock-of-the-soci-act-fireside-chat-with-the-cisc.html",
  "status": 200,
  "from": "sitemap-au (manual capture)"
 },
 {
  "url": "https://www.mallesons.com/au/en/insights/latest-thinking/talk-is-cheap-rural-coverage-not-so.html",
  "status": 200,
  "from": "sitemap-au (manual capture)"
 },
 {
  "url": "https://www.mallesons.com/au/en/insights/latest-thinking/targeted-productivity-gains-governments-new-omnibus-bill.html",
  "status": 200,
  "from": "sitemap-au (manual capture)"
 },
 {
  "url": "https://www.mallesons.com/au/en/insights/latest-thinking/targeted-productivity-gains-part-ii-omnibus-bill-impact-on-the-healthcare-system.html",
  "status": 200,
  "from": "sitemap-au (manual capture)"
 },
 {
  "url": "https://www.mallesons.com/au/en/insights/latest-thinking/tax-in-the-age-of-esg-the-importance-of-effective-tax-governance.html",
  "status": 200,
  "from": "sitemap-au (manual capture)"
 },
 {
  "url": "https://www.mallesons.com/au/en/insights/latest-thinking/tax-net-and-compliance-obligations-expanded-for-foreign-investors-government-unveils-cgt-changes.html",
  "status": 200,
  "from": "sitemap-au (manual capture)"
 },
 {
  "url": "https://www.mallesons.com/au/en/insights/latest-thinking/tax-reforms-affecting-australian-infrastructure-investment.html",
  "status": 200,
  "from": "sitemap-au (manual capture)"
 },
 {
  "url": "https://www.mallesons.com/au/en/insights/latest-thinking/taxpayers-high-court-appeal-dismissed-in-godolphin-australia-pty-ltd-v-chief-commissioner-of-state-revenue.html",
  "status": 200,
  "from": "sitemap-au (manual capture)"
 },
 {
  "url": "https://www.mallesons.com/au/en/insights/latest-thinking/tech-reg-revolution-transforming-tomorrows-economy.html",
  "status": 200,
  "from": "sitemap-au (manual capture)"
 },
 {
  "url": "https://www.mallesons.com/au/en/insights/latest-thinking/tech-regulation-tracker.html",
  "status": 200,
  "from": "sitemap-au (manual capture)"
 },
 {
  "url": "https://www.mallesons.com/au/en/insights/latest-thinking/technology-is-shaping-productivity--lessons-from-the-2025-kwm-di.html",
  "status": 200,
  "from": "sitemap-au (manual capture)"
 },
 {
  "url": "https://www.mallesons.com/au/en/insights/latest-thinking/telehealth-check-up-updated-guidelines-for-medical-practitioners-from-1-september-2023.html",
  "status": 200,
  "from": "sitemap-au (manual capture)"
 },
 {
  "url": "https://www.mallesons.com/au/en/insights/latest-thinking/tenancy-covid-relief-declaration-the-act-2021-covid-rent-relief-regime.html",
  "status": 200,
  "from": "sitemap-au (manual capture)"
 },
 {
  "url": "https://www.mallesons.com/au/en/insights/latest-thinking/territory-plan-2023.html",
  "status": 200,
  "from": "sitemap-au (manual capture)"
 },
 {
  "url": "https://www.mallesons.com/au/en/insights/latest-thinking/tga-cracks-down-on-advertising-health-services-involving-therapeutic-goods.html",
  "status": 200,
  "from": "sitemap-au (manual capture)"
 },
 {
  "url": "https://www.mallesons.com/au/en/insights/latest-thinking/tga-enforcement-for-2026-and-2027-new-principles-new-priorities.html",
  "status": 200,
  "from": "sitemap-au (manual capture)"
 },
 {
  "url": "https://www.mallesons.com/au/en/insights/latest-thinking/the-act-property-developers-bill-2023-and-its-potential-national-implications.html",
  "status": 200,
  "from": "sitemap-au (manual capture)"
 },
 {
  "url": "https://www.mallesons.com/au/en/insights/latest-thinking/the-altium-deal-podcast.html",
  "status": 200,
  "from": "sitemap-au (manual capture)"
 },
 {
  "url": "https://www.mallesons.com/au/en/insights/latest-thinking/the-business-judgment-rule-gets-another-run-pacific-current-group-ltd-v-fitzpatrick.html",
  "status": 200,
  "from": "sitemap-au (manual capture)"
 },
 {
  "url": "https://www.mallesons.com/au/en/insights/latest-thinking/the-carbon-market-trends-moving-china-to-a-sustainable-future.html",
  "status": 200,
  "from": "sitemap-au (manual capture)"
 },
 {
  "url": "https://www.mallesons.com/au/en/insights/latest-thinking/the-changing-face-of-data-centre-procurement.html",
  "status": 200,
  "from": "sitemap-au (manual capture)"
 },
 {
  "url": "https://www.mallesons.com/au/en/insights/latest-thinking/the-closing-loopholes-bill-a-potential-patchwork-quilt.html",
  "status": 200,
  "from": "sitemap-au (manual capture)"
 },
 {
  "url": "https://www.mallesons.com/au/en/insights/latest-thinking/the-compliance-checklist-10-key-regulatory-issues-you-cant-miss-in-2025.html",
  "status": 200,
  "from": "sitemap-au (manual capture)"
 },
 {
  "url": "https://www.mallesons.com/au/en/insights/latest-thinking/the-critical-minerals-production-tax-incentive-draft-guidance-on-the-proposed-application-of-the-community-benefit-principles.html",
  "status": 200,
  "from": "sitemap-au (manual capture)"
 },
 {
  "url": "https://www.mallesons.com/au/en/insights/latest-thinking/the-critical-minerals-production-tax-incentive-expanded-eligibility-for-particular-processing-activities.html",
  "status": 200,
  "from": "sitemap-au (manual capture)"
 },
 {
  "url": "https://www.mallesons.com/au/en/insights/latest-thinking/the-critical-minerals-production-tax-incentive.html",
  "status": 200,
  "from": "sitemap-au (manual capture)"
 },
 {
  "url": "https://www.mallesons.com/au/en/insights/latest-thinking/the-critical-minerals-production-tax-incentive0.html",
  "status": 200,
  "from": "sitemap-au (manual capture)"
 },
 {
  "url": "https://www.mallesons.com/au/en/insights/latest-thinking/the-cyber-security-and-critical-infrastructure-rules-have-now-been-registered.html",
  "status": 200,
  "from": "sitemap-au (manual capture)"
 },
 {
  "url": "https://www.mallesons.com/au/en/insights/latest-thinking/the-dispatch-april-2024.html",
  "status": 200,
  "from": "sitemap-au (manual capture)"
 },
 {
  "url": "https://www.mallesons.com/au/en/insights/latest-thinking/the-dispatch-april-2025.html",
  "status": 200,
  "from": "sitemap-au (manual capture)"
 },
 {
  "url": "https://www.mallesons.com/au/en/insights/latest-thinking/the-dispatch-august-2023.html",
  "status": 200,
  "from": "sitemap-au (manual capture)"
 },
 {
  "url": "https://www.mallesons.com/au/en/insights/latest-thinking/the-dispatch-january-2025.html",
  "status": 200,
  "from": "sitemap-au (manual capture)"
 },
 {
  "url": "https://www.mallesons.com/au/en/insights/latest-thinking/the-dispatch-july-2023.html",
  "status": 200,
  "from": "sitemap-au (manual capture)"
 },
 {
  "url": "https://www.mallesons.com/au/en/insights/latest-thinking/the-dispatch-july-2024.html",
  "status": 200,
  "from": "sitemap-au (manual capture)"
 },
 {
  "url": "https://www.mallesons.com/au/en/insights/latest-thinking/the-dispatch-june-2024.html",
  "status": 200,
  "from": "sitemap-au (manual capture)"
 },
 {
  "url": "https://www.mallesons.com/au/en/insights/latest-thinking/the-dispatch-march-2023.html",
  "status": 200,
  "from": "sitemap-au (manual capture)"
 },
 {
  "url": "https://www.mallesons.com/au/en/insights/latest-thinking/the-dispatch-march-2024.html",
  "status": 200,
  "from": "sitemap-au (manual capture)"
 },
 {
  "url": "https://www.mallesons.com/au/en/insights/latest-thinking/the-dispatch-november-2023.html",
  "status": 200,
  "from": "sitemap-au (manual capture)"
 },
 {
  "url": "https://www.mallesons.com/au/en/insights/latest-thinking/the-dispatch-october-2023.html",
  "status": 200,
  "from": "sitemap-au (manual capture)"
 },
 {
  "url": "https://www.mallesons.com/au/en/insights/latest-thinking/the-dispatch-october-2024.html",
  "status": 200,
  "from": "sitemap-au (manual capture)"
 },
 {
  "url": "https://www.mallesons.com/au/en/insights/latest-thinking/the-dtas-model-ai-clauses-suppliers-using-ai-in-service-delivery-to-government.html",
  "status": 200,
  "from": "sitemap-au (manual capture)"
 },
 {
  "url": "https://www.mallesons.com/au/en/insights/latest-thinking/the-duty-of-care-and-diligence-revisited-recent-leading-opinion-and-guidance-by-the-aicd-and-the-courts.html",
  "status": 200,
  "from": "sitemap-au (manual capture)"
 },
 {
  "url": "https://www.mallesons.com/au/en/insights/latest-thinking/the-eagle-has-landed-new-merger-reform-bill-introduced-into-parliament-today.html",
  "status": 200,
  "from": "sitemap-au (manual capture)"
 },
 {
  "url": "https://www.mallesons.com/au/en/insights/latest-thinking/the-european-deforestation-regulation-set-to-impact-Australian-exports-now-expected-to-be-deferred.html",
  "status": 301,
  "finalUrl": "https://www.mallesons.com/au/en/insights/latest-thinking.html",
  "from": "sample"
 },
 {
  "url": "https://www.mallesons.com/au/en/insights/latest-thinking/the-fair-work-commissions-extraordinary-fuel-cost-recovery-order-implications-for-business.html",
  "status": 200,
  "from": "sitemap-au (manual capture)"
 },
 {
  "url": "https://www.mallesons.com/au/en/insights/latest-thinking/the-federal-court-confirms-the-limits-of-governments-use-of-copyright.html",
  "status": 200,
  "from": "sitemap-au (manual capture)"
 },
 {
  "url": "https://www.mallesons.com/au/en/insights/latest-thinking/the-final-aml-ctf-rules-have-landed-our-key-takeaways.html",
  "status": 200,
  "from": "sitemap-au (manual capture)"
 },
 {
  "url": "https://www.mallesons.com/au/en/insights/latest-thinking/the-first-steps-to-an-economy-wide-digital-identity.html",
  "status": 200,
  "from": "sitemap-au (manual capture)"
 },
 {
  "url": "https://www.mallesons.com/au/en/insights/latest-thinking/the-forfeiture-rule-and-superannuation-death-benefits-emerging-issues-for-trustees.html",
  "status": 200,
  "from": "sitemap-au (manual capture)"
 },
 {
  "url": "https://www.mallesons.com/au/en/insights/latest-thinking/the-future-of-digital-money-is-coming.html",
  "status": 200,
  "from": "sitemap-au (manual capture)"
 },
 {
  "url": "https://www.mallesons.com/au/en/insights/latest-thinking/the-future-of-money-around-the-world-in-central-bank-digital-currencies.html",
  "status": 200,
  "from": "sitemap-au (manual capture)"
 },
 {
  "url": "https://www.mallesons.com/au/en/insights/latest-thinking/the-future-of-money-will-central-bank-digital-currencies-reshape-the-payments-industry.html",
  "status": 200,
  "from": "sitemap-au (manual capture)"
 },
 {
  "url": "https://www.mallesons.com/au/en/insights/latest-thinking/the-fwcs-fuel-cost-recovery-order-does-it-still-apply.html",
  "status": 200,
  "from": "sitemap-au (manual capture)"
 },
 {
  "url": "https://www.mallesons.com/au/en/insights/latest-thinking/the-fwcs-fuel-cost-recovery-order-is-almost-dead.html",
  "status": 200,
  "from": "sitemap-au (manual capture)"
 },
 {
  "url": "https://www.mallesons.com/au/en/insights/latest-thinking/the-global-deal-stage-glencore-rio-and-warner-bros-paramount.html",
  "status": 200,
  "from": "sitemap-au (manual capture)"
 },
 {
  "url": "https://www.mallesons.com/au/en/insights/latest-thinking/the-global-m-and-a-mood.html",
  "status": 200,
  "from": "sitemap-au (manual capture)"
 },
 {
  "url": "https://www.mallesons.com/au/en/insights/latest-thinking/the-global-nuclear-renaissance-setting-the-sage-for-asia.html",
  "status": 200,
  "from": "sitemap-au (manual capture)"
 },
 {
  "url": "https://www.mallesons.com/au/en/insights/latest-thinking/the-government-announces-its-plans-for-the-cdr.html",
  "status": 200,
  "from": "sitemap-au (manual capture)"
 },
 {
  "url": "https://www.mallesons.com/au/en/insights/latest-thinking/the-governments-initial-response-to-the-quality-of-advice-review.html",
  "status": 200,
  "from": "sitemap-au (manual capture)"
 },
 {
  "url": "https://www.mallesons.com/au/en/insights/latest-thinking/the-governments-proposed-superannuation-consumer-protection-and-mis-reforms.html",
  "status": 200,
  "from": "sitemap-au (manual capture)"
 },
 {
  "url": "https://www.mallesons.com/au/en/insights/latest-thinking/the-great-australian-banking-shake-up.html",
  "status": 200,
  "from": "sitemap-au (manual capture)"
 },
 {
  "url": "https://www.mallesons.com/au/en/insights/latest-thinking/the-great-election-wash-up-and-what-we-re-watching-next.html",
  "status": 200,
  "from": "sitemap-au (manual capture)"
 },
 {
  "url": "https://www.mallesons.com/au/en/insights/latest-thinking/the-great-wait-how-will-the-upcoming-federal-election-impact-your-firb-application.html",
  "status": 200,
  "from": "sitemap-au (manual capture)"
 },
 {
  "url": "https://www.mallesons.com/au/en/insights/latest-thinking/the-gripe-of-giving-gifts-political-donations.html",
  "status": 200,
  "from": "sitemap-au (manual capture)"
 },
 {
  "url": "https://www.mallesons.com/au/en/insights/latest-thinking/the-hard-case-of-james-hardie-and-whats-next-for-asx.html",
  "status": 200,
  "from": "sitemap-au (manual capture)"
 },
 {
  "url": "https://www.mallesons.com/au/en/insights/latest-thinking/the-heightened-focus-on-accountability-and-consequence-management-navigating-the-challenge-for-boards.html",
  "status": 200,
  "from": "sitemap-au (manual capture)"
 },
 {
  "url": "https://www.mallesons.com/au/en/insights/latest-thinking/the-hydrogen-production-tax-incentive-a-tight-deadline-for-green-hydrogen-ambitions.html",
  "status": 200,
  "from": "sitemap-au (manual capture)"
 },
 {
  "url": "https://www.mallesons.com/au/en/insights/latest-thinking/the-international-bid-for-legal-certainty-on-carbon-credits-taking-chinas-example-to-the-un.html",
  "status": 200,
  "from": "sitemap-au (manual capture)"
 },
 {
  "url": "https://www.mallesons.com/au/en/insights/latest-thinking/the-jerk-store-called-from-workplace-rudeness-to-bullying-and-serious-misconduct.html",
  "status": 200,
  "from": "sitemap-au (manual capture)"
 },
 {
  "url": "https://www.mallesons.com/au/en/insights/latest-thinking/the-kwm-map-of-ai-regulation-in-australia.html",
  "status": 200,
  "from": "sitemap-au (manual capture)"
 },
 {
  "url": "https://www.mallesons.com/au/en/insights/latest-thinking/the-kwm-take-on-cop28.html",
  "status": 200,
  "from": "sitemap-au (manual capture)"
 },
 {
  "url": "https://www.mallesons.com/au/en/insights/latest-thinking/the-limits-of-equitable-subrogation-confirmation-that-a-third-party-payer-cannot-force-its-way-into-a-multi-party-security-trust-deed.html",
  "status": 200,
  "from": "sitemap-au (manual capture)"
 },
 {
  "url": "https://www.mallesons.com/au/en/insights/latest-thinking/the-lived-experience-of-whistleblower-programs-implications-for-directors.html",
  "status": 200,
  "from": "sitemap-au (manual capture)"
 },
 {
  "url": "https://www.mallesons.com/au/en/insights/latest-thinking/the-mayne-point-is-you-cant-walk-away-that-easily.html",
  "status": 200,
  "from": "sitemap-au (manual capture)"
 },
 {
  "url": "https://www.mallesons.com/au/en/insights/latest-thinking/the-nelson-review-in-action-esem-draft-legislation-released.html",
  "status": 200,
  "from": "sitemap-au (manual capture)"
 },
 {
  "url": "https://www.mallesons.com/au/en/insights/latest-thinking/the-new-legal-services-directions-commence-2-march-2026.html",
  "status": 200,
  "from": "sitemap-au (manual capture)"
 },
 {
  "url": "https://www.mallesons.com/au/en/insights/latest-thinking/the-new-order-begins-merger-clearance-reform-passes-parliament.html",
  "status": 200,
  "from": "sitemap-au (manual capture)"
 },
 {
  "url": "https://www.mallesons.com/au/en/insights/latest-thinking/the-next-frontier-new-and-novel-claims-on-the-horizon.html",
  "status": 200,
  "from": "sitemap-au (manual capture)"
 },
 {
  "url": "https://www.mallesons.com/au/en/insights/latest-thinking/the-nominee-director-a-stake-builders-secret-source-or-bound-to-the-board-they-serve.html",
  "status": 200,
  "from": "sitemap-au (manual capture)"
 },
 {
  "url": "https://www.mallesons.com/au/en/insights/latest-thinking/the-numbers-behind-the-narrative-on-private-markets-rise.html",
  "status": 200,
  "from": "sitemap-au (manual capture)"
 },
 {
  "url": "https://www.mallesons.com/au/en/insights/latest-thinking/the-power-of-pro-bono-evolving-purpose-expanding-impact.html",
  "status": 200,
  "from": "sitemap-au (manual capture)"
 },
 {
  "url": "https://www.mallesons.com/au/en/insights/latest-thinking/the-price-isnt-right-rethinking-risk-in-construction-pricing.html",
  "status": 200,
  "from": "sitemap-au (manual capture)"
 },
 {
  "url": "https://www.mallesons.com/au/en/insights/latest-thinking/the-proposed-ban-on-non-competes-time-to-have-your-say.html",
  "status": 200,
  "from": "sitemap-au (manual capture)"
 },
 {
  "url": "https://www.mallesons.com/au/en/insights/latest-thinking/the-protective-security-policy-framework-has-been-updated-whats-new.html",
  "status": 200,
  "from": "sitemap-au (manual capture)"
 },
 {
  "url": "https://www.mallesons.com/au/en/insights/latest-thinking/the-pub-test-and-greenwashing-one-and-the-same.html",
  "status": 200,
  "from": "sitemap-au (manual capture)"
 },
 {
  "url": "https://www.mallesons.com/au/en/insights/latest-thinking/the-public-m-and-a-rollercoaster-rips-into-2026.html",
  "status": 200,
  "from": "sitemap-au (manual capture)"
 },
 {
  "url": "https://www.mallesons.com/au/en/insights/latest-thinking/the-quality-of-advice-review-final-report.html",
  "status": 200,
  "from": "sitemap-au (manual capture)"
 },
 {
  "url": "https://www.mallesons.com/au/en/insights/latest-thinking/the-review-of-the-fwc-s-fuel-cost-recovery-order-confusion-remains-and-an-opportunity-lost.html",
  "status": 200,
  "from": "sitemap-au (manual capture)"
 },
 {
  "url": "https://www.mallesons.com/au/en/insights/latest-thinking/the-rise-of-carbon-trading-between-governments-can-businesses-benefit-from-intergovernmental-carbon-credits-under-article-6-2.html",
  "status": 200,
  "from": "sitemap-au (manual capture)"
 },
 {
  "url": "https://www.mallesons.com/au/en/insights/latest-thinking/the-rise-of-green-and-social-capital-esg-related-trends-for-australian-private-funds.html",
  "status": 200,
  "from": "sitemap-au (manual capture)"
 },
 {
  "url": "https://www.mallesons.com/au/en/insights/latest-thinking/the-rise-of-the-court-appointed-contradictor.html",
  "status": 200,
  "from": "sitemap-au (manual capture)"
 },
 {
  "url": "https://www.mallesons.com/au/en/insights/latest-thinking/the-risk-management-program-rules-under-the-soci-act-have-now-co.html",
  "status": 200,
  "from": "sitemap-au (manual capture)"
 },
 {
  "url": "https://www.mallesons.com/au/en/insights/latest-thinking/the-role-of-patents-in-protecting-investment-in-mrna-technology.html",
  "status": 200,
  "from": "sitemap-au (manual capture)"
 },
 {
  "url": "https://www.mallesons.com/au/en/insights/latest-thinking/the-safeguard-mechanism-is-now-law-heres-your-to-do-list-for-australias-new-carbon-rules.html",
  "status": 200,
  "from": "sitemap-au (manual capture)"
 },
 {
  "url": "https://www.mallesons.com/au/en/insights/latest-thinking/the-security-services-of-spinning-machines-a-primer-on-essential-system-services.html",
  "status": 200,
  "from": "sitemap-au (manual capture)"
 },
 {
  "url": "https://www.mallesons.com/au/en/insights/latest-thinking/the-significance-of-earlier-misrepresentations-for-incoming-group-life-insurers.html",
  "status": 200,
  "from": "sitemap-au (manual capture)"
 },
 {
  "url": "https://www.mallesons.com/au/en/insights/latest-thinking/the-star-asics-proceedings-against-11-directors-and-officers.html",
  "status": 200,
  "from": "sitemap-au (manual capture)"
 },
 {
  "url": "https://www.mallesons.com/au/en/insights/latest-thinking/the-therapeutic-goods-administrations-new-compliance-and-enforcement-priorities.html",
  "status": 200,
  "from": "sitemap-au (manual capture)"
 },
 {
  "url": "https://www.mallesons.com/au/en/insights/latest-thinking/the-third-wave-of-sustainability-disclosures-a-look-at-the-task-force-on-inequality-related-financial-disclosures-tifd.html",
  "status": 200,
  "from": "sitemap-au (manual capture)"
 },
 {
  "url": "https://www.mallesons.com/au/en/insights/latest-thinking/the-threads-of-ldc-s-success-in-the-battle-for-namoi-cotton.html",
  "status": 200,
  "from": "sitemap-au (manual capture)"
 },
 {
  "url": "https://www.mallesons.com/au/en/insights/latest-thinking/the-time-has-come-high-court-of-australia-finds-in-favour-of-compensation-in-the-commonwealth-v-yunupingu.html",
  "status": 200,
  "from": "sitemap-au (manual capture)"
 },
 {
  "url": "https://www.mallesons.com/au/en/insights/latest-thinking/the-uk-wants-to-scrap-the-reporting-red-tape-australia-should-take-note.html",
  "status": 200,
  "from": "sitemap-au (manual capture)"
 },
 {
  "url": "https://www.mallesons.com/au/en/insights/latest-thinking/the-unitary-patent-and-the-unified-patent-court.html",
  "status": 200,
  "from": "sitemap-au (manual capture)"
 },
 {
  "url": "https://www.mallesons.com/au/en/insights/latest-thinking/the-upcoming-ban-on-non-compete-and-non-poaching-restrictions-and-restrictions-on-no-poach-and-wage-fixing-arrangements.html",
  "status": 200,
  "from": "sitemap-au (manual capture)"
 },
 {
  "url": "https://www.mallesons.com/au/en/insights/latest-thinking/the-view-from-new-york.html",
  "status": 200,
  "from": "sitemap-au (manual capture)"
 },
 {
  "url": "https://www.mallesons.com/au/en/insights/latest-thinking/the-view-from-nyc.html",
  "status": 200,
  "from": "sitemap-au (manual capture)"
 },
 {
  "url": "https://www.mallesons.com/au/en/insights/latest-thinking/the-wash-up-from-consultation-on-the-proposed-5th-edition-of-the-asx-corporate-governance-councils-corporate-governance-principles-and-recommendations.html",
  "status": 200,
  "from": "sitemap-au (manual capture)"
 },
 {
  "url": "https://www.mallesons.com/au/en/insights/latest-thinking/the-widening-tax-net-foreign-resident-cgt-reform-and-australian-public-m-and-a.html",
  "status": 200,
  "from": "sitemap-au (manual capture)"
 },
 {
  "url": "https://www.mallesons.com/au/en/insights/latest-thinking/the-worlds-first-global-nature-positive-summit-reflections-takeaways-and-updates-on-australias-nature-positive-reforms.html",
  "status": 200,
  "from": "sitemap-au (manual capture)"
 },
 {
  "url": "https://www.mallesons.com/au/en/insights/latest-thinking/thin-capitalisation-amendment-bill-now-released.html",
  "status": 200,
  "from": "sitemap-au (manual capture)"
 },
 {
  "url": "https://www.mallesons.com/au/en/insights/latest-thinking/three-cheers-for-asic-and-its-sensible-no-action-position-on-a-deed-of-cross-guarantee-issue-you-may-not-have-known-existed.html",
  "status": 200,
  "from": "sitemap-au (manual capture)"
 },
 {
  "url": "https://www.mallesons.com/au/en/insights/latest-thinking/three-proposed-reforms-to-nsw-environment-laws.html",
  "status": 200,
  "from": "sitemap-au (manual capture)"
 },
 {
  "url": "https://www.mallesons.com/au/en/insights/latest-thinking/threes-a-crowd-but-does-it-really-hurt-to-have-an-interloper-around-five-ways-to-make-competitive-tension-work-for-a-deal.html",
  "status": 200,
  "from": "sitemap-au (manual capture)"
 },
 {
  "url": "https://www.mallesons.com/au/en/insights/latest-thinking/ticked-off-about-supersized-reverse-break-fees.html",
  "status": 200,
  "from": "sitemap-au (manual capture)"
 },
 {
  "url": "https://www.mallesons.com/au/en/insights/latest-thinking/tis-the-season-for-guidance-from-the-ato-draft-guidelines-released-regarding-capital-raised-for-the-purposes-of-funding-franked-distributions.html",
  "status": 200,
  "from": "sitemap-au (manual capture)"
 },
 {
  "url": "https://www.mallesons.com/au/en/insights/latest-thinking/tnfd-publishes-final-framework-as-tcfd-disbands.html",
  "status": 200,
  "from": "sitemap-au (manual capture)"
 },
 {
  "url": "https://www.mallesons.com/au/en/insights/latest-thinking/token-a-closer-look-at-the-impact-of-digital-asset-cases-on-token-a-closer-look-at-the-impact-of-digital-asset-cases-on-financial-markets.html",
  "status": 200,
  "from": "sitemap-au (manual capture)"
 },
 {
  "url": "https://www.mallesons.com/au/en/insights/latest-thinking/tokenisation-of-securities-and-other-investment-products.html",
  "status": 200,
  "from": "sitemap-au (manual capture)"
 },
 {
  "url": "https://www.mallesons.com/au/en/insights/latest-thinking/tokenised-securities-hk-sfc-issues-important-guidance-for-intermediaries.html",
  "status": 200,
  "from": "sitemap-au (manual capture)"
 },
 {
  "url": "https://www.mallesons.com/au/en/insights/latest-thinking/top-10-trends-for-private-capital-in-an-uncertain-world.html",
  "status": 200,
  "from": "sitemap-au (manual capture)"
 },
 {
  "url": "https://www.mallesons.com/au/en/insights/latest-thinking/transforming-energy-landscapes-corporate-ppas-in-apac.html",
  "status": 200,
  "from": "sitemap-au (manual capture)"
 },
 {
  "url": "https://www.mallesons.com/au/en/insights/latest-thinking/transport-administration-amendment-act-2024-transforming-the-transport-asset-holding-entity.html",
  "status": 200,
  "from": "sitemap-au (manual capture)"
 },
 {
  "url": "https://www.mallesons.com/au/en/insights/latest-thinking/treasury-consultation-is-underway---five-fold-increase-in-base-p.html",
  "status": 200,
  "from": "sitemap-au (manual capture)"
 },
 {
  "url": "https://www.mallesons.com/au/en/insights/latest-thinking/treasury-consultation-paper-legislating-the-objective-of-superannuation.html",
  "status": 200,
  "from": "sitemap-au (manual capture)"
 },
 {
  "url": "https://www.mallesons.com/au/en/insights/latest-thinking/treasurys-post-shield-and-first-guardian-reforms-key-implications-for-superannuation-trustees.html",
  "status": 200,
  "from": "sitemap-au (manual capture)"
 },
 {
  "url": "https://www.mallesons.com/au/en/insights/latest-thinking/treasurys-proposed-amendments-to-thin-capitalisation-rules-released-for-consultation.html",
  "status": 200,
  "from": "sitemap-au (manual capture)"
 },
 {
  "url": "https://www.mallesons.com/au/en/insights/latest-thinking/twu-v-qantas-unions-as-private-regulators-and-the-increasing-financial-risk-associated-with-employment-laws.html",
  "status": 200,
  "from": "sitemap-au (manual capture)"
 },
 {
  "url": "https://www.mallesons.com/au/en/insights/latest-thinking/uber-appeal-taxpayer-alert.html",
  "status": 200,
  "from": "sitemap-au (manual capture)"
 },
 {
  "url": "https://www.mallesons.com/au/en/insights/latest-thinking/ubers-victory-in-court-puts-brakes-on-payroll-tax-assessments.html",
  "status": 200,
  "from": "sitemap-au (manual capture)"
 },
 {
  "url": "https://www.mallesons.com/au/en/insights/latest-thinking/uk-supreme-court-weighs-in-on-app-scams.html",
  "status": 200,
  "from": "sitemap-au (manual capture)"
 },
 {
  "url": "https://www.mallesons.com/au/en/insights/latest-thinking/under-parallel-pressure-class-actions-and-regulatory-proceedings.html",
  "status": 200,
  "from": "sitemap-au (manual capture)"
 },
 {
  "url": "https://www.mallesons.com/au/en/insights/latest-thinking/under-the-hood-connected-vehicles-and-australias-privacy-commissioner.html",
  "status": 200,
  "from": "sitemap-au (manual capture)"
 },
 {
  "url": "https://www.mallesons.com/au/en/insights/latest-thinking/underneath-loneliness-at-work-and-in-our-communities.html",
  "status": 200,
  "from": "sitemap-au (manual capture)"
 },
 {
  "url": "https://www.mallesons.com/au/en/insights/latest-thinking/underwrite-at-first-sight-not-quite.html",
  "status": 200,
  "from": "sitemap-au (manual capture)"
 },
 {
  "url": "https://www.mallesons.com/au/en/insights/latest-thinking/unfair-trading-practices-arriving-mid-2027-but-utp-style-enforcement-has-already-landed.html",
  "status": 200,
  "from": "sitemap-au (manual capture)"
 },
 {
  "url": "https://www.mallesons.com/au/en/insights/latest-thinking/unlocking-the-silent-t-in-esg-what-this-means-from-a-tax-governance-and-risk-management-perspective.html",
  "status": 200,
  "from": "sitemap-au (manual capture)"
 },
 {
  "url": "https://www.mallesons.com/au/en/insights/latest-thinking/unpacking-the-scams-prevention-framework.html",
  "status": 200,
  "from": "sitemap-au (manual capture)"
 },
 {
  "url": "https://www.mallesons.com/au/en/insights/latest-thinking/update-on-embodied-carbon-emissions-in-the-construction-and-real-estate-sectors.html",
  "status": 200,
  "from": "sitemap-au (manual capture)"
 },
 {
  "url": "https://www.mallesons.com/au/en/insights/latest-thinking/update-on-mandatory-sustainability-reporting-in-australia.html",
  "status": 200,
  "from": "sitemap-au (manual capture)"
 },
 {
  "url": "https://www.mallesons.com/au/en/insights/latest-thinking/update-on-the-acccs-proposals-for-merger-law-reform.html",
  "status": 200,
  "from": "sitemap-au (manual capture)"
 },
 {
  "url": "https://www.mallesons.com/au/en/insights/latest-thinking/update-to-the-national-statement-on-ethical-conduct-in-human-research.html",
  "status": 200,
  "from": "sitemap-au (manual capture)"
 },
 {
  "url": "https://www.mallesons.com/au/en/insights/latest-thinking/updates-to-the-annual-cirmp-report-webform.html",
  "status": 200,
  "from": "sitemap-au (manual capture)"
 },
 {
  "url": "https://www.mallesons.com/au/en/insights/latest-thinking/upstream-change-of-control-of-australian-banks-insurers-and-superannuation-trustees.html",
  "status": 200,
  "from": "sitemap-au (manual capture)"
 },
 {
  "url": "https://www.mallesons.com/au/en/insights/latest-thinking/uranium-the-energy-transition-and-the-nuclear-fuel-global-supply-chain.html",
  "status": 200,
  "from": "sitemap-au (manual capture)"
 },
 {
  "url": "https://www.mallesons.com/au/en/insights/latest-thinking/us-district-court-knocks-back-new-bid-for-ai-copyright-authorship.html",
  "status": 200,
  "from": "sitemap-au (manual capture)"
 },
 {
  "url": "https://www.mallesons.com/au/en/insights/latest-thinking/valuing-nature-recognising-the-risks-and-reaping-the-rewards.html",
  "status": 200,
  "from": "sitemap-au (manual capture)"
 },
 {
  "url": "https://www.mallesons.com/au/en/insights/latest-thinking/vaping-reforms-in-australia.html",
  "status": 200,
  "from": "sitemap-au (manual capture)"
 },
 {
  "url": "https://www.mallesons.com/au/en/insights/latest-thinking/vcat-clarifies-the-scope-of-epa-victorias-powers-and-functions-under-the-environment-protection-act-2017.html",
  "status": 200,
  "from": "sitemap-au (manual capture)"
 },
 {
  "url": "https://www.mallesons.com/au/en/insights/latest-thinking/venturing-into-space-ip-insurance-and-other-legal-issues-to-have-on-your-radar.html",
  "status": 200,
  "from": "sitemap-au (manual capture)"
 },
 {
  "url": "https://www.mallesons.com/au/en/insights/latest-thinking/victoria-introduces-stamp-duty-and-land-tax-rules-for-ccivs.html",
  "status": 200,
  "from": "sitemap-au (manual capture)"
 },
 {
  "url": "https://www.mallesons.com/au/en/insights/latest-thinking/victoria-takes-steps-towards-restricting-non-disclosure-agreements-in-workplace-sexual-harassment-cases.html",
  "status": 200,
  "from": "sitemap-au (manual capture)"
 },
 {
  "url": "https://www.mallesons.com/au/en/insights/latest-thinking/victorian-budget-2023-2024-more-than-reform-to-commercial-and-industrial-property-stamp-duty.html",
  "status": 200,
  "from": "sitemap-au (manual capture)"
 },
 {
  "url": "https://www.mallesons.com/au/en/insights/latest-thinking/victorian-freight-plan-2025-2030--a-roadmap-for-the-future.html",
  "status": 200,
  "from": "sitemap-au (manual capture)"
 },
 {
  "url": "https://www.mallesons.com/au/en/insights/latest-thinking/victorian-government-releases-second-of-three-planned-offshore-w.html",
  "status": 200,
  "from": "sitemap-au (manual capture)"
 },
 {
  "url": "https://www.mallesons.com/au/en/insights/latest-thinking/victorian-government-seeks-to-reassure-business.html",
  "status": 200,
  "from": "sitemap-au (manual capture)"
 },
 {
  "url": "https://www.mallesons.com/au/en/insights/latest-thinking/vietnam-sets-the-stage-for-carbon-trading.html",
  "status": 200,
  "from": "sitemap-au (manual capture)"
 },
 {
  "url": "https://www.mallesons.com/au/en/insights/latest-thinking/view-from-asia-force-majeure-and-the-power-of-business-relationships.html",
  "status": 200,
  "from": "sitemap-au (manual capture)"
 },
 {
  "url": "https://www.mallesons.com/au/en/insights/latest-thinking/wa-government-releases-consultation-papers-on-pilbara-electricit.html",
  "status": 200,
  "from": "sitemap-au (manual capture)"
 },
 {
  "url": "https://www.mallesons.com/au/en/insights/latest-thinking/wage-theft-laws-are-now-in-force-the-fwo-releases-guidance-on-how-to-comply-and-updates-its-enforcement-approach.html",
  "status": 200,
  "from": "sitemap-au (manual capture)"
 },
 {
  "url": "https://www.mallesons.com/au/en/insights/latest-thinking/waiving-performance-hurdles-new-asx-guidance.html",
  "status": 200,
  "from": "sitemap-au (manual capture)"
 },
 {
  "url": "https://www.mallesons.com/au/en/insights/latest-thinking/walking-a-tightrope-continuous-disclosure-data-breaches-and-cyber-security.html",
  "status": 200,
  "from": "sitemap-au (manual capture)"
 },
 {
  "url": "https://www.mallesons.com/au/en/insights/latest-thinking/washers-added-but-leaks-remain-foreign-resident-and-renewable-energy-capital-gains-tax-bill-introduced-into-federal-parliament.html",
  "status": 200,
  "from": "sitemap-au (manual capture)"
 },
 {
  "url": "https://www.mallesons.com/au/en/insights/latest-thinking/water-regulation-series-part-1-new-civil-penalties-for-water-offences-in-nsw.html",
  "status": 200,
  "from": "sitemap-au (manual capture)"
 },
 {
  "url": "https://www.mallesons.com/au/en/insights/latest-thinking/water-regulation-series-part-2-recent-developments-in-first-nations-water-rights.html",
  "status": 200,
  "from": "sitemap-au (manual capture)"
 },
 {
  "url": "https://www.mallesons.com/au/en/insights/latest-thinking/we-dont-need-no-gco-federal-court-lays-another-brick-in-the-cfo-wall.html",
  "status": 200,
  "from": "sitemap-au (manual capture)"
 },
 {
  "url": "https://www.mallesons.com/au/en/insights/latest-thinking/we-need-to-talk-about-commitment-in-procurement.html",
  "status": 200,
  "from": "sitemap-au (manual capture)"
 },
 {
  "url": "https://www.mallesons.com/au/en/insights/latest-thinking/welcome-stamp-duty-clarity-for-qualified-investors-and-ccivs-in-nsw-important-step-forward.html",
  "status": 200,
  "from": "sitemap-au (manual capture)"
 },
 {
  "url": "https://www.mallesons.com/au/en/insights/latest-thinking/what-carbon-offset-strategy-best-suits-your-business.html",
  "status": 200,
  "from": "sitemap-au (manual capture)"
 },
 {
  "url": "https://www.mallesons.com/au/en/insights/latest-thinking/what-did-public-m-and-a-bring-in-2023.html",
  "status": 200,
  "from": "sitemap-au (manual capture)"
 },
 {
  "url": "https://www.mallesons.com/au/en/insights/latest-thinking/what-do-you-do-when-a-safety-emergency-occurs.html",
  "status": 200,
  "from": "sitemap-au (manual capture)"
 },
 {
  "url": "https://www.mallesons.com/au/en/insights/latest-thinking/what-does-d-and-o-insurance-cover.html",
  "status": 200,
  "from": "sitemap-au (manual capture)"
 },
 {
  "url": "https://www.mallesons.com/au/en/insights/latest-thinking/what-doomsday-prepper-and-opportunist-boards-should-both-know-about-distress.html",
  "status": 200,
  "from": "sitemap-au (manual capture)"
 },
 {
  "url": "https://www.mallesons.com/au/en/insights/latest-thinking/what-effect-do-the-words-for-the-avoidance-of-doubt-or-without-limitation-have-when-used-in-an-it-contract.html",
  "status": 200,
  "from": "sitemap-au (manual capture)"
 },
 {
  "url": "https://www.mallesons.com/au/en/insights/latest-thinking/what-employers-need-to-know-new-costs-protection-regime-and-legal-updates-for-unlawful-discrimination-and-harassment.html",
  "status": 200,
  "from": "sitemap-au (manual capture)"
 },
 {
  "url": "https://www.mallesons.com/au/en/insights/latest-thinking/what-employers-need-to-know-psychosocial-regulations-at-work-in-victoria.html",
  "status": 200,
  "from": "sitemap-au (manual capture)"
 },
 {
  "url": "https://www.mallesons.com/au/en/insights/latest-thinking/what-is-a-w-8ben-e-form-and-how-do-i-fill-it-out-guidance-for-australian-entities.html",
  "status": 200,
  "from": "sitemap-au (manual capture)"
 },
 {
  "url": "https://www.mallesons.com/au/en/insights/latest-thinking/what-is-double-insurance.html",
  "status": 200,
  "from": "sitemap-au (manual capture)"
 },
 {
  "url": "https://www.mallesons.com/au/en/insights/latest-thinking/what-is-indirect-and-consequential-loss.html",
  "status": 200,
  "from": "sitemap-au (manual capture)"
 },
 {
  "url": "https://www.mallesons.com/au/en/insights/latest-thinking/what-is-proportionate-liability.html",
  "status": 200,
  "from": "sitemap-au (manual capture)"
 },
 {
  "url": "https://www.mallesons.com/au/en/insights/latest-thinking/what-is-the-difference-between-a-binding-and-a-non-binding-memorandum-of-understanding.html",
  "status": 200,
  "from": "sitemap-au (manual capture)"
 },
 {
  "url": "https://www.mallesons.com/au/en/insights/latest-thinking/what-is-the-difference-between-a-liquidated-damages-clause-and-a-penalty-clause.html",
  "status": 200,
  "from": "sitemap-au (manual capture)"
 },
 {
  "url": "https://www.mallesons.com/au/en/insights/latest-thinking/what-is-the-difference-between-a-warranty-and-a-representation.html",
  "status": 200,
  "from": "sitemap-au (manual capture)"
 },
 {
  "url": "https://www.mallesons.com/au/en/insights/latest-thinking/what-is-the-difference-between-an-assignment-and-a-novation.html",
  "status": 200,
  "from": "sitemap-au (manual capture)"
 },
 {
  "url": "https://www.mallesons.com/au/en/insights/latest-thinking/what-is-the-difference-between-force-majeure-and-frustration.html",
  "status": 200,
  "from": "sitemap-au (manual capture)"
 },
 {
  "url": "https://www.mallesons.com/au/en/insights/latest-thinking/what-is-the-difference-between-gross-negligence-and-normal-or-mere-negligence-under-australian-law.html",
  "status": 200,
  "from": "sitemap-au (manual capture)"
 },
 {
  "url": "https://www.mallesons.com/au/en/insights/latest-thinking/what-is-the-difference-between-reasonable-endeavours-and-best-endeavours.html",
  "status": 200,
  "from": "sitemap-au (manual capture)"
 },
 {
  "url": "https://www.mallesons.com/au/en/insights/latest-thinking/what-is-the-difference-between-shall-will-and-must.html",
  "status": 200,
  "from": "sitemap-au (manual capture)"
 },
 {
  "url": "https://www.mallesons.com/au/en/insights/latest-thinking/what-is-the-effect-of-a-notice-issued-outside-the-time-specified-in-a-contract.html",
  "status": 200,
  "from": "sitemap-au (manual capture)"
 },
 {
  "url": "https://www.mallesons.com/au/en/insights/latest-thinking/what-is-the-effect-of-making-time-of-the-essence-in-a-contract.html",
  "status": 200,
  "from": "sitemap-au (manual capture)"
 },
 {
  "url": "https://www.mallesons.com/au/en/insights/latest-thinking/what-is-the-ipso-facto-rule.html",
  "status": 200,
  "from": "sitemap-au (manual capture)"
 },
 {
  "url": "https://www.mallesons.com/au/en/insights/latest-thinking/what-is-the-prevention-principle-and-what-role-does-it-play-in-it-contracts.html",
  "status": 200,
  "from": "sitemap-au (manual capture)"
 },
 {
  "url": "https://www.mallesons.com/au/en/insights/latest-thinking/what-the-data-says-about-qualitative-versus-quantitative-material-adverse-change-clauses.html",
  "status": 200,
  "from": "sitemap-au (manual capture)"
 },
 {
  "url": "https://www.mallesons.com/au/en/insights/latest-thinking/what-to-do-when-the-tga-comes-knocking-the-tgas-investigation-powers.html",
  "status": 200,
  "from": "sitemap-au (manual capture)"
 },
 {
  "url": "https://www.mallesons.com/au/en/insights/latest-thinking/what-to-do-when-the-tga-knocks-again-proposal-to-suspend-or-cancel.html",
  "status": 200,
  "from": "sitemap-au (manual capture)"
 },
 {
  "url": "https://www.mallesons.com/au/en/insights/latest-thinking/what-to-do-when-your-project-is-impacted-by-industrial-action.html",
  "status": 200,
  "from": "sitemap-au (manual capture)"
 },
 {
  "url": "https://www.mallesons.com/au/en/insights/latest-thinking/whats-ahead-for-m-and-a-activity-in-2024-25.html",
  "status": 200,
  "from": "sitemap-au (manual capture)"
 },
 {
  "url": "https://www.mallesons.com/au/en/insights/latest-thinking/whats-missing-from-the-government-response-to-the-accc-digital-platform-services-inquiry.html",
  "status": 200,
  "from": "sitemap-au (manual capture)"
 },
 {
  "url": "https://www.mallesons.com/au/en/insights/latest-thinking/whats-next-for-australian-businesses-in-southeast-asia.html",
  "status": 200,
  "from": "sitemap-au (manual capture)"
 },
 {
  "url": "https://www.mallesons.com/au/en/insights/latest-thinking/when-can-a-contract-be-terminated-at-common-law.html",
  "status": 200,
  "from": "sitemap-au (manual capture)"
 },
 {
  "url": "https://www.mallesons.com/au/en/insights/latest-thinking/when-can-a-general-insurance-policy-be-cancelled.html",
  "status": 200,
  "from": "sitemap-au (manual capture)"
 },
 {
  "url": "https://www.mallesons.com/au/en/insights/latest-thinking/when-can-a-related-entity-bring-a-claim-under-a-contract.html",
  "status": 200,
  "from": "sitemap-au (manual capture)"
 },
 {
  "url": "https://www.mallesons.com/au/en/insights/latest-thinking/when-innovation-meets-regulation--the-kwm-digital-future-summit-.html",
  "status": 200,
  "from": "sitemap-au (manual capture)"
 },
 {
  "url": "https://www.mallesons.com/au/en/insights/latest-thinking/when-is-a-duty-to-act-in-good-faith-implied-in-a-contract.html",
  "status": 200,
  "from": "sitemap-au (manual capture)"
 },
 {
  "url": "https://www.mallesons.com/au/en/insights/latest-thinking/where-are-my-franking-credits-senate-economics-committee-publishes-findings-on-proposed-franking-measures.html",
  "status": 200,
  "from": "sitemap-au (manual capture)"
 },
 {
  "url": "https://www.mallesons.com/au/en/insights/latest-thinking/where-to-for-the-asx-corporate-governance-principles.html",
  "status": 200,
  "from": "sitemap-au (manual capture)"
 },
 {
  "url": "https://www.mallesons.com/au/en/insights/latest-thinking/where-to-from-here-the-future-of-corporate-whistleblowing-in-australia.html",
  "status": 200,
  "from": "sitemap-au (manual capture)"
 },
 {
  "url": "https://www.mallesons.com/au/en/insights/latest-thinking/while-the-merger-reform-debate-continues-the-accc-is-finding-new-ways-to-use-existing-powers.html",
  "status": 200,
  "from": "sitemap-au (manual capture)"
 },
 {
  "url": "https://www.mallesons.com/au/en/insights/latest-thinking/whistleblower-laws-under-review-insights-and-impacts-five-years-on.html",
  "status": 200,
  "from": "sitemap-au (manual capture)"
 },
 {
  "url": "https://www.mallesons.com/au/en/insights/latest-thinking/whistleblower-protections-at-an-inflection-point-practical-insights-for-a-changing-regime.html",
  "status": 200,
  "from": "sitemap-au (manual capture)"
 },
 {
  "url": "https://www.mallesons.com/au/en/insights/latest-thinking/whistleblowing-as-a-governance-issue-does-your-board-measure-up.html",
  "status": 200,
  "from": "sitemap-au (manual capture)"
 },
 {
  "url": "https://www.mallesons.com/au/en/insights/latest-thinking/who-pays-for-the-grid-new-rules-target-data-centre-demand.html",
  "status": 200,
  "from": "sitemap-au (manual capture)"
 },
 {
  "url": "https://www.mallesons.com/au/en/insights/latest-thinking/whos-the-boss-the-tug-of-war-over-real-estate-fund-management-rights.html",
  "status": 200,
  "from": "sitemap-au (manual capture)"
 },
 {
  "url": "https://www.mallesons.com/au/en/insights/latest-thinking/whose-phone-is-it-anyway-navigating-employee-privacy-and-employer-data-in-the-age-of-byod.html",
  "status": 200,
  "from": "sitemap-au (manual capture)"
 },
 {
  "url": "https://www.mallesons.com/au/en/insights/latest-thinking/why-are-there-no-copyright-class-actions.html",
  "status": 200,
  "from": "sitemap-au (manual capture)"
 },
 {
  "url": "https://www.mallesons.com/au/en/insights/latest-thinking/widening-the-net-consultation-on-licensing-of-payment-service-providers-commences-with-a-stablecoins-kicker.html",
  "status": 200,
  "from": "sitemap-au (manual capture)"
 },
 {
  "url": "https://www.mallesons.com/au/en/insights/latest-thinking/wind-farms-in-queensland-regulatory-changes-set-to-have-a-big-impact.html",
  "status": 200,
  "from": "sitemap-au (manual capture)"
 },
 {
  "url": "https://www.mallesons.com/au/en/insights/latest-thinking/windfall-gains-tax-be-prepared-for-rezoning.html",
  "status": 200,
  "from": "sitemap-au (manual capture)"
 },
 {
  "url": "https://www.mallesons.com/au/en/insights/latest-thinking/winds-of-change-review-of-queenslands-wind-farm-development-requirements.html",
  "status": 200,
  "from": "sitemap-au (manual capture)"
 },
 {
  "url": "https://www.mallesons.com/au/en/insights/latest-thinking/wipe-out-of-credit-suisse-at1-instruments-what-does-it-mean-for-australian-bank-at1.html",
  "status": 200,
  "from": "sitemap-au (manual capture)"
 },
 {
  "url": "https://www.mallesons.com/au/en/insights/latest-thinking/wipeout-merchant-the-latest-decision-in-wave-of-anti-avoidance-cases.html",
  "status": 200,
  "from": "sitemap-au (manual capture)"
 },
 {
  "url": "https://www.mallesons.com/au/en/insights/latest-thinking/wired-for-growth-capitalising-on-energy-demand-from-the-data-centre-revolution.html",
  "status": 200,
  "from": "sitemap-au (manual capture)"
 },
 {
  "url": "https://www.mallesons.com/au/en/insights/latest-thinking/working-from-home-law-changes-affecting-your-victorian-based-employees.html",
  "status": 200,
  "from": "sitemap-au (manual capture)"
 },
 {
  "url": "https://www.mallesons.com/au/en/insights/latest-thinking/workplace-gender-equality-legislative-changes.html",
  "status": 200,
  "from": "sitemap-au (manual capture)"
 },
 {
  "url": "https://www.mallesons.com/au/en/insights/latest-thinking/world-first-hydrogen-and-renewable-energy-reform-in-south-australia-to-streamline-project-approvals.html",
  "status": 200,
  "from": "sitemap-au (manual capture)"
 },
 {
  "url": "https://www.mallesons.com/au/en/insights/latest-thinking/year-of-the-dragon-snapshot.html",
  "status": 200,
  "from": "sitemap-au (manual capture)"
 },
 {
  "url": "https://www.mallesons.com/au/en/insights/latest-thinking/yes-for-king-and-country-too-the-full-federal-court-confirms-broad-interpretation-of-crown-copyright-exemption.html",
  "status": 200,
  "from": "sitemap-au (manual capture)"
 },
 {
  "url": "https://www.mallesons.com/au/en/insights/latest-thinking/you-only-get-one-bite-of-the-cherry-in-arbitration-cbi-constructors-pty-ltd-v-chevron-australia-pty-ltd.html",
  "status": 200,
  "from": "sitemap-au (manual capture)"
 },
 {
  "url": "https://www.mallesons.com/au/en/insights/latest-thinking/you-reap-what-you-sow-high-court-decides-mallonland-pty-ltd-v-advanta-seeds-pty-ltd.html",
  "status": 200,
  "from": "sitemap-au (manual capture)"
 },
 {
  "url": "https://www.mallesons.com/au/en/insights/latest-thinking/your-guide-to-the-2024-draft-jorc-code-do-the-proposed-changes-go-too-far.html",
  "status": 200,
  "from": "sitemap-au (manual capture)"
 },
 {
  "url": "https://www.mallesons.com/au/en/insights/publications.html",
  "status": 200,
  "from": "sitemap-au (manual capture)"
 },
 {
  "url": "https://www.mallesons.com/au/en/insights/sprint-to-the-finish-cpd-program.html",
  "status": 200,
  "from": "sitemap-au (manual capture)"
 },
 {
  "url": "https://www.mallesons.com/au/en/insights/topic.html",
  "status": 200,
  "from": "sitemap-au (manual capture)"
 },
 {
  "url": "https://www.mallesons.com/au/en/insights/topic/australian-merger-control-a-new-regime.html",
  "status": 200,
  "from": "sitemap-au (manual capture)"
 },
 {
  "url": "https://www.mallesons.com/au/en/insights/topic/data-and-tech-navigating-a-connected-world.html",
  "status": 200,
  "from": "sitemap-au (manual capture)"
 },
 {
  "url": "https://www.mallesons.com/au/en/insights/topic/data-and-tech-navigating-a-connected-world/artificial-intelligence.html",
  "status": 200,
  "from": "sitemap-au (manual capture)"
 },
 {
  "url": "https://www.mallesons.com/au/en/insights/topic/data-and-tech-navigating-a-connected-world/cyber-security-and-critical-infrastructure.html",
  "status": 200,
  "from": "sitemap-au (manual capture)"
 },
 {
  "url": "https://www.mallesons.com/au/en/insights/topic/data-and-tech-navigating-a-connected-world/data-and-privacy.html",
  "status": 200,
  "from": "sitemap-au (manual capture)"
 },
 {
  "url": "https://www.mallesons.com/au/en/insights/topic/data-and-tech-navigating-a-connected-world/data-centres.html",
  "status": 200,
  "from": "sitemap-au (manual capture)"
 },
 {
  "url": "https://www.mallesons.com/au/en/insights/topic/data-and-tech-navigating-a-connected-world/digital-economy.html",
  "status": 200,
  "from": "sitemap-au (manual capture)"
 },
 {
  "url": "https://www.mallesons.com/au/en/insights/topic/data-and-tech-navigating-a-connected-world/digital-future-summit.html",
  "status": 200,
  "from": "sitemap-au (manual capture)"
 },
 {
  "url": "https://www.mallesons.com/au/en/insights/topic/data-and-tech-navigating-a-connected-world/telco-and-technology.html",
  "status": 200,
  "from": "sitemap-au (manual capture)"
 },
 {
  "url": "https://www.mallesons.com/au/en/insights/topic/esg-enabling-sustainable-growth.html",
  "status": 200,
  "from": "sitemap-au (manual capture)"
 },
 {
  "url": "https://www.mallesons.com/au/en/insights/topic/esg-enabling-sustainable-growth/business-and-human-rights.html",
  "status": 200,
  "from": "sitemap-au (manual capture)"
 },
 {
  "url": "https://www.mallesons.com/au/en/insights/topic/esg-enabling-sustainable-growth/carbon-and-nature.html",
  "status": 200,
  "from": "sitemap-au (manual capture)"
 },
 {
  "url": "https://www.mallesons.com/au/en/insights/topic/esg-enabling-sustainable-growth/climate-risk-governance-and-litigation.html",
  "status": 200,
  "from": "sitemap-au (manual capture)"
 },
 {
  "url": "https://www.mallesons.com/au/en/insights/topic/esg-enabling-sustainable-growth/green-and-social-capital.html",
  "status": 200,
  "from": "sitemap-au (manual capture)"
 },
 {
  "url": "https://www.mallesons.com/au/en/insights/topic/financial-services-innovation-resilience-and-responsibility.html",
  "status": 200,
  "from": "sitemap-au (manual capture)"
 },
 {
  "url": "https://www.mallesons.com/au/en/insights/topic/reimagining-productivity.html",
  "status": 200,
  "from": "sitemap-au (manual capture)"
 },
 {
  "url": "https://www.mallesons.com/au/en/insights/topic/the-new-workplace-people-law-culture.html",
  "status": 200,
  "from": "sitemap-au (manual capture)"
 },
 {
  "url": "https://www.mallesons.com/au/en/insights/topic/transitioning-to-future-energy.html",
  "status": 200,
  "from": "sitemap-au (manual capture)"
 },
 {
  "url": "https://www.mallesons.com/au/en/insights/topic/transitioning-to-future-energy/critical-minerals.html",
  "status": 200,
  "from": "sitemap-au (manual capture)"
 },
 {
  "url": "https://www.mallesons.com/au/en/insights/topic/transitioning-to-future-energy/decarbonisation.html",
  "status": 200,
  "from": "sitemap-au (manual capture)"
 },
 {
  "url": "https://www.mallesons.com/au/en/insights/topic/transitioning-to-future-energy/energy-generation-and-storage.html",
  "status": 200,
  "from": "sitemap-au (manual capture)"
 },
 {
  "url": "https://www.mallesons.com/au/en/insights/topic/transitioning-to-future-energy/energy-regulation.html",
  "status": 200,
  "from": "sitemap-au (manual capture)"
 },
 {
  "url": "https://www.mallesons.com/au/en/insights/topic/view-from-asia.html",
  "status": 200,
  "from": "sitemap-au (manual capture)"
 },
 {
  "url": "https://www.mallesons.com/au/en/locations.html",
  "status": 200,
  "from": "sitemap-au (manual capture)"
 },
 {
  "url": "https://www.mallesons.com/au/en/locations/australia.html",
  "status": 200,
  "from": "sitemap-au (manual capture)"
 },
 {
  "url": "https://www.mallesons.com/au/en/locations/australia/brisbane.html",
  "status": 200,
  "from": "sitemap-au (manual capture)"
 },
 {
  "url": "https://www.mallesons.com/au/en/locations/australia/canberra.html",
  "status": 200,
  "from": "sitemap-au (manual capture)"
 },
 {
  "url": "https://www.mallesons.com/au/en/locations/australia/melbourne.html",
  "status": 200,
  "from": "sitemap-au (manual capture)"
 },
 {
  "url": "https://www.mallesons.com/au/en/locations/australia/perth.html",
  "status": 200,
  "from": "sitemap-au (manual capture)"
 },
 {
  "url": "https://www.mallesons.com/au/en/locations/australia/sydney.html",
  "status": 200,
  "from": "sitemap-au (manual capture)"
 },
 {
  "url": "https://www.mallesons.com/au/en/locations/singapore.html",
  "status": 200,
  "from": "sitemap-au (manual capture)"
 },
 {
  "url": "https://www.mallesons.com/au/en/people.html",
  "status": 200,
  "from": "sitemap-au (manual capture)"
 },
 {
  "url": "https://www.mallesons.com/au/en/people/aaron-bourke.html",
  "status": 200,
  "from": "sitemap-au (manual capture)"
 },
 {
  "url": "https://www.mallesons.com/au/en/people/aaron-brooks.html",
  "status": 200,
  "from": "sitemap-au (manual capture)"
 },
 {
  "url": "https://www.mallesons.com/au/en/people/adam-bartlett.html",
  "status": 200,
  "from": "sitemap-au (manual capture)"
 },
 {
  "url": "https://www.mallesons.com/au/en/people/adam-black.html",
  "status": 200,
  "from": "sitemap-au (manual capture)"
 },
 {
  "url": "https://www.mallesons.com/au/en/people/adam-drawbridge.html",
  "status": 200,
  "from": "sitemap-au (manual capture)"
 },
 {
  "url": "https://www.mallesons.com/au/en/people/adam-jiang.html",
  "status": 200,
  "from": "sitemap-au (manual capture)"
 },
 {
  "url": "https://www.mallesons.com/au/en/people/adeline-technitis.html",
  "status": 200,
  "from": "sitemap-au (manual capture)"
 },
 {
  "url": "https://www.mallesons.com/au/en/people/aditya-shivam.html",
  "status": 200,
  "from": "sitemap-au (manual capture)"
 },
 {
  "url": "https://www.mallesons.com/au/en/people/adrian-perkins.html",
  "status": 200,
  "from": "sitemap-au (manual capture)"
 },
 {
  "url": "https://www.mallesons.com/au/en/people/alannah-hogan.html",
  "status": 200,
  "from": "sitemap-au (manual capture)"
 },
 {
  "url": "https://www.mallesons.com/au/en/people/alex-gorovtsov.html",
  "status": 200,
  "from": "sitemap-au (manual capture)"
 },
 {
  "url": "https://www.mallesons.com/au/en/people/alexander-morris.html",
  "status": 200,
  "from": "sitemap-au (manual capture)"
 },
 {
  "url": "https://www.mallesons.com/au/en/people/alice-waterston.html",
  "status": 200,
  "from": "sitemap-au (manual capture)"
 },
 {
  "url": "https://www.mallesons.com/au/en/people/amanda-engels.html",
  "status": 200,
  "from": "sitemap-au (manual capture)"
 },
 {
  "url": "https://www.mallesons.com/au/en/people/amanda-isouard.html",
  "status": 200,
  "from": "sitemap-au (manual capture)"
 },
 {
  "url": "https://www.mallesons.com/au/en/people/amanda-kazacos.html",
  "status": 200,
  "from": "sitemap-au (manual capture)"
 },
 {
  "url": "https://www.mallesons.com/au/en/people/amelia-mellor.html",
  "status": 200,
  "from": "sitemap-au (manual capture)"
 },
 {
  "url": "https://www.mallesons.com/au/en/people/amy-maguire.html",
  "status": 200,
  "from": "sitemap-au (manual capture)"
 },
 {
  "url": "https://www.mallesons.com/au/en/people/amy-munro.html",
  "status": 200,
  "from": "sitemap-au (manual capture)"
 },
 {
  "url": "https://www.mallesons.com/au/en/people/andrea-shan.html",
  "status": 200,
  "from": "sitemap-au (manual capture)"
 },
 {
  "url": "https://www.mallesons.com/au/en/people/andrew-barrett.html",
  "status": 200,
  "from": "sitemap-au (manual capture)"
 },
 {
  "url": "https://www.mallesons.com/au/en/people/andrew-clements.html",
  "status": 200,
  "from": "sitemap-au (manual capture)"
 },
 {
  "url": "https://www.mallesons.com/au/en/people/andrew-deszcz.html",
  "status": 200,
  "from": "sitemap-au (manual capture)"
 },
 {
  "url": "https://www.mallesons.com/au/en/people/andrew-gray.html",
  "status": 200,
  "from": "sitemap-au (manual capture)"
 },
 {
  "url": "https://www.mallesons.com/au/en/people/andrew-maynes.html",
  "status": 200,
  "from": "sitemap-au (manual capture)"
 },
 {
  "url": "https://www.mallesons.com/au/en/people/andrew-monotti.html",
  "status": 200,
  "from": "sitemap-au (manual capture)"
 },
 {
  "url": "https://www.mallesons.com/au/en/people/andrew-phillipson.html",
  "status": 200,
  "from": "sitemap-au (manual capture)"
 },
 {
  "url": "https://www.mallesons.com/au/en/people/andrew-sommer.html",
  "status": 200,
  "from": "sitemap-au (manual capture)"
 },
 {
  "url": "https://www.mallesons.com/au/en/people/angela-chung.html",
  "status": 200,
  "from": "sitemap-au (manual capture)"
 },
 {
  "url": "https://www.mallesons.com/au/en/people/angela-weber.html",
  "status": 200,
  "from": "sitemap-au (manual capture)"
 },
 {
  "url": "https://www.mallesons.com/au/en/people/angus-jamieson.html",
  "status": 200,
  "from": "sitemap-au (manual capture)"
 },
 {
  "url": "https://www.mallesons.com/au/en/people/anna-della-marta.html",
  "status": 200,
  "from": "sitemap-au (manual capture)"
 },
 {
  "url": "https://www.mallesons.com/au/en/people/annabel-griffin.html",
  "status": 200,
  "from": "sitemap-au (manual capture)"
 },
 {
  "url": "https://www.mallesons.com/au/en/people/annamarie-rooding.html",
  "status": 200,
  "from": "sitemap-au (manual capture)"
 },
 {
  "url": "https://www.mallesons.com/au/en/people/anne-marie-neagle.html",
  "status": 200,
  "from": "sitemap-au (manual capture)"
 },
 {
  "url": "https://www.mallesons.com/au/en/people/anthony-boogert.html",
  "status": 200,
  "from": "sitemap-au (manual capture)"
 },
 {
  "url": "https://www.mallesons.com/au/en/people/anthony-di-gregorio.html",
  "status": 200,
  "from": "sitemap-au (manual capture)"
 },
 {
  "url": "https://www.mallesons.com/au/en/people/anthony-farag.html",
  "status": 200,
  "from": "sitemap-au (manual capture)"
 },
 {
  "url": "https://www.mallesons.com/au/en/people/anthony-longland.html",
  "status": 200,
  "from": "sitemap-au (manual capture)"
 },
 {
  "url": "https://www.mallesons.com/au/en/people/antonella-pacitti.html",
  "status": 200,
  "from": "sitemap-au (manual capture)"
 },
 {
  "url": "https://www.mallesons.com/au/en/people/ari-rosenbaum.html",
  "status": 200,
  "from": "sitemap-au (manual capture)"
 },
 {
  "url": "https://www.mallesons.com/au/en/people/armen-varvachtian.html",
  "status": 200,
  "from": "sitemap-au (manual capture)"
 },
 {
  "url": "https://www.mallesons.com/au/en/people/ben-davidson.html",
  "status": 200,
  "from": "sitemap-au (manual capture)"
 },
 {
  "url": "https://www.mallesons.com/au/en/people/ben-kiely.html",
  "status": 200,
  "from": "sitemap-au (manual capture)"
 },
 {
  "url": "https://www.mallesons.com/au/en/people/benjamin-adams.html",
  "status": 200,
  "from": "sitemap-au (manual capture)"
 },
 {
  "url": "https://www.mallesons.com/au/en/people/bill-ladas.html",
  "status": 200,
  "from": "sitemap-au (manual capture)"
 },
 {
  "url": "https://www.mallesons.com/au/en/people/blake-sherry.html",
  "status": 200,
  "from": "sitemap-au (manual capture)"
 },
 {
  "url": "https://www.mallesons.com/au/en/people/brett-feltham.html",
  "status": 200,
  "from": "sitemap-au (manual capture)"
 },
 {
  "url": "https://www.mallesons.com/au/en/people/briana-bentley.html",
  "status": 200,
  "from": "sitemap-au (manual capture)"
 },
 {
  "url": "https://www.mallesons.com/au/en/people/bridget-phelan.html",
  "status": 200,
  "from": "sitemap-au (manual capture)"
 },
 {
  "url": "https://www.mallesons.com/au/en/people/bridie-egan.html",
  "status": 200,
  "from": "sitemap-au (manual capture)"
 },
 {
  "url": "https://www.mallesons.com/au/en/people/bryony-evans.html",
  "status": 200,
  "from": "sitemap-au (manual capture)"
 },
 {
  "url": "https://www.mallesons.com/au/en/people/caitlin-gordon.html",
  "status": 200,
  "from": "sitemap-au (manual capture)"
 },
 {
  "url": "https://www.mallesons.com/au/en/people/caitlin-lee.html",
  "status": 200,
  "from": "sitemap-au (manual capture)"
 },
 {
  "url": "https://www.mallesons.com/au/en/people/cameron-mew.html",
  "status": 200,
  "from": "sitemap-au (manual capture)"
 },
 {
  "url": "https://www.mallesons.com/au/en/people/capucine-hague.html",
  "status": 200,
  "from": "sitemap-au (manual capture)"
 },
 {
  "url": "https://www.mallesons.com/au/en/people/carl-black.html",
  "status": 200,
  "from": "sitemap-au (manual capture)"
 },
 {
  "url": "https://www.mallesons.com/au/en/people/caroline-coops.html",
  "status": 200,
  "from": "sitemap-au (manual capture)"
 },
 {
  "url": "https://www.mallesons.com/au/en/people/caroline-hayward.html",
  "status": 200,
  "from": "sitemap-au (manual capture)"
 },
 {
  "url": "https://www.mallesons.com/au/en/people/carrie-chen.html",
  "status": 200,
  "from": "sitemap-au (manual capture)"
 },
 {
  "url": "https://www.mallesons.com/au/en/people/cate-nagy.html",
  "status": 200,
  "from": "sitemap-au (manual capture)"
 },
 {
  "url": "https://www.mallesons.com/au/en/people/catherine-danne.html",
  "status": 200,
  "from": "sitemap-au (manual capture)"
 },
 {
  "url": "https://www.mallesons.com/au/en/people/cathryn-joyce.html",
  "status": 200,
  "from": "sitemap-au (manual capture)"
 },
 {
  "url": "https://www.mallesons.com/au/en/people/cathy-graville.html",
  "status": 200,
  "from": "sitemap-au (manual capture)"
 },
 {
  "url": "https://www.mallesons.com/au/en/people/charles-davies.html",
  "status": 200,
  "from": "sitemap-au (manual capture)"
 },
 {
  "url": "https://www.mallesons.com/au/en/people/charles-westh.html",
  "status": 200,
  "from": "sitemap-au (manual capture)"
 },
 {
  "url": "https://www.mallesons.com/au/en/people/chelsea-payne.html",
  "status": 200,
  "from": "sitemap-au (manual capture)"
 },
 {
  "url": "https://www.mallesons.com/au/en/people/cheng-lim.html",
  "status": 200,
  "from": "sitemap-au (manual capture)"
 },
 {
  "url": "https://www.mallesons.com/au/en/people/chloe-johnston.html",
  "status": 200,
  "from": "sitemap-au (manual capture)"
 },
 {
  "url": "https://www.mallesons.com/au/en/people/chloe-moore.html",
  "status": 200,
  "from": "sitemap-au (manual capture)"
 },
 {
  "url": "https://www.mallesons.com/au/en/people/chris-coates.html",
  "status": 200,
  "from": "sitemap-au (manual capture)"
 },
 {
  "url": "https://www.mallesons.com/au/en/people/chris-dynon.html",
  "status": 200,
  "from": "sitemap-au (manual capture)"
 },
 {
  "url": "https://www.mallesons.com/au/en/people/chris-markezinis.html",
  "status": 200,
  "from": "sitemap-au (manual capture)"
 },
 {
  "url": "https://www.mallesons.com/au/en/people/chris-mcalinden.html",
  "status": 200,
  "from": "sitemap-au (manual capture)"
 },
 {
  "url": "https://www.mallesons.com/au/en/people/chris-mitchell.html",
  "status": 200,
  "from": "sitemap-au (manual capture)"
 },
 {
  "url": "https://www.mallesons.com/au/en/people/chris-pitson.html",
  "status": 200,
  "from": "sitemap-au (manual capture)"
 },
 {
  "url": "https://www.mallesons.com/au/en/people/christopher-barry.html",
  "status": 200,
  "from": "sitemap-au (manual capture)"
 },
 {
  "url": "https://www.mallesons.com/au/en/people/christopher-kok.html",
  "status": 200,
  "from": "sitemap-au (manual capture)"
 },
 {
  "url": "https://www.mallesons.com/au/en/people/cilla-robinson.html",
  "status": 200,
  "from": "sitemap-au (manual capture)"
 },
 {
  "url": "https://www.mallesons.com/au/en/people/claire-warren.html",
  "status": 200,
  "from": "sitemap-au (manual capture)"
 },
 {
  "url": "https://www.mallesons.com/au/en/people/claudia-hollings.html",
  "status": 200,
  "from": "sitemap-au (manual capture)"
 },
 {
  "url": "https://www.mallesons.com/au/en/people/clifford-sandler.html",
  "status": 200,
  "from": "sitemap-au (manual capture)"
 },
 {
  "url": "https://www.mallesons.com/au/en/people/craig-rogers.html",
  "status": 200,
  "from": "sitemap-au (manual capture)"
 },
 {
  "url": "https://www.mallesons.com/au/en/people/dale-rayner.html",
  "status": 200,
  "from": "sitemap-au (manual capture)"
 },
 {
  "url": "https://www.mallesons.com/au/en/people/damian-lovell.html",
  "status": 200,
  "from": "sitemap-au (manual capture)"
 },
 {
  "url": "https://www.mallesons.com/au/en/people/damiano-castelli.html",
  "status": 200,
  "from": "sitemap-au (manual capture)"
 },
 {
  "url": "https://www.mallesons.com/au/en/people/damien-richard.html",
  "status": 200,
  "from": "sitemap-au (manual capture)"
 },
 {
  "url": "https://www.mallesons.com/au/en/people/dan-flanagan.html",
  "status": 200,
  "from": "sitemap-au (manual capture)"
 },
 {
  "url": "https://www.mallesons.com/au/en/people/dan-kynaston.html",
  "status": 200,
  "from": "sitemap-au (manual capture)"
 },
 {
  "url": "https://www.mallesons.com/au/en/people/daniel-bragg.html",
  "status": 200,
  "from": "sitemap-au (manual capture)"
 },
 {
  "url": "https://www.mallesons.com/au/en/people/daniel-natale.html",
  "status": 200,
  "from": "sitemap-au (manual capture)"
 },
 {
  "url": "https://www.mallesons.com/au/en/people/danika-casey.html",
  "status": 200,
  "from": "sitemap-au (manual capture)"
 },
 {
  "url": "https://www.mallesons.com/au/en/people/danny-ke.html",
  "status": 200,
  "from": "sitemap-au (manual capture)"
 },
 {
  "url": "https://www.mallesons.com/au/en/people/darren-mcclafferty.html",
  "status": 200,
  "from": "sitemap-au (manual capture)"
 },
 {
  "url": "https://www.mallesons.com/au/en/people/david-bell.html",
  "status": 200,
  "from": "sitemap-au (manual capture)"
 },
 {
  "url": "https://www.mallesons.com/au/en/people/david-eliakim.html",
  "status": 200,
  "from": "sitemap-au (manual capture)"
 },
 {
  "url": "https://www.mallesons.com/au/en/people/david-ellis.html",
  "status": 200,
  "from": "sitemap-au (manual capture)"
 },
 {
  "url": "https://www.mallesons.com/au/en/people/david-friedlander.html",
  "status": 200,
  "from": "sitemap-au (manual capture)"
 },
 {
  "url": "https://www.mallesons.com/au/en/people/david-olsson.html",
  "status": 200,
  "from": "sitemap-au (manual capture)"
 },
 {
  "url": "https://www.mallesons.com/au/en/people/david-wood.html",
  "status": 200,
  "from": "sitemap-au (manual capture)"
 },
 {
  "url": "https://www.mallesons.com/au/en/people/debra-townsend.html",
  "status": 200,
  "from": "sitemap-au (manual capture)"
 },
 {
  "url": "https://www.mallesons.com/au/en/people/diana-nicholson.html",
  "status": 200,
  "from": "sitemap-au (manual capture)"
 },
 {
  "url": "https://www.mallesons.com/au/en/people/domenic-gatto.html",
  "status": 200,
  "from": "sitemap-au (manual capture)"
 },
 {
  "url": "https://www.mallesons.com/au/en/people/ebony-sinnathamby.html",
  "status": 200,
  "from": "sitemap-au (manual capture)"
 },
 {
  "url": "https://www.mallesons.com/au/en/people/eleanor-atkins.html",
  "status": 200,
  "from": "sitemap-au (manual capture)"
 },
 {
  "url": "https://www.mallesons.com/au/en/people/emily-bradley.html",
  "status": 200,
  "from": "sitemap-au (manual capture)"
 },
 {
  "url": "https://www.mallesons.com/au/en/people/emily-heffernan.html",
  "status": 200,
  "from": "sitemap-au (manual capture)"
 },
 {
  "url": "https://www.mallesons.com/au/en/people/emily-masters.html",
  "status": 200,
  "from": "sitemap-au (manual capture)"
 },
 {
  "url": "https://www.mallesons.com/au/en/people/emma-costello.html",
  "status": 200,
  "from": "sitemap-au (manual capture)"
 },
 {
  "url": "https://www.mallesons.com/au/en/people/emma-dewar.html",
  "status": 200,
  "from": "sitemap-au (manual capture)"
 },
 {
  "url": "https://www.mallesons.com/au/en/people/emma-kay.html",
  "status": 200,
  "from": "sitemap-au (manual capture)"
 },
 {
  "url": "https://www.mallesons.com/au/en/people/emma-lawrence.html",
  "status": 200,
  "from": "sitemap-au (manual capture)"
 },
 {
  "url": "https://www.mallesons.com/au/en/people/emma-newnham.html",
  "status": 200,
  "from": "sitemap-au (manual capture)"
 },
 {
  "url": "https://www.mallesons.com/au/en/people/emma-reed.html",
  "status": 200,
  "from": "sitemap-au (manual capture)"
 },
 {
  "url": "https://www.mallesons.com/au/en/people/ethan-hyde.html",
  "status": 200,
  "from": "sitemap-au (manual capture)"
 },
 {
  "url": "https://www.mallesons.com/au/en/people/felicity-savage.html",
  "status": 200,
  "from": "sitemap-au (manual capture)"
 },
 {
  "url": "https://www.mallesons.com/au/en/people/francesca-giorlando.html",
  "status": 200,
  "from": "sitemap-au (manual capture)"
 },
 {
  "url": "https://www.mallesons.com/au/en/people/gareth-howe.html",
  "status": 200,
  "from": "sitemap-au (manual capture)"
 },
 {
  "url": "https://www.mallesons.com/au/en/people/genovieve-lajeunesse.html",
  "status": 200,
  "from": "sitemap-au (manual capture)"
 },
 {
  "url": "https://www.mallesons.com/au/en/people/giacomo-giorgi.html",
  "status": 200,
  "from": "sitemap-au (manual capture)"
 },
 {
  "url": "https://www.mallesons.com/au/en/people/glenda-hanson.html",
  "status": 200,
  "from": "sitemap-au (manual capture)"
 },
 {
  "url": "https://www.mallesons.com/au/en/people/grace-evans.html",
  "status": 200,
  "from": "sitemap-au (manual capture)"
 },
 {
  "url": "https://www.mallesons.com/au/en/people/grace-lewis.html",
  "status": 200,
  "from": "sitemap-au (manual capture)"
 },
 {
  "url": "https://www.mallesons.com/au/en/people/graeme-watson.html",
  "status": 200,
  "from": "sitemap-au (manual capture)"
 },
 {
  "url": "https://www.mallesons.com/au/en/people/grayson-gay.html",
  "status": 200,
  "from": "sitemap-au (manual capture)"
 },
 {
  "url": "https://www.mallesons.com/au/en/people/greg-protektor.html",
  "status": 200,
  "from": "sitemap-au (manual capture)"
 },
 {
  "url": "https://www.mallesons.com/au/en/people/hamish-macpherson.html",
  "status": 200,
  "from": "sitemap-au (manual capture)"
 },
 {
  "url": "https://www.mallesons.com/au/en/people/hannah-luxford.html",
  "status": 200,
  "from": "sitemap-au (manual capture)"
 },
 {
  "url": "https://www.mallesons.com/au/en/people/heath-lewis.html",
  "status": 200,
  "from": "sitemap-au (manual capture)"
 },
 {
  "url": "https://www.mallesons.com/au/en/people/heather-huddleston.html",
  "status": 200,
  "from": "sitemap-au (manual capture)"
 },
 {
  "url": "https://www.mallesons.com/au/en/people/heidi-machin.html",
  "status": 200,
  "from": "sitemap-au (manual capture)"
 },
 {
  "url": "https://www.mallesons.com/au/en/people/helen-tilley.html",
  "status": 200,
  "from": "sitemap-au (manual capture)"
 },
 {
  "url": "https://www.mallesons.com/au/en/people/helena-busljeta.html",
  "status": 200,
  "from": "sitemap-au (manual capture)"
 },
 {
  "url": "https://www.mallesons.com/au/en/people/henrik-moritz.html",
  "status": 200,
  "from": "sitemap-au (manual capture)"
 },
 {
  "url": "https://www.mallesons.com/au/en/people/hilary-yeoh.html",
  "status": 200,
  "from": "sitemap-au (manual capture)"
 },
 {
  "url": "https://www.mallesons.com/au/en/people/ian-edmonds-wilson.html",
  "status": 200,
  "from": "sitemap-au (manual capture)"
 },
 {
  "url": "https://www.mallesons.com/au/en/people/ian-paterson.html",
  "status": 200,
  "from": "sitemap-au (manual capture)"
 },
 {
  "url": "https://www.mallesons.com/au/en/people/imogen-fahey.html",
  "status": 200,
  "from": "sitemap-au (manual capture)"
 },
 {
  "url": "https://www.mallesons.com/au/en/people/intan-eow.html",
  "status": 200,
  "from": "sitemap-au (manual capture)"
 },
 {
  "url": "https://www.mallesons.com/au/en/people/irma-glinac.html",
  "status": 200,
  "from": "sitemap-au (manual capture)"
 },
 {
  "url": "https://www.mallesons.com/au/en/people/isabel-waters.html",
  "status": 200,
  "from": "sitemap-au (manual capture)"
 },
 {
  "url": "https://www.mallesons.com/au/en/people/jack-anderson.html",
  "status": 200,
  "from": "sitemap-au (manual capture)"
 },
 {
  "url": "https://www.mallesons.com/au/en/people/jack-hill.html",
  "status": 200,
  "from": "sitemap-au (manual capture)"
 },
 {
  "url": "https://www.mallesons.com/au/en/people/jacob-carmody.html",
  "status": 200,
  "from": "sitemap-au (manual capture)"
 },
 {
  "url": "https://www.mallesons.com/au/en/people/jacob-flynn.html",
  "status": 200,
  "from": "sitemap-au (manual capture)"
 },
 {
  "url": "https://www.mallesons.com/au/en/people/jade-saunders.html",
  "status": 200,
  "from": "sitemap-au (manual capture)"
 },
 {
  "url": "https://www.mallesons.com/au/en/people/james-cain.html",
  "status": 200,
  "from": "sitemap-au (manual capture)"
 },
 {
  "url": "https://www.mallesons.com/au/en/people/james-gould.html",
  "status": 200,
  "from": "sitemap-au (manual capture)"
 },
 {
  "url": "https://www.mallesons.com/au/en/people/james-keeves.html",
  "status": 200,
  "from": "sitemap-au (manual capture)"
 },
 {
  "url": "https://www.mallesons.com/au/en/people/james-russell.html",
  "status": 200,
  "from": "sitemap-au (manual capture)"
 },
 {
  "url": "https://www.mallesons.com/au/en/people/james-semit.html",
  "status": 200,
  "from": "sitemap-au (manual capture)"
 },
 {
  "url": "https://www.mallesons.com/au/en/people/james-wang.html",
  "status": 200,
  "from": "sitemap-au (manual capture)"
 },
 {
  "url": "https://www.mallesons.com/au/en/people/jane-hider.html",
  "status": 200,
  "from": "sitemap-au (manual capture)"
 },
 {
  "url": "https://www.mallesons.com/au/en/people/jane-ma.html",
  "status": 200,
  "from": "sitemap-au (manual capture)"
 },
 {
  "url": "https://www.mallesons.com/au/en/people/jared-nickig.html",
  "status": 200,
  "from": "sitemap-au (manual capture)"
 },
 {
  "url": "https://www.mallesons.com/au/en/people/jasmine-forde.html",
  "status": 200,
  "from": "sitemap-au (manual capture)"
 },
 {
  "url": "https://www.mallesons.com/au/en/people/jason-barnes.html",
  "status": 200,
  "from": "sitemap-au (manual capture)"
 },
 {
  "url": "https://www.mallesons.com/au/en/people/jason-watts.html",
  "status": 200,
  "from": "sitemap-au (manual capture)"
 },
 {
  "url": "https://www.mallesons.com/au/en/people/jedda-bamford.html",
  "status": 200,
  "from": "sitemap-au (manual capture)"
 },
 {
  "url": "https://www.mallesons.com/au/en/people/jeff-clark.html",
  "status": 200,
  "from": "sitemap-au (manual capture)"
 },
 {
  "url": "https://www.mallesons.com/au/en/people/jena-dobie.html",
  "status": 200,
  "from": "sitemap-au (manual capture)"
 },
 {
  "url": "https://www.mallesons.com/au/en/people/jennifer-barron.html",
  "status": 200,
  "from": "sitemap-au (manual capture)"
 },
 {
  "url": "https://www.mallesons.com/au/en/people/jennifer-bell.html",
  "status": 200,
  "from": "sitemap-au (manual capture)"
 },
 {
  "url": "https://www.mallesons.com/au/en/people/jennifer-cheung.html",
  "status": 200,
  "from": "sitemap-au (manual capture)"
 },
 {
  "url": "https://www.mallesons.com/au/en/people/jeremy-yam.html",
  "status": 200,
  "from": "sitemap-au (manual capture)"
 },
 {
  "url": "https://www.mallesons.com/au/en/people/jerome-tse.html",
  "status": 200,
  "from": "sitemap-au (manual capture)"
 },
 {
  "url": "https://www.mallesons.com/au/en/people/jesse-jin.html",
  "status": 200,
  "from": "sitemap-au (manual capture)"
 },
 {
  "url": "https://www.mallesons.com/au/en/people/jessica-bristol.html",
  "status": 200,
  "from": "sitemap-au (manual capture)"
 },
 {
  "url": "https://www.mallesons.com/au/en/people/jessica-kruger.html",
  "status": 200,
  "from": "sitemap-au (manual capture)"
 },
 {
  "url": "https://www.mallesons.com/au/en/people/jessica-wallis.html",
  "status": 200,
  "from": "sitemap-au (manual capture)"
 },
 {
  "url": "https://www.mallesons.com/au/en/people/jessica-zuiderwijk.html",
  "status": 200,
  "from": "sitemap-au (manual capture)"
 },
 {
  "url": "https://www.mallesons.com/au/en/people/jie-zhang.html",
  "status": 200,
  "from": "sitemap-au (manual capture)"
 },
 {
  "url": "https://www.mallesons.com/au/en/people/jim-boynton.html",
  "status": 200,
  "from": "sitemap-au (manual capture)"
 },
 {
  "url": "https://www.mallesons.com/au/en/people/jim-zovaro.html",
  "status": 200,
  "from": "sitemap-au (manual capture)"
 },
 {
  "url": "https://www.mallesons.com/au/en/people/jo-crew.html",
  "status": 200,
  "from": "sitemap-au (manual capture)"
 },
 {
  "url": "https://www.mallesons.com/au/en/people/joanna-kramer.html",
  "status": 200,
  "from": "sitemap-au (manual capture)"
 },
 {
  "url": "https://www.mallesons.com/au/en/people/joanne-langford.html",
  "status": 200,
  "from": "sitemap-au (manual capture)"
 },
 {
  "url": "https://www.mallesons.com/au/en/people/joe-ko.html",
  "status": 200,
  "from": "sitemap-au (manual capture)"
 },
 {
  "url": "https://www.mallesons.com/au/en/people/joe-mcquillen.html",
  "status": 200,
  "from": "sitemap-au (manual capture)"
 },
 {
  "url": "https://www.mallesons.com/au/en/people/joe-saunders.html",
  "status": 200,
  "from": "sitemap-au (manual capture)"
 },
 {
  "url": "https://www.mallesons.com/au/en/people/john-sullivan.html",
  "status": 200,
  "from": "sitemap-au (manual capture)"
 },
 {
  "url": "https://www.mallesons.com/au/en/people/john-tuck.html",
  "status": 200,
  "from": "sitemap-au (manual capture)"
 },
 {
  "url": "https://www.mallesons.com/au/en/people/jonathan-fulcher.html",
  "status": 200,
  "from": "sitemap-au (manual capture)"
 },
 {
  "url": "https://www.mallesons.com/au/en/people/jonathan-grant.html",
  "status": 200,
  "from": "sitemap-au (manual capture)"
 },
 {
  "url": "https://www.mallesons.com/au/en/people/jonathan-oldham.html",
  "status": 200,
  "from": "sitemap-au (manual capture)"
 },
 {
  "url": "https://www.mallesons.com/au/en/people/jonathon-mifsud.html",
  "status": 200,
  "from": "sitemap-au (manual capture)"
 },
 {
  "url": "https://www.mallesons.com/au/en/people/joseph-muraca.html",
  "status": 200,
  "from": "sitemap-au (manual capture)"
 },
 {
  "url": "https://www.mallesons.com/au/en/people/josh-thorneycroft.html",
  "status": 200,
  "from": "sitemap-au (manual capture)"
 },
 {
  "url": "https://www.mallesons.com/au/en/people/judith-taylor.html",
  "status": 200,
  "from": "sitemap-au (manual capture)"
 },
 {
  "url": "https://www.mallesons.com/au/en/people/julian-bolger.html",
  "status": 200,
  "from": "sitemap-au (manual capture)"
 },
 {
  "url": "https://www.mallesons.com/au/en/people/juliana-jorissen.html",
  "status": 200,
  "from": "sitemap-au (manual capture)"
 },
 {
  "url": "https://www.mallesons.com/au/en/people/justin-cherrington.html",
  "status": 200,
  "from": "sitemap-au (manual capture)"
 },
 {
  "url": "https://www.mallesons.com/au/en/people/justin-rossetto.html",
  "status": 200,
  "from": "sitemap-au (manual capture)"
 },
 {
  "url": "https://www.mallesons.com/au/en/people/kai-chen-lamb.html",
  "status": 200,
  "from": "sitemap-au (manual capture)"
 },
 {
  "url": "https://www.mallesons.com/au/en/people/kai-nash.html",
  "status": 200,
  "from": "sitemap-au (manual capture)"
 },
 {
  "url": "https://www.mallesons.com/au/en/people/karen-litherland.html",
  "status": 200,
  "from": "sitemap-au (manual capture)"
 },
 {
  "url": "https://www.mallesons.com/au/en/people/karim-issa.html",
  "status": 200,
  "from": "sitemap-au (manual capture)"
 },
 {
  "url": "https://www.mallesons.com/au/en/people/karmen-gallegos.html",
  "status": 200,
  "from": "sitemap-au (manual capture)"
 },
 {
  "url": "https://www.mallesons.com/au/en/people/kate-creighton-selvay.html",
  "status": 200,
  "from": "sitemap-au (manual capture)"
 },
 {
  "url": "https://www.mallesons.com/au/en/people/kate-dean.html",
  "status": 200,
  "from": "sitemap-au (manual capture)"
 },
 {
  "url": "https://www.mallesons.com/au/en/people/kate-dundon.html",
  "status": 200,
  "from": "sitemap-au (manual capture)"
 },
 {
  "url": "https://www.mallesons.com/au/en/people/kate-hay.html",
  "status": 200,
  "from": "sitemap-au (manual capture)"
 },
 {
  "url": "https://www.mallesons.com/au/en/people/kate-jackson-maynes.html",
  "status": 200,
  "from": "sitemap-au (manual capture)"
 },
 {
  "url": "https://www.mallesons.com/au/en/people/kate-montano.html",
  "status": 200,
  "from": "sitemap-au (manual capture)"
 },
 {
  "url": "https://www.mallesons.com/au/en/people/katherine-forrest.html",
  "status": 200,
  "from": "sitemap-au (manual capture)"
 },
 {
  "url": "https://www.mallesons.com/au/en/people/katherine-vines.html",
  "status": 200,
  "from": "sitemap-au (manual capture)"
 },
 {
  "url": "https://www.mallesons.com/au/en/people/kathryn-tomasic.html",
  "status": 200,
  "from": "sitemap-au (manual capture)"
 },
 {
  "url": "https://www.mallesons.com/au/en/people/katrina-matthews.html",
  "status": 200,
  "from": "sitemap-au (manual capture)"
 },
 {
  "url": "https://www.mallesons.com/au/en/people/katrina-parkyn.html",
  "status": 200,
  "from": "sitemap-au (manual capture)"
 },
 {
  "url": "https://www.mallesons.com/au/en/people/ken-astridge.html",
  "status": 200,
  "from": "sitemap-au (manual capture)"
 },
 {
  "url": "https://www.mallesons.com/au/en/people/kendall-mutton.html",
  "status": 200,
  "from": "sitemap-au (manual capture)"
 },
 {
  "url": "https://www.mallesons.com/au/en/people/kendra-fouracre.html",
  "status": 200,
  "from": "sitemap-au (manual capture)"
 },
 {
  "url": "https://www.mallesons.com/au/en/people/kerryn-underwood.html",
  "status": 200,
  "from": "sitemap-au (manual capture)"
 },
 {
  "url": "https://www.mallesons.com/au/en/people/kirsten-bowe.html",
  "status": 200,
  "from": "sitemap-au (manual capture)"
 },
 {
  "url": "https://www.mallesons.com/au/en/people/kirsty-faichen.html",
  "status": 200,
  "from": "sitemap-au (manual capture)"
 },
 {
  "url": "https://www.mallesons.com/au/en/people/kosta-pasialis.html",
  "status": 200,
  "from": "sitemap-au (manual capture)"
 },
 {
  "url": "https://www.mallesons.com/au/en/people/larissa-buriak.html",
  "status": 200,
  "from": "sitemap-au (manual capture)"
 },
 {
  "url": "https://www.mallesons.com/au/en/people/lauren-bourke.html",
  "status": 200,
  "from": "sitemap-au (manual capture)"
 },
 {
  "url": "https://www.mallesons.com/au/en/people/lauren-cooper.html",
  "status": 200,
  "from": "sitemap-au (manual capture)"
 },
 {
  "url": "https://www.mallesons.com/au/en/people/lauren-dambrosio.html",
  "status": 200,
  "from": "sitemap-au (manual capture)"
 },
 {
  "url": "https://www.mallesons.com/au/en/people/lauren-meyers-young.html",
  "status": 200,
  "from": "sitemap-au (manual capture)"
 },
 {
  "url": "https://www.mallesons.com/au/en/people/leon-batchelor.html",
  "status": 200,
  "from": "sitemap-au (manual capture)"
 },
 {
  "url": "https://www.mallesons.com/au/en/people/liam-burgess.html",
  "status": 200,
  "from": "sitemap-au (manual capture)"
 },
 {
  "url": "https://www.mallesons.com/au/en/people/lilian-tay.html",
  "status": 200,
  "from": "sitemap-au (manual capture)"
 },
 {
  "url": "https://www.mallesons.com/au/en/people/liqing-mao.html",
  "status": 200,
  "from": "sitemap-au (manual capture)"
 },
 {
  "url": "https://www.mallesons.com/au/en/people/lisa-huett.html",
  "status": 200,
  "from": "sitemap-au (manual capture)"
 },
 {
  "url": "https://www.mallesons.com/au/en/people/lizzie-knight.html",
  "status": 200,
  "from": "sitemap-au (manual capture)"
 },
 {
  "url": "https://www.mallesons.com/au/en/people/lorenzo-pacitti.html",
  "status": 200,
  "from": "sitemap-au (manual capture)"
 },
 {
  "url": "https://www.mallesons.com/au/en/people/lucius-moser.html",
  "status": 200,
  "from": "sitemap-au (manual capture)"
 },
 {
  "url": "https://www.mallesons.com/au/en/people/luke-hawthorne.html",
  "status": 200,
  "from": "sitemap-au (manual capture)"
 },
 {
  "url": "https://www.mallesons.com/au/en/people/luke-pallaras.html",
  "status": 200,
  "from": "sitemap-au (manual capture)"
 },
 {
  "url": "https://www.mallesons.com/au/en/people/luke-salem.html",
  "status": 200,
  "from": "sitemap-au (manual capture)"
 },
 {
  "url": "https://www.mallesons.com/au/en/people/madeleine-coates.html",
  "status": 200,
  "from": "sitemap-au (manual capture)"
 },
 {
  "url": "https://www.mallesons.com/au/en/people/madeleine-sidgreaves.html",
  "status": 200,
  "from": "sitemap-au (manual capture)"
 },
 {
  "url": "https://www.mallesons.com/au/en/people/maggie-chan.html",
  "status": 200,
  "from": "sitemap-au (manual capture)"
 },
 {
  "url": "https://www.mallesons.com/au/en/people/malcolm-brennan.html",
  "status": 200,
  "from": "sitemap-au (manual capture)"
 },
 {
  "url": "https://www.mallesons.com/au/en/people/mandy-loftus.html",
  "status": 200,
  "from": "sitemap-au (manual capture)"
 },
 {
  "url": "https://www.mallesons.com/au/en/people/mandy-tsang.html",
  "status": 200,
  "from": "sitemap-au (manual capture)"
 },
 {
  "url": "https://www.mallesons.com/au/en/people/marc-mccaughey.html",
  "status": 200,
  "from": "sitemap-au (manual capture)"
 },
 {
  "url": "https://www.mallesons.com/au/en/people/marcus-wettenhall.html",
  "status": 200,
  "from": "sitemap-au (manual capture)"
 },
 {
  "url": "https://www.mallesons.com/au/en/people/marissa-dreher.html",
  "status": 200,
  "from": "sitemap-au (manual capture)"
 },
 {
  "url": "https://www.mallesons.com/au/en/people/mark-bayliss.html",
  "status": 200,
  "from": "sitemap-au (manual capture)"
 },
 {
  "url": "https://www.mallesons.com/au/en/people/mark-beaufoy.html",
  "status": 200,
  "from": "sitemap-au (manual capture)"
 },
 {
  "url": "https://www.mallesons.com/au/en/people/mark-mcfarlane.html",
  "status": 200,
  "from": "sitemap-au (manual capture)"
 },
 {
  "url": "https://www.mallesons.com/au/en/people/mark-mcnamara.html",
  "status": 200,
  "from": "sitemap-au (manual capture)"
 },
 {
  "url": "https://www.mallesons.com/au/en/people/mark-upfold.html",
  "status": 200,
  "from": "sitemap-au (manual capture)"
 },
 {
  "url": "https://www.mallesons.com/au/en/people/mark-vanderneut.html",
  "status": 200,
  "from": "sitemap-au (manual capture)"
 },
 {
  "url": "https://www.mallesons.com/au/en/people/martin-rustam.html",
  "status": 200,
  "from": "sitemap-au (manual capture)"
 },
 {
  "url": "https://www.mallesons.com/au/en/people/mason-zhang.html",
  "status": 200,
  "from": "sitemap-au (manual capture)"
 },
 {
  "url": "https://www.mallesons.com/au/en/people/matt-mckeown.html",
  "status": 200,
  "from": "sitemap-au (manual capture)"
 },
 {
  "url": "https://www.mallesons.com/au/en/people/matthew-austin.html",
  "status": 200,
  "from": "sitemap-au (manual capture)"
 },
 {
  "url": "https://www.mallesons.com/au/en/people/matthew-bennet.html",
  "status": 200,
  "from": "sitemap-au (manual capture)"
 },
 {
  "url": "https://www.mallesons.com/au/en/people/matthew-carr.html",
  "status": 200,
  "from": "sitemap-au (manual capture)"
 },
 {
  "url": "https://www.mallesons.com/au/en/people/matthew-coull.html",
  "status": 200,
  "from": "sitemap-au (manual capture)"
 },
 {
  "url": "https://www.mallesons.com/au/en/people/matthew-swinn.html",
  "status": 200,
  "from": "sitemap-au (manual capture)"
 },
 {
  "url": "https://www.mallesons.com/au/en/people/max-allan.html",
  "status": 200,
  "from": "sitemap-au (manual capture)"
 },
 {
  "url": "https://www.mallesons.com/au/en/people/max-cash.html",
  "status": 200,
  "from": "sitemap-au (manual capture)"
 },
 {
  "url": "https://www.mallesons.com/au/en/people/melanie-shaw.html",
  "status": 200,
  "from": "sitemap-au (manual capture)"
 },
 {
  "url": "https://www.mallesons.com/au/en/people/meredith-paynter.html",
  "status": 200,
  "from": "sitemap-au (manual capture)"
 },
 {
  "url": "https://www.mallesons.com/au/en/people/michael-causer.html",
  "status": 200,
  "from": "sitemap-au (manual capture)"
 },
 {
  "url": "https://www.mallesons.com/au/en/people/michael-clough.html",
  "status": 200,
  "from": "sitemap-au (manual capture)"
 },
 {
  "url": "https://www.mallesons.com/au/en/people/michael-evans.html",
  "status": 200,
  "from": "sitemap-au (manual capture)"
 },
 {
  "url": "https://www.mallesons.com/au/en/people/michael-lawson.html",
  "status": 200,
  "from": "sitemap-au (manual capture)"
 },
 {
  "url": "https://www.mallesons.com/au/en/people/michael-perez.html",
  "status": 200,
  "from": "sitemap-au (manual capture)"
 },
 {
  "url": "https://www.mallesons.com/au/en/people/michael-swinson.html",
  "status": 200,
  "from": "sitemap-au (manual capture)"
 },
 {
  "url": "https://www.mallesons.com/au/en/people/michelle-astridge.html",
  "status": 200,
  "from": "sitemap-au (manual capture)"
 },
 {
  "url": "https://www.mallesons.com/au/en/people/michelle-mahoney.html",
  "status": 200,
  "from": "sitemap-au (manual capture)"
 },
 {
  "url": "https://www.mallesons.com/au/en/people/mikkeli-godfree.html",
  "status": 200,
  "from": "sitemap-au (manual capture)"
 },
 {
  "url": "https://www.mallesons.com/au/en/people/minoshi-de-silva.html",
  "status": 200,
  "from": "sitemap-au (manual capture)"
 },
 {
  "url": "https://www.mallesons.com/au/en/people/mitchell-fairbairn.html",
  "status": 200,
  "from": "sitemap-au (manual capture)"
 },
 {
  "url": "https://www.mallesons.com/au/en/people/moira-saville.html",
  "status": 200,
  "from": "sitemap-au (manual capture)"
 },
 {
  "url": "https://www.mallesons.com/au/en/people/molly-oneill.html",
  "status": 200,
  "from": "sitemap-au (manual capture)"
 },
 {
  "url": "https://www.mallesons.com/au/en/people/naomi-synnott.html",
  "status": 200,
  "from": "sitemap-au (manual capture)"
 },
 {
  "url": "https://www.mallesons.com/au/en/people/natalie-halpern.html",
  "status": 200,
  "from": "sitemap-au (manual capture)"
 },
 {
  "url": "https://www.mallesons.com/au/en/people/natalie-stianos.html",
  "status": 200,
  "from": "sitemap-au (manual capture)"
 },
 {
  "url": "https://www.mallesons.com/au/en/people/natalie-tatasciore.html",
  "status": 200,
  "from": "sitemap-au (manual capture)"
 },
 {
  "url": "https://www.mallesons.com/au/en/people/nathan-collins.html",
  "status": 200,
  "from": "sitemap-au (manual capture)"
 },
 {
  "url": "https://www.mallesons.com/au/en/people/nathan-hodge.html",
  "status": 200,
  "from": "sitemap-au (manual capture)"
 },
 {
  "url": "https://www.mallesons.com/au/en/people/neil-carabine.html",
  "status": 200,
  "from": "sitemap-au (manual capture)"
 },
 {
  "url": "https://www.mallesons.com/au/en/people/nelda-turnbull.html",
  "status": 200,
  "from": "sitemap-au (manual capture)"
 },
 {
  "url": "https://www.mallesons.com/au/en/people/nicholas-camac.html",
  "status": 200,
  "from": "sitemap-au (manual capture)"
 },
 {
  "url": "https://www.mallesons.com/au/en/people/nicholas-pappas.html",
  "status": 200,
  "from": "sitemap-au (manual capture)"
 },
 {
  "url": "https://www.mallesons.com/au/en/people/nicky-shanks.html",
  "status": 200,
  "from": "sitemap-au (manual capture)"
 },
 {
  "url": "https://www.mallesons.com/au/en/people/nicola-charlston.html",
  "status": 200,
  "from": "sitemap-au (manual capture)"
 },
 {
  "url": "https://www.mallesons.com/au/en/people/nicola-moldrich.html",
  "status": 200,
  "from": "sitemap-au (manual capture)"
 },
 {
  "url": "https://www.mallesons.com/au/en/people/nicola-pearl.html",
  "status": 200,
  "from": "sitemap-au (manual capture)"
 },
 {
  "url": "https://www.mallesons.com/au/en/people/nicole-heller.html",
  "status": 200,
  "from": "sitemap-au (manual capture)"
 },
 {
  "url": "https://www.mallesons.com/au/en/people/nicole-morris.html",
  "status": 200,
  "from": "sitemap-au (manual capture)"
 },
 {
  "url": "https://www.mallesons.com/au/en/people/nicole-wieringa.html",
  "status": 200,
  "from": "sitemap-au (manual capture)"
 },
 {
  "url": "https://www.mallesons.com/au/en/people/nigel-hunt.html",
  "status": 200,
  "from": "sitemap-au (manual capture)"
 },
 {
  "url": "https://www.mallesons.com/au/en/people/niro-ananda.html",
  "status": 200,
  "from": "sitemap-au (manual capture)"
 },
 {
  "url": "https://www.mallesons.com/au/en/people/nishant-khanna.html",
  "status": 200,
  "from": "sitemap-au (manual capture)"
 },
 {
  "url": "https://www.mallesons.com/au/en/people/nita-alexander.html",
  "status": 200,
  "from": "sitemap-au (manual capture)"
 },
 {
  "url": "https://www.mallesons.com/au/en/people/olivia-doray.html",
  "status": 200,
  "from": "sitemap-au (manual capture)"
 },
 {
  "url": "https://www.mallesons.com/au/en/people/patrick-atkinson.html",
  "status": 200,
  "from": "sitemap-au (manual capture)"
 },
 {
  "url": "https://www.mallesons.com/au/en/people/paul-burns.html",
  "status": 200,
  "from": "sitemap-au (manual capture)"
 },
 {
  "url": "https://www.mallesons.com/au/en/people/paul-crawford.html",
  "status": 200,
  "from": "sitemap-au (manual capture)"
 },
 {
  "url": "https://www.mallesons.com/au/en/people/paul-mcbride.html",
  "status": 200,
  "from": "sitemap-au (manual capture)"
 },
 {
  "url": "https://www.mallesons.com/au/en/people/paul-propper.html",
  "status": 200,
  "from": "sitemap-au (manual capture)"
 },
 {
  "url": "https://www.mallesons.com/au/en/people/paul-schroder.html",
  "status": 200,
  "from": "sitemap-au (manual capture)"
 },
 {
  "url": "https://www.mallesons.com/au/en/people/paula-mucha.html",
  "status": 200,
  "from": "sitemap-au (manual capture)"
 },
 {
  "url": "https://www.mallesons.com/au/en/people/peixin-truong.html",
  "status": 200,
  "from": "sitemap-au (manual capture)"
 },
 {
  "url": "https://www.mallesons.com/au/en/people/peta-stevenson.html",
  "status": 200,
  "from": "sitemap-au (manual capture)"
 },
 {
  "url": "https://www.mallesons.com/au/en/people/pete-arnold.html",
  "status": 200,
  "from": "sitemap-au (manual capture)"
 },
 {
  "url": "https://www.mallesons.com/au/en/people/peter-baker.html",
  "status": 200,
  "from": "sitemap-au (manual capture)"
 },
 {
  "url": "https://www.mallesons.com/au/en/people/peter-scott.html",
  "status": 200,
  "from": "sitemap-au (manual capture)"
 },
 {
  "url": "https://www.mallesons.com/au/en/people/peter-stirling.html",
  "status": 200,
  "from": "sitemap-au (manual capture)"
 },
 {
  "url": "https://www.mallesons.com/au/en/people/peter-stockdale.html",
  "status": 200,
  "from": "sitemap-au (manual capture)"
 },
 {
  "url": "https://www.mallesons.com/au/en/people/peter-vaughan.html",
  "status": 200,
  "from": "sitemap-au (manual capture)"
 },
 {
  "url": "https://www.mallesons.com/au/en/people/peter-yeldham.html",
  "status": 200,
  "from": "sitemap-au (manual capture)"
 },
 {
  "url": "https://www.mallesons.com/au/en/people/philip-harvey.html",
  "status": 200,
  "from": "sitemap-au (manual capture)"
 },
 {
  "url": "https://www.mallesons.com/au/en/people/philip-pan.html",
  "status": 200,
  "from": "sitemap-au (manual capture)"
 },
 {
  "url": "https://www.mallesons.com/au/en/people/philip-willox.html",
  "status": 200,
  "from": "sitemap-au (manual capture)"
 },
 {
  "url": "https://www.mallesons.com/au/en/people/prudence-adcock.html",
  "status": 200,
  "from": "sitemap-au (manual capture)"
 },
 {
  "url": "https://www.mallesons.com/au/en/people/quintin-du-plessis.html",
  "status": 200,
  "from": "sitemap-au (manual capture)"
 },
 {
  "url": "https://www.mallesons.com/au/en/people/rachael-lewis.html",
  "status": 200,
  "from": "sitemap-au (manual capture)"
 },
 {
  "url": "https://www.mallesons.com/au/en/people/rachel-spain.html",
  "status": 200,
  "from": "sitemap-au (manual capture)"
 },
 {
  "url": "https://www.mallesons.com/au/en/people/raki-srikantha.html",
  "status": 200,
  "from": "sitemap-au (manual capture)"
 },
 {
  "url": "https://www.mallesons.com/au/en/people/rebecca-finkelstein.html",
  "status": 200,
  "from": "sitemap-au (manual capture)"
 },
 {
  "url": "https://www.mallesons.com/au/en/people/rebecca-petrie.html",
  "status": 200,
  "from": "sitemap-au (manual capture)"
 },
 {
  "url": "https://www.mallesons.com/au/en/people/rebecca-slater.html",
  "status": 200,
  "from": "sitemap-au (manual capture)"
 },
 {
  "url": "https://www.mallesons.com/au/en/people/rebecca-smith.html",
  "status": 200,
  "from": "sitemap-au (manual capture)"
 },
 {
  "url": "https://www.mallesons.com/au/en/people/rebekha-pattison.html",
  "status": 200,
  "from": "sitemap-au (manual capture)"
 },
 {
  "url": "https://www.mallesons.com/au/en/people/renae-lattey.html",
  "status": 200,
  "from": "sitemap-au (manual capture)"
 },
 {
  "url": "https://www.mallesons.com/au/en/people/rhys-casey.html",
  "status": 200,
  "from": "sitemap-au (manual capture)"
 },
 {
  "url": "https://www.mallesons.com/au/en/people/richard-shi.html",
  "status": 200,
  "from": "sitemap-au (manual capture)"
 },
 {
  "url": "https://www.mallesons.com/au/en/people/richard-snowden.html",
  "status": 200,
  "from": "sitemap-au (manual capture)"
 },
 {
  "url": "https://www.mallesons.com/au/en/people/riki-kahukiwa.html",
  "status": 200,
  "from": "sitemap-au (manual capture)"
 },
 {
  "url": "https://www.mallesons.com/au/en/people/riley-ingham.html",
  "status": 200,
  "from": "sitemap-au (manual capture)"
 },
 {
  "url": "https://www.mallesons.com/au/en/people/rob-vienet.html",
  "status": 200,
  "from": "sitemap-au (manual capture)"
 },
 {
  "url": "https://www.mallesons.com/au/en/people/robert-jackson.html",
  "status": 200,
  "from": "sitemap-au (manual capture)"
 },
 {
  "url": "https://www.mallesons.com/au/en/people/robert-kelly.html",
  "status": 200,
  "from": "sitemap-au (manual capture)"
 },
 {
  "url": "https://www.mallesons.com/au/en/people/roderick-smythe.html",
  "status": 200,
  "from": "sitemap-au (manual capture)"
 },
 {
  "url": "https://www.mallesons.com/au/en/people/roger-davies.html",
  "status": 200,
  "from": "sitemap-au (manual capture)"
 },
 {
  "url": "https://www.mallesons.com/au/en/people/rohan-mcphee.html",
  "status": 200,
  "from": "sitemap-au (manual capture)"
 },
 {
  "url": "https://www.mallesons.com/au/en/people/rouzbeh-ansari.html",
  "status": 200,
  "from": "sitemap-au (manual capture)"
 },
 {
  "url": "https://www.mallesons.com/au/en/people/ruth-rosedale.html",
  "status": 200,
  "from": "sitemap-au (manual capture)"
 },
 {
  "url": "https://www.mallesons.com/au/en/people/sally-audeyev.html",
  "status": 200,
  "from": "sitemap-au (manual capture)"
 },
 {
  "url": "https://www.mallesons.com/au/en/people/sam-bagnall.html",
  "status": 200,
  "from": "sitemap-au (manual capture)"
 },
 {
  "url": "https://www.mallesons.com/au/en/people/sam-dundas.html",
  "status": 200,
  "from": "sitemap-au (manual capture)"
 },
 {
  "url": "https://www.mallesons.com/au/en/people/sam-farrell.html",
  "status": 200,
  "from": "sitemap-au (manual capture)"
 },
 {
  "url": "https://www.mallesons.com/au/en/people/samantha-kinsey.html",
  "status": 200,
  "from": "sitemap-au (manual capture)"
 },
 {
  "url": "https://www.mallesons.com/au/en/people/sarah-clarke.html",
  "status": 200,
  "from": "sitemap-au (manual capture)"
 },
 {
  "url": "https://www.mallesons.com/au/en/people/sarah-frost.html",
  "status": 200,
  "from": "sitemap-au (manual capture)"
 },
 {
  "url": "https://www.mallesons.com/au/en/people/sarah-mitchell.html",
  "status": 200,
  "from": "sitemap-au (manual capture)"
 },
 {
  "url": "https://www.mallesons.com/au/en/people/sarah-shaw.html",
  "status": 200,
  "from": "sitemap-au (manual capture)"
 },
 {
  "url": "https://www.mallesons.com/au/en/people/sarah-silk.html",
  "status": 200,
  "from": "sitemap-au (manual capture)"
 },
 {
  "url": "https://www.mallesons.com/au/en/people/sarah-yu.html",
  "status": 200,
  "from": "sitemap-au (manual capture)"
 },
 {
  "url": "https://www.mallesons.com/au/en/people/sati-nagra.html",
  "status": 200,
  "from": "sitemap-au (manual capture)"
 },
 {
  "url": "https://www.mallesons.com/au/en/people/scott-bouvier.html",
  "status": 200,
  "from": "sitemap-au (manual capture)"
 },
 {
  "url": "https://www.mallesons.com/au/en/people/scott-budd.html",
  "status": 200,
  "from": "sitemap-au (manual capture)"
 },
 {
  "url": "https://www.mallesons.com/au/en/people/scott-farrell.html",
  "status": 200,
  "from": "sitemap-au (manual capture)"
 },
 {
  "url": "https://www.mallesons.com/au/en/people/scott-heezen.html",
  "status": 200,
  "from": "sitemap-au (manual capture)"
 },
 {
  "url": "https://www.mallesons.com/au/en/people/scott-langford.html",
  "status": 200,
  "from": "sitemap-au (manual capture)"
 },
 {
  "url": "https://www.mallesons.com/au/en/people/scott-singleton.html",
  "status": 200,
  "from": "sitemap-au (manual capture)"
 },
 {
  "url": "https://www.mallesons.com/au/en/people/scott-watson.html",
  "status": 200,
  "from": "sitemap-au (manual capture)"
 },
 {
  "url": "https://www.mallesons.com/au/en/people/selena-liu.html",
  "status": 200,
  "from": "sitemap-au (manual capture)"
 },
 {
  "url": "https://www.mallesons.com/au/en/people/shannon-etwell.html",
  "status": 200,
  "from": "sitemap-au (manual capture)"
 },
 {
  "url": "https://www.mallesons.com/au/en/people/shannon-hatheier.html",
  "status": 200,
  "from": "sitemap-au (manual capture)"
 },
 {
  "url": "https://www.mallesons.com/au/en/people/sharon-travers.html",
  "status": 200,
  "from": "sitemap-au (manual capture)"
 },
 {
  "url": "https://www.mallesons.com/au/en/people/shea-wilding.html",
  "status": 200,
  "from": "sitemap-au (manual capture)"
 },
 {
  "url": "https://www.mallesons.com/au/en/people/shirley-cheng.html",
  "status": 200,
  "from": "sitemap-au (manual capture)"
 },
 {
  "url": "https://www.mallesons.com/au/en/people/shubho-mukherjee.html",
  "status": 200,
  "from": "sitemap-au (manual capture)"
 },
 {
  "url": "https://www.mallesons.com/au/en/people/simon-cooke.html",
  "status": 200,
  "from": "sitemap-au (manual capture)"
 },
 {
  "url": "https://www.mallesons.com/au/en/people/simone-menz.html",
  "status": 200,
  "from": "sitemap-au (manual capture)"
 },
 {
  "url": "https://www.mallesons.com/au/en/people/simonne-einfeld.html",
  "status": 200,
  "from": "sitemap-au (manual capture)"
 },
 {
  "url": "https://www.mallesons.com/au/en/people/sophie-orton.html",
  "status": 200,
  "from": "sitemap-au (manual capture)"
 },
 {
  "url": "https://www.mallesons.com/au/en/people/stephanie-coelho.html",
  "status": 200,
  "from": "sitemap-au (manual capture)"
 },
 {
  "url": "https://www.mallesons.com/au/en/people/stephanie-puris.html",
  "status": 200,
  "from": "sitemap-au (manual capture)"
 },
 {
  "url": "https://www.mallesons.com/au/en/people/stephen-dodd.html",
  "status": 200,
  "from": "sitemap-au (manual capture)"
 },
 {
  "url": "https://www.mallesons.com/au/en/people/stephen-jaggers.html",
  "status": 200,
  "from": "sitemap-au (manual capture)"
 },
 {
  "url": "https://www.mallesons.com/au/en/people/stephen-mason.html",
  "status": 200,
  "from": "sitemap-au (manual capture)"
 },
 {
  "url": "https://www.mallesons.com/au/en/people/stephen-minns.html",
  "status": 200,
  "from": "sitemap-au (manual capture)"
 },
 {
  "url": "https://www.mallesons.com/au/en/people/stephen-neenan.html",
  "status": 200,
  "from": "sitemap-au (manual capture)"
 },
 {
  "url": "https://www.mallesons.com/au/en/people/stephen-sharpe.html",
  "status": 200,
  "from": "sitemap-au (manual capture)"
 },
 {
  "url": "https://www.mallesons.com/au/en/people/steve-swan.html",
  "status": 200,
  "from": "sitemap-au (manual capture)"
 },
 {
  "url": "https://www.mallesons.com/au/en/people/stuart-alexander.html",
  "status": 200,
  "from": "sitemap-au (manual capture)"
 },
 {
  "url": "https://www.mallesons.com/au/en/people/sujen-nathan.html",
  "status": 200,
  "from": "sitemap-au (manual capture)"
 },
 {
  "url": "https://www.mallesons.com/au/en/people/suzy-madar.html",
  "status": 200,
  "from": "sitemap-au (manual capture)"
 },
 {
  "url": "https://www.mallesons.com/au/en/people/sylvester-urban.html",
  "status": 200,
  "from": "sitemap-au (manual capture)"
 },
 {
  "url": "https://www.mallesons.com/au/en/people/tamara-hunter.html",
  "status": 200,
  "from": "sitemap-au (manual capture)"
 },
 {
  "url": "https://www.mallesons.com/au/en/people/tiffany-ha.html",
  "status": 200,
  "from": "sitemap-au (manual capture)"
 },
 {
  "url": "https://www.mallesons.com/au/en/people/tim-bednall.html",
  "status": 200,
  "from": "sitemap-au (manual capture)"
 },
 {
  "url": "https://www.mallesons.com/au/en/people/tim-craven.html",
  "status": 200,
  "from": "sitemap-au (manual capture)"
 },
 {
  "url": "https://www.mallesons.com/au/en/people/tim-edwards.html",
  "status": 200,
  "from": "sitemap-au (manual capture)"
 },
 {
  "url": "https://www.mallesons.com/au/en/people/tim-klineberg.html",
  "status": 200,
  "from": "sitemap-au (manual capture)"
 },
 {
  "url": "https://www.mallesons.com/au/en/people/tim-ma.html",
  "status": 200,
  "from": "sitemap-au (manual capture)"
 },
 {
  "url": "https://www.mallesons.com/au/en/people/tim-sherman.html",
  "status": 200,
  "from": "sitemap-au (manual capture)"
 },
 {
  "url": "https://www.mallesons.com/au/en/people/tim-sumner.html",
  "status": 200,
  "from": "sitemap-au (manual capture)"
 },
 {
  "url": "https://www.mallesons.com/au/en/people/toby-newnes.html",
  "status": 200,
  "from": "sitemap-au (manual capture)"
 },
 {
  "url": "https://www.mallesons.com/au/en/people/tom-crompton.html",
  "status": 200,
  "from": "sitemap-au (manual capture)"
 },
 {
  "url": "https://www.mallesons.com/au/en/people/tom-harrison.html",
  "status": 200,
  "from": "sitemap-au (manual capture)"
 },
 {
  "url": "https://www.mallesons.com/au/en/people/tony-troiani.html",
  "status": 200,
  "from": "sitemap-au (manual capture)"
 },
 {
  "url": "https://www.mallesons.com/au/en/people/torrin-nicolson.html",
  "status": 200,
  "from": "sitemap-au (manual capture)"
 },
 {
  "url": "https://www.mallesons.com/au/en/people/tracey-jordan.html",
  "status": 200,
  "from": "sitemap-au (manual capture)"
 },
 {
  "url": "https://www.mallesons.com/au/en/people/travis-toemoe.html",
  "status": 200,
  "from": "sitemap-au (manual capture)"
 },
 {
  "url": "https://www.mallesons.com/au/en/people/trishala-shah.html",
  "status": 200,
  "from": "sitemap-au (manual capture)"
 },
 {
  "url": "https://www.mallesons.com/au/en/people/tristan-howes.html",
  "status": 200,
  "from": "sitemap-au (manual capture)"
 },
 {
  "url": "https://www.mallesons.com/au/en/people/trudy-sheehan.html",
  "status": 200,
  "from": "sitemap-au (manual capture)"
 },
 {
  "url": "https://www.mallesons.com/au/en/people/urszula-mccormack.html",
  "status": 200,
  "from": "sitemap-au (manual capture)"
 },
 {
  "url": "https://www.mallesons.com/au/en/people/victoria-thackwray.html",
  "status": 200,
  "from": "sitemap-au (manual capture)"
 },
 {
  "url": "https://www.mallesons.com/au/en/people/vishal-ahuja.html",
  "status": 200,
  "from": "sitemap-au (manual capture)"
 },
 {
  "url": "https://www.mallesons.com/au/en/people/wayne-leach.html",
  "status": 200,
  "from": "sitemap-au (manual capture)"
 },
 {
  "url": "https://www.mallesons.com/au/en/people/wendy-miller.html",
  "status": 200,
  "from": "sitemap-au (manual capture)"
 },
 {
  "url": "https://www.mallesons.com/au/en/people/will-heath.html",
  "status": 200,
  "from": "sitemap-au (manual capture)"
 },
 {
  "url": "https://www.mallesons.com/au/en/people/yin-ma.html",
  "status": 200,
  "from": "sitemap-au (manual capture)"
 },
 {
  "url": "https://www.mallesons.com/au/en/people/yish-gong.html",
  "status": 200,
  "from": "sitemap-au (manual capture)"
 },
 {
  "url": "https://www.mallesons.com/au/en/people/yiwen-chen.html",
  "status": 200,
  "from": "sitemap-au (manual capture)"
 },
 {
  "url": "https://www.mallesons.com/au/en/people/yuen-yee-cho.html",
  "status": 200,
  "from": "sitemap-au (manual capture)"
 },
 {
  "url": "https://www.mallesons.com/au/en/people/zac-sharp.html",
  "status": 200,
  "from": "sitemap-au (manual capture)"
 },
 {
  "url": "https://www.mallesons.com/au/en/people/zoe-anderson.html",
  "status": 200,
  "from": "sitemap-au (manual capture)"
 },
 {
  "url": "https://www.mallesons.com/au/en/people/zoe-chung.html",
  "status": 200,
  "from": "sitemap-au (manual capture)"
 },
 {
  "url": "https://www.mallesons.com/au/en/people/zoe-kaesehagen.html",
  "status": 200,
  "from": "sitemap-au (manual capture)"
 },
 {
  "url": "https://www.mallesons.com/au/en/privacy-notice.html",
  "status": 200,
  "from": "sitemap-au (manual capture)"
 },
 {
  "url": "https://www.mallesons.com/au/en/sanctions-statement.html",
  "status": 200,
  "from": "sitemap-au (manual capture)"
 },
 {
  "url": "https://www.mallesons.com/au/en/search.html",
  "status": 200,
  "from": "sitemap-au (manual capture)"
 },
 {
  "url": "https://www.mallesons.com/au/en/term-of-use.html",
  "status": 200,
  "from": "sitemap-au (manual capture)"
 },
 {
  "url": "https://www.mallesons.com/au/en/term-of-use/fraudulent-scams-alert.html",
  "status": 200,
  "from": "sitemap-au (manual capture)"
 },
 {
  "url": "https://www.mallesons.com/sg/en/home.html",
  "status": 200,
  "from": "sample"
 },
 {
  "url": "https://www.mallesons.com/sg/en/search.html",
  "status": 200,
  "from": "sample"
 },
 {
  "url": "https://www.mallesons.com/sg/en/contact-us/thank-you.html",
  "status": 200,
  "from": "sample"
 },
 {
  "url": "https://www.mallesons.com/sg/en/contact-us.html",
  "status": 200,
  "from": "sample"
 },
 {
  "url": "https://www.mallesons.com/sg/en/expertise.html",
  "status": 200,
  "from": "sample"
 },
 {
  "url": "https://www.mallesons.com/sg/en/locations.html",
  "status": 200,
  "from": "sample"
 },
 {
  "url": "https://www.mallesons.com/sg/en/term-of-use/fraudulent-scams-alert.html",
  "status": 200,
  "from": "sample"
 },
 {
  "url": "https://www.mallesons.com/sg/en/term-of-use.html",
  "status": 200,
  "from": "sample"
 },
 {
  "url": "https://www.mallesons.com/sg/en/about-us/media-center/king-and-wood-mallesons-wins-austcham-singapore-business-excellence-award.html",
  "status": 200,
  "from": "sample"
 },
 {
  "url": "https://www.mallesons.com/sg/en/about-us/media-center/kwm-advises-brisbane-airport-on-its-500m-secured-bond-issuance.html",
  "status": 200,
  "from": "sample"
 },
 {
  "url": "https://www.mallesons.com/sg/en/about-us/media-center/kwm-bolsters-singapore-and-hong-kong-offices.html",
  "status": 200,
  "from": "sample"
 },
 {
  "url": "https://www.mallesons.com/sg/en/about-us/media-center/kwm-australia-promotes-six-to-partnership.html",
  "status": 200,
  "from": "sample"
 },
 {
  "url": "https://www.mallesons.com/sg/en/about-us/media-center/kwm-advises-sembcorp-on-new-cross-border-gas-sales-agreement.html",
  "status": 200,
  "from": "sample"
 },
 {
  "url": "https://www.mallesons.com/sg/en/about-us/media-center/king-and-wood-mallesons-china-and-australia-partnerships-announce-formal-separation.html",
  "status": 200,
  "from": "sample"
 },
 {
  "url": "https://www.mallesons.com/sg/en/about-us/media-center/nicola-yeomans-joins-kwm.html",
  "status": 200,
  "from": "sample"
 },
 {
  "url": "https://www.mallesons.com/sg/en/about-us/media-center/kwm-launches-market-leading-paid-parental-leave-policy.html",
  "status": 200,
  "from": "sample"
 },
 {
  "url": "https://www.mallesons.com/sg/en/about-us/media-center/kwm-advises-bdx-on-joint-venture-in-indonesia.html",
  "status": 200,
  "from": "sample"
 },
 {
  "url": "https://www.mallesons.com/sg/en/about-us/media-center/kwm-australia-extends-lead-in-latest-chambers-rankings-after-8-years-at-the-top.html",
  "status": 200,
  "from": "sample"
 },
 {
  "url": "https://www.mallesons.com/sg/en/about-us/alumni/alumni-stories.html",
  "status": 200,
  "from": "sample"
 },
 {
  "url": "https://www.mallesons.com/sg/en/about-us/alumni/kwm-connexion.html",
  "status": 200,
  "from": "sample"
 },
 {
  "url": "https://www.mallesons.com/sg/en/about-us/alumni.html",
  "status": 200,
  "from": "sample"
 },
 {
  "url": "https://www.mallesons.com/sg/en/about-us/locations.html",
  "status": 200,
  "from": "sample"
 },
 {
  "url": "https://www.mallesons.com/sg/en/about-us/media-center.html",
  "status": 200,
  "from": "sample"
 },
 {
  "url": "https://www.mallesons.com/sg/en/about-us/responsible-business.html",
  "status": 200,
  "from": "sample"
 },
 {
  "url": "https://www.mallesons.com/sg/en/careers/other-professionals.html",
  "status": 200,
  "from": "sample"
 },
 {
  "url": "https://www.mallesons.com/sg/en/careers/graduates.html",
  "status": 200,
  "from": "sample"
 },
 {
  "url": "https://www.mallesons.com/sg/en/careers/qualified-lawyers.html",
  "status": 200,
  "from": "sample"
 },
 {
  "url": "https://www.mallesons.com/sg/en/careers/our-benefits.html",
  "status": 200,
  "from": "sample"
 },
 {
  "url": "https://www.mallesons.com/sg/en/careers/graduates/graduates-singapore/graduates.html",
  "status": 200,
  "from": "sample"
 },
 {
  "url": "https://www.mallesons.com/sg/en/careers/graduates/graduates-australia/graduates.html",
  "status": 200,
  "from": "sample"
 },
 {
  "url": "https://www.mallesons.com/sg/en/careers/graduates/graduates-singapore.html",
  "status": 200,
  "from": "sample"
 },
 {
  "url": "https://www.mallesons.com/sg/en/careers/graduates/graduates-australia.html",
  "status": 200,
  "from": "sample"
 },
 {
  "url": "https://www.mallesons.com/sg/en/careers/qualified-lawyers/qualified-lawyers-australia/schedule-australia-2021.html",
  "status": 200,
  "from": "sample"
 },
 {
  "url": "https://www.mallesons.com/sg/en/careers/qualified-lawyers/qualified-lawyers-australia/schedule-singapore-2021.html",
  "status": 200,
  "from": "sample"
 },
 {
  "url": "https://www.mallesons.com/sg/en/careers/qualified-lawyers/qualified-lawyers-australia/applicant-privacy-notice.html",
  "status": 200,
  "from": "sample"
 },
 {
  "url": "https://www.mallesons.com/sg/en/careers/qualified-lawyers/qualified-lawyers-australia/agency-information.html",
  "status": 200,
  "from": "sample"
 },
 {
  "url": "https://www.mallesons.com/sg/en/careers/qualified-lawyers/qualified-lawyers-australia/recruitment-agency-terms-australia-and-singapore.html",
  "status": 200,
  "from": "sample"
 },
 {
  "url": "https://www.mallesons.com/sg/en/careers/qualified-lawyers/qualified-lawyers-singapore/recruitment-agency-terms-australia-and-singapore.html",
  "status": 200,
  "from": "sample"
 },
 {
  "url": "https://www.mallesons.com/sg/en/careers/qualified-lawyers/qualified-lawyers-singapore/schedule-australia-2021.html",
  "status": 200,
  "from": "sample"
 },
 {
  "url": "https://www.mallesons.com/sg/en/careers/qualified-lawyers/qualified-lawyers-singapore/applicant-privacy-notice.html",
  "status": 200,
  "from": "sample"
 },
 {
  "url": "https://www.mallesons.com/sg/en/careers/qualified-lawyers/qualified-lawyers-singapore/schedule-singapore-2021.html",
  "status": 200,
  "from": "sample"
 },
 {
  "url": "https://www.mallesons.com/sg/en/careers/qualified-lawyers/qualified-lawyers-singapore/agency-information.html",
  "status": 200,
  "from": "sample"
 },
 {
  "url": "https://www.mallesons.com/sg/en/careers/qualified-lawyers/qualified-lawyers-australia.html",
  "status": 200,
  "from": "sample"
 },
 {
  "url": "https://www.mallesons.com/sg/en/careers/qualified-lawyers/qualified-lawyers-singapore.html",
  "status": 200,
  "from": "sample"
 },
 {
  "url": "https://www.mallesons.com/sg/en/insights/publications.html",
  "status": 200,
  "from": "sample"
 },
 {
  "url": "https://www.mallesons.com/sg/en/insights/featured-insights.html",
  "status": 200,
  "from": "sample"
 },
 {
  "url": "https://www.mallesons.com/sg/en/insights/latest-thinking.html",
  "status": 200,
  "from": "sample"
 },
 {
  "url": "https://www.mallesons.com/sg/en/insights/topic.html",
  "status": 200,
  "from": "sample"
 },
 {
  "url": "https://www.mallesons.com/sg/en/about-us/locations/cloud-offices.html",
  "status": 200,
  "from": "sample"
 },
 {
  "url": "https://www.mallesons.com/sg/en/about-us/locations/offices.html",
  "status": 200,
  "from": "sample"
 },
 {
  "url": "https://www.mallesons.com/sg/en/expertise/archive/practices/private-capital/venture-capital.html",
  "status": 200,
  "from": "sample"
 },
 {
  "url": "https://www.mallesons.com/sg/en/insights.html",
  "status": 200,
  "from": "sample"
 },
 {
  "url": "https://www.mallesons.com/sg/en/locations/australia.html",
  "status": 200,
  "from": "sample"
 },
 {
  "url": "https://www.mallesons.com/sg/en/locations/singapore.html",
  "status": 200,
  "from": "sample"
 },
 {
  "url": "https://www.mallesons.com/sg/en/people/rohan-mcphee.html",
  "status": 200,
  "from": "sample"
 },
 {
  "url": "https://www.mallesons.com/sg/en/people/moira-saville.html",
  "status": 200,
  "from": "sample"
 },
 {
  "url": "https://www.mallesons.com/sg/en/people/niro-ananda.html",
  "status": 200,
  "from": "sample"
 },
 {
  "url": "https://www.mallesons.com/sg/en/people/chris-mcalinden.html",
  "status": 200,
  "from": "sample"
 },
 {
  "url": "https://www.mallesons.com/sg/en/people/luke-hawthorne.html",
  "status": 200,
  "from": "sample"
 },
 {
  "url": "https://www.mallesons.com/sg/en/people/mark-beaufoy.html",
  "status": 200,
  "from": "sample"
 },
 {
  "url": "https://www.mallesons.com/sg/en/people/angus-jamieson.html",
  "status": 200,
  "from": "sample"
 },
 {
  "url": "https://www.mallesons.com/sg/en/people/anthony-boogert.html",
  "status": 200,
  "from": "sample"
 },
 {
  "url": "https://www.mallesons.com/sg/en/people/urszula-mccormack.html",
  "status": 200,
  "from": "sample"
 },
 {
  "url": "https://www.mallesons.com/sg/en/people/matthew-carr.html",
  "status": 200,
  "from": "sample"
 },
 {
  "url": "https://www.mallesons.com/sg/en/people.html",
  "status": 200,
  "from": "sample"
 },
 {
  "url": "https://www.mallesons.com/sg/en/insights/latest-thinking/europes-ai-regulation-gets-real-what-to-know-and-do-about-the-eu-ai-act-as-it-nears-finalisation.html",
  "status": 200,
  "from": "sample"
 },
 {
  "url": "https://www.mallesons.com/sg/en/insights/latest-thinking/navigating-data-centre-opportunities-across-apac-singapore.html",
  "status": 200,
  "from": "sample"
 },
 {
  "url": "https://www.mallesons.com/sg/en/insights/latest-thinking/public-private-partnerships-in-bangladesh.html",
  "status": 200,
  "from": "sample"
 },
 {
  "url": "https://www.mallesons.com/sg/en/insights/latest-thinking/navigating-data-centre-opportunities-across-apac-indonesia.html",
  "status": 200,
  "from": "sample"
 },
 {
  "url": "https://www.mallesons.com/sg/en/insights/latest-thinking/public-private-partnerships-in-vietnam.html",
  "status": 200,
  "from": "sample"
 },
 {
  "url": "https://www.mallesons.com/sg/en/insights/latest-thinking/navigating-data-centre-opportunities-across-apac-south-korea.html",
  "status": 200,
  "from": "sample"
 },
 {
  "url": "https://www.mallesons.com/sg/en/insights/latest-thinking/dabus-dismissed-again-united-states-supreme-court-declines-to-consider-whether-ai-can-be-an-inventor.html",
  "status": 200,
  "from": "sample"
 },
 {
  "url": "https://www.mallesons.com/sg/en/insights/latest-thinking/kwm-south-southeast-asia-data-centre-briefing.html",
  "status": 200,
  "from": "sample"
 },
 {
  "url": "https://www.mallesons.com/sg/en/insights/latest-thinking/tokenised-securities-hk-sfc-issues-important-guidance-for-intermediaries.html",
  "status": 200,
  "from": "sample"
 },
 {
  "url": "https://www.mallesons.com/sg/en/insights/latest-thinking/navigating-net-zero-apac-climate-guide-japan.html",
  "status": 200,
  "from": "sample"
 },
 {
  "url": "https://www.mallesons.com/sg/en/insights/latest-thinking/publication/navigating-the-net-zero-transition-spotlight-on-southeast-asia-japan-and-the-republic-of-korea.html",
  "status": 200,
  "from": "sample"
 },
 {
  "url": "https://www.mallesons.com/sg/en/insights/latest-thinking/publication/public-private-partnerships-in-asia-2023.html",
  "status": 200,
  "from": "sample"
 },
 {
  "url": "https://www.mallesons.com/sg/en/insights/latest-thinking/publication/guide-to-doing-business-in-australia-2024.html",
  "status": 200,
  "from": "sample"
 },
 {
  "url": "https://www.mallesons.com/sg/en/insights/latest-thinking/publication/navigating-net-zero-apac-climate-guide.html",
  "status": 200,
  "from": "sample"
 },
 {
  "url": "https://www.mallesons.com/sg/en/insights/latest-thinking/publication/a-guide-to-taking-security-in-asia.html",
  "status": 200,
  "from": "sample"
 },
 {
  "url": "https://www.mallesons.com/sg/en/insights/latest-thinking/publication/a-guide-to-investing-in-australian-real-estate.html",
  "status": 200,
  "from": "sample"
 },
 {
  "url": "https://www.mallesons.com/sg/en/insights/latest-thinking/publication/india-navigating-a-growing-data-centre-market.html",
  "status": 200,
  "from": "sample"
 },
 {
  "url": "https://www.mallesons.com/sg/en/insights/latest-thinking/publication/guide-to-doing-business-in-australia-2025.html",
  "status": 200,
  "from": "sample"
 },
 {
  "url": "https://www.mallesons.com/sg/en/insights/latest-thinking/publication/move-fast-and-make-things-ed-3.html",
  "status": 200,
  "from": "sample"
 },
 {
  "url": "https://www.mallesons.com/sg/en/insights/latest-thinking/publication/guide-to-doing-business-in-australia.html",
  "status": 200,
  "from": "sample"
 },
 {
  "url": "https://www.mallesons.com/sg/en/privacy-notice.html",
  "status": 200,
  "from": "sample"
 },
 {
  "url": "https://www.mallesons.com/sg/en/expertise/practices/private-capital/venture-capital.html",
  "status": 200,
  "from": "sample"
 },
 {
  "url": "https://www.mallesons.com/sg/en/expertise/practices/private-capital.html",
  "status": 200,
  "from": "sample"
 },
 {
  "url": "https://www.mallesons.com/sg/en/expertise/practices/labour-and-employment.html",
  "status": 200,
  "from": "sample"
 },
 {
  "url": "https://www.mallesons.com/sg/en/expertise/practices/international-trade.html",
  "status": 200,
  "from": "sample"
 },
 {
  "url": "https://www.mallesons.com/sg/en/expertise/practices/energy-resources-and-infrastructure.html",
  "status": 200,
  "from": "sample"
 },
 {
  "url": "https://www.mallesons.com/sg/en/expertise/practices/banking-and-finance.html",
  "status": 200,
  "from": "sample"
 },
 {
  "url": "https://www.mallesons.com/sg/en/expertise/practices/digital-economy.html",
  "status": 200,
  "from": "sample"
 },
 {
  "url": "https://www.mallesons.com/sg/en/expertise/practices/investment-funds-asset-and-management.html",
  "status": 200,
  "from": "sample"
 },
 {
  "url": "https://www.mallesons.com/sg/en/expertise/practices/customary-land-rights.html",
  "status": 200,
  "from": "sample"
 },
 {
  "url": "https://www.mallesons.com/sg/en/expertise/practices/construction.html",
  "status": 200,
  "from": "sample"
 },
 {
  "url": "https://www.mallesons.com/sg/en/expertise/practices/mergers-and-acquisitions.html",
  "status": 200,
  "from": "sample"
 },
 {
  "url": "https://www.mallesons.com/sg/en/expertise/practices.html",
  "status": 200,
  "from": "sample"
 },
 {
  "url": "https://www.mallesons.com/sg/en/expertise/sectors.html",
  "status": 200,
  "from": "sample"
 },
 {
  "url": "https://www.mallesons.com/sg/en/expertise/sectors/healthcare-and-pharmaceuticals.html",
  "status": 200,
  "from": "sample"
 },
 {
  "url": "https://www.mallesons.com/sg/en/expertise/sectors/government-and-public.html",
  "status": 200,
  "from": "sample"
 },
 {
  "url": "https://www.mallesons.com/sg/en/expertise/sectors/real-estate.html",
  "status": 200,
  "from": "sample"
 },
 {
  "url": "https://www.mallesons.com/sg/en/expertise/sectors/energy-resources-and-infrastructure.html",
  "status": 200,
  "from": "sample"
 },
 {
  "url": "https://www.mallesons.com/sg/en/expertise/sectors/financial-services.html",
  "status": 200,
  "from": "sample"
 },
 {
  "url": "https://www.mallesons.com/sg/en/expertise/sectors/private-equity.html",
  "status": 200,
  "from": "sample"
 },
 {
  "url": "https://www.mallesons.com/sg/en/expertise/sectors/consumer-and-retail.html",
  "status": 200,
  "from": "sample"
 },
 {
  "url": "https://www.mallesons.com/sg/en/expertise/sectors/automotive-manufacturing-and-industrials.html",
  "status": 200,
  "from": "sample"
 },
 {
  "url": "https://www.mallesons.com/sg/en/expertise/sectors/telecommunications-media-entertainment-and-technology.html",
  "status": 200,
  "from": "sample"
 },
 {
  "url": "https://www.mallesons.com/sg/en/expertise/sectors/food-and-agribusiness.html",
  "status": 200,
  "from": "sample"
 },
 {
  "url": "https://www.mallesons.com/sg/en/about-us.html",
  "status": 200,
  "from": "sample"
 },
 {
  "url": "https://www.mallesons.com/sg/en/insights/topic/view-from-asia.html",
  "status": 200,
  "from": "sample"
 },
 {
  "url": "https://www.mallesons.com/sg/en/careers/graduates/graduates-australia/penultimate-year-law-students/clerkship-program.html",
  "status": 200,
  "from": "sample"
 },
 {
  "url": "https://www.mallesons.com/sg/en/careers/graduates/graduates-australia/first-second-third-year-law-students/insight-program.html",
  "status": 200,
  "from": "sample"
 },
 {
  "url": "https://www.mallesons.com/sg/en/careers/graduates/graduates-singapore/penultimate-year-law-students/clerkship-program.html",
  "status": 200,
  "from": "sample"
 },
 {
  "url": "https://www.mallesons.com/sg/en/careers/graduates/graduates-singapore/first-second-third-year-law-students/insight-program.html",
  "status": 200,
  "from": "sample"
 },
 {
  "url": "https://www.mallesons.com/sg/en/locations/australia/canberra.html",
  "status": 200,
  "from": "sample"
 },
 {
  "url": "https://www.mallesons.com/sg/en/locations/australia/brisbane.html",
  "status": 200,
  "from": "sample"
 },
 {
  "url": "https://www.mallesons.com/sg/en/locations/australia/melbourne.html",
  "status": 200,
  "from": "sample"
 },
 {
  "url": "https://www.mallesons.com/sg/en/locations/australia/perth.html",
  "status": 200,
  "from": "sample"
 },
 {
  "url": "https://www.mallesons.com/sg/en/locations/australia/sydney.html",
  "status": 200,
  "from": "sample"
 },
 {
  "url": "https://www.mallesons.com/sg/en/careers.html",
  "status": 200,
  "from": "sample"
 },
 {
  "url": "https://www.mallesons.com/sg/en/careers/other-professionals/other-professionals-australia.html",
  "status": 200,
  "from": "sample"
 },
 {
  "url": "https://www.mallesons.com/sg/en/careers/other-professionals/other-professionals-singapore.html",
  "status": 200,
  "from": "sample"
 }
]