[
 {
  "url": "https://www.nzmp.com/global/en.html",
  "status": 200,
  "from": "sitemap"
 },
 {
  "url": "https://www.nzmp.com/global/en/about-nzmp.html",
  "status": 200,
  "from": "sitemap"
 },
 {
  "url": "https://www.nzmp.com/global/en/about-nzmp/global-ingredients.html",
  "status": 200,
  "from": "sitemap"
 },
 {
  "url": "https://www.nzmp.com/global/en/about-nzmp/global-ingredients/our-european-ingredients.html",
  "status": 200,
  "from": "sitemap"
 },
 {
  "url": "https://www.nzmp.com/global/en/about-nzmp/our-way-of-farming.html",
  "status": 200,
  "from": "sitemap"
 },
 {
  "url": "https://www.nzmp.com/global/en/about-nzmp/global-ingredients/our-new-zealand-ingredients.html",
  "status": 200,
  "from": "sitemap"
 },
 {
  "url": "https://www.nzmp.com/global/en/about-nzmp/global-ingredients/our-australian-ingredients.html",
  "status": 200,
  "from": "sitemap"
 },
 {
  "url": "https://www.nzmp.com/global/en/about-nzmp/global-ingredients/our-north-american-ingredients.html",
  "status": 200,
  "from": "sitemap"
 },
 {
  "url": "https://www.nzmp.com/global/en/about-nzmp/global-ingredients/our-global-ingredients.html",
  "status": 200,
  "from": "sitemap"
 },
 {
  "url": "https://www.nzmp.com/global/en/solutions.html",
  "status": 200,
  "from": "sitemap"
 },
 {
  "url": "https://www.nzmp.com/global/en/about-nzmp/safety-and-quality.html",
  "status": 200,
  "from": "sitemap"
 },
 {
  "url": "https://www.nzmp.com/global/en/solutions/innovation-and-ingenuity/our-global-expertise.html",
  "status": 200,
  "from": "sitemap"
 },
 {
  "url": "https://www.nzmp.com/global/en/solutions/innovation-and-ingenuity.html",
  "status": 200,
  "from": "sitemap"
 },
 {
  "url": "https://www.nzmp.com/global/en/solutions/innovation-and-ingenuity/the-fonterra-research-and-development-centre.html",
  "status": 200,
  "from": "sitemap"
 },
 {
  "url": "https://www.nzmp.com/global/en/solutions/innovation-and-ingenuity/our-protein-expertise.html",
  "status": 200,
  "from": "sitemap"
 },
 {
  "url": "https://www.nzmp.com/global/en/solutions/innovation-and-ingenuity/our-protein-expertise/protein-innovation-timeline.html",
  "status": 200,
  "from": "sitemap"
 },
 {
  "url": "https://www.nzmp.com/global/en/solutions/innovation-and-ingenuity/our-global-expertise/china-dairy-expertise.html",
  "status": 200,
  "from": "sitemap"
 },
 {
  "url": "https://www.nzmp.com/global/en/solutions/innovation-and-ingenuity/our-global-expertise/middle-east-africa-dairy-expertise.html",
  "status": 200,
  "from": "sitemap"
 },
 {
  "url": "https://www.nzmp.com/global/en/solutions/innovation-and-ingenuity/our-global-expertise/europe-dairy-expertise.html",
  "status": 200,
  "from": "sitemap"
 },
 {
  "url": "https://www.nzmp.com/global/en/solutions/innovation-and-ingenuity/our-global-expertise/south-southeast-asia-dairy-expertise.html",
  "status": 200,
  "from": "sitemap"
 },
 {
  "url": "https://www.nzmp.com/global/en/solutions/price-risk-management/pricelock.html",
  "status": 200,
  "from": "sitemap"
 },
 {
  "url": "https://www.nzmp.com/global/en/solutions/price-risk-management.html",
  "status": 200,
  "from": "sitemap"
 },
 {
  "url": "https://www.nzmp.com/global/en/solutions/price-risk-management/pricebreak.html",
  "status": 200,
  "from": "sitemap"
 },
 {
  "url": "https://www.nzmp.com/global/en/solutions/price-risk-management/pricecollar.html",
  "status": 200,
  "from": "sitemap"
 },
 {
  "url": "https://www.nzmp.com/global/en/solutions/price-risk-management/double-cap-collar.html",
  "status": 200,
  "from": "sitemap"
 },
 {
  "url": "https://www.nzmp.com/global/en/ingredients.html",
  "status": 200,
  "from": "sitemap"
 },
 {
  "url": "https://www.nzmp.com/global/en/solutions/price-risk-management/priceindex.html",
  "status": 200,
  "from": "sitemap"
 },
 {
  "url": "https://www.nzmp.com/global/en/ingredients/powders-concentrates.html",
  "status": 200,
  "from": "sitemap"
 },
 {
  "url": "https://www.nzmp.com/global/en/ingredients/powders-concentrates/whole-milk-powder.html",
  "status": 200,
  "from": "sitemap"
 },
 {
  "url": "https://www.nzmp.com/global/en/ingredients/powders-concentrates/whole-milk-powder/regular-whole-milk-powder-uht.html",
  "status": 200,
  "from": "sitemap"
 },
 {
  "url": "https://www.nzmp.com/global/en/ingredients/powders-concentrates/whole-milk-powder/regular-whole-milk-powder-uht-28-fat.html",
  "status": 200,
  "from": "sitemap"
 },
 {
  "url": "https://www.nzmp.com/global/en/ingredients/powders-concentrates/whole-milk-powder/regular-whole-milk-powder-gdt.html",
  "status": 200,
  "from": "sitemap"
 },
 {
  "url": "https://www.nzmp.com/global/en/ingredients/powders-concentrates/whole-milk-powder/wmp-uht-perform.html",
  "status": 200,
  "from": "sitemap"
 },
 {
  "url": "https://www.nzmp.com/global/en/ingredients/powders-concentrates/whole-milk-powder/regular-wmp-for-yoghurt.html",
  "status": 200,
  "from": "sitemap"
 },
 {
  "url": "https://www.nzmp.com/global/en/ingredients/powders-concentrates/whole-milk-powder/regular-wmp-for-tea.html",
  "status": 200,
  "from": "sitemap"
 },
 {
  "url": "https://www.nzmp.com/global/en/ingredients/powders-concentrates/whole-milk-powder/regular-whole-milk-powder-repack.html",
  "status": 200,
  "from": "sitemap"
 },
 {
  "url": "https://www.nzmp.com/global/en/ingredients/powders-concentrates/whole-milk-powder/whole-milk-powder-recombined-evaporated-milk.html",
  "status": 200,
  "from": "sitemap"
 },
 {
  "url": "https://www.nzmp.com/global/en/ingredients/powders-concentrates/whole-milk-powder/regular-whole-milk-powder.html",
  "status": 200,
  "from": "sitemap"
 },
 {
  "url": "https://www.nzmp.com/global/en/ingredients/powders-concentrates/whole-milk-powder/organic-regular-whole-milk-powder.html",
  "status": 200,
  "from": "sitemap"
 },
 {
  "url": "https://www.nzmp.com/global/en/ingredients/powders-concentrates/whole-milk-powder/regular-whole-milk-powder-high-heat.html",
  "status": 200,
  "from": "sitemap"
 },
 {
  "url": "https://www.nzmp.com/global/en/ingredients/powders-concentrates/whole-milk-powder/regular-wmp-for-blending.html",
  "status": 200,
  "from": "sitemap"
 },
 {
  "url": "https://www.nzmp.com/global/en/ingredients/powders-concentrates/skim-milk-powder.html",
  "status": 200,
  "from": "sitemap"
 },
 {
  "url": "https://www.nzmp.com/global/en/ingredients/powders-concentrates/skim-milk-powder/surestart-regular-smp-low-heat.html",
  "status": 200,
  "from": "sitemap"
 },
 {
  "url": "https://www.nzmp.com/global/en/ingredients/powders-concentrates/skim-milk-powder/regular-skim-milk-powder-low-heat-gdt.html",
  "status": 200,
  "from": "sitemap"
 },
 {
  "url": "https://www.nzmp.com/global/en/ingredients/powders-concentrates/skim-milk-powder/regular-skim-milk-powder-medium-heat-gdt.html",
  "status": 200,
  "from": "sitemap"
 },
 {
  "url": "https://www.nzmp.com/global/en/ingredients/powders-concentrates/skim-milk-powder/regular-skim-milk-powder-high-heat-hs-gdt.html",
  "status": 200,
  "from": "sitemap"
 },
 {
  "url": "https://www.nzmp.com/global/en/ingredients/powders-concentrates/skim-milk-powder/regular-skim-milk-powder-medium-heat.html",
  "status": 200,
  "from": "sitemap"
 },
 {
  "url": "https://www.nzmp.com/global/en/ingredients/powders-concentrates/skim-milk-powder/regular-skim-milk-powder-high-heat.html",
  "status": 200,
  "from": "sitemap"
 },
 {
  "url": "https://www.nzmp.com/global/en/ingredients/powders-concentrates/skim-milk-powder/regular-skim-milk-powder-uht.html",
  "status": 200,
  "from": "sitemap"
 },
 {
  "url": "https://www.nzmp.com/global/en/ingredients/powders-concentrates/skim-milk-powder/regular-skim-milk-powder-low-heat.html",
  "status": 200,
  "from": "sitemap"
 },
 {
  "url": "https://www.nzmp.com/global/en/ingredients/powders-concentrates/skim-milk-powder/regular-skim-milk-powder-uht-gdt.html",
  "status": 200,
  "from": "sitemap"
 },
 {
  "url": "https://www.nzmp.com/global/en/ingredients/powders-concentrates/skim-milk-powder/regular-skim-milk-powder-medium-heat-au.html",
  "status": 200,
  "from": "sitemap"
 },
 {
  "url": "https://www.nzmp.com/global/en/ingredients/powders-concentrates/instant-milk-powder.html",
  "status": 200,
  "from": "sitemap"
 },
 {
  "url": "https://www.nzmp.com/global/en/ingredients/powders-concentrates/instant-milk-powder/super-fortified-instant-smp.html",
  "status": 200,
  "from": "sitemap"
 },
 {
  "url": "https://www.nzmp.com/global/en/ingredients/powders-concentrates/instant-milk-powder/nzmp-low-cost-pure-instant-dairy-powder.html",
  "status": 200,
  "from": "sitemap"
 },
 {
  "url": "https://www.nzmp.com/global/en/ingredients/powders-concentrates/skim-milk-powder/organic-skim-milk-powder.html",
  "status": 200,
  "from": "sitemap"
 },
 {
  "url": "https://www.nzmp.com/global/en/ingredients/powders-concentrates/instant-milk-powder/nzmp-protein-plus-instant-milk-powder.html",
  "status": 200,
  "from": "sitemap"
 },
 {
  "url": "https://www.nzmp.com/global/en/ingredients/powders-concentrates/instant-milk-powder/whole-milk-powder-instant-fortified.html",
  "status": 200,
  "from": "sitemap"
 },
 {
  "url": "https://www.nzmp.com/global/en/ingredients/powders-concentrates/instant-milk-powder/instant-skim-milk-powder.html",
  "status": 200,
  "from": "sitemap"
 },
 {
  "url": "https://www.nzmp.com/global/en/ingredients/powders-concentrates/instant-milk-powder/fat-filled-milk-powder-for-yoghurt.html",
  "status": 200,
  "from": "sitemap"
 },
 {
  "url": "https://www.nzmp.com/global/en/ingredients/powders-concentrates/instant-milk-powder/gold-instant-whole-milk-powder.html",
  "status": 200,
  "from": "sitemap"
 },
 {
  "url": "https://www.nzmp.com/global/en/ingredients/powders-concentrates/instant-milk-powder/nzmp-fortified-plus-instant-wmp.html",
  "status": 200,
  "from": "sitemap"
 },
 {
  "url": "https://www.nzmp.com/global/en/ingredients/powders-concentrates/instant-milk-powder/fat-filled-milk-powder.html",
  "status": 200,
  "from": "sitemap"
 },
 {
  "url": "https://www.nzmp.com/global/en/ingredients/powders-concentrates/instant-milk-powder/nzmp-nutriwhite-dairy-based-powder.html",
  "status": 200,
  "from": "sitemap"
 },
 {
  "url": "https://www.nzmp.com/global/en/ingredients/powders-concentrates/buttermilk-powder.html",
  "status": 200,
  "from": "sitemap"
 },
 {
  "url": "https://www.nzmp.com/global/en/ingredients/powders-concentrates/buttermilk-powder/regular-buttermilk-powder-uht-gdt.html",
  "status": 200,
  "from": "sitemap"
 },
 {
  "url": "https://www.nzmp.com/global/en/ingredients/powders-concentrates/buttermilk-powder/regular-buttermilk-powder.html",
  "status": 200,
  "from": "sitemap"
 },
 {
  "url": "https://www.nzmp.com/global/en/ingredients/powders-concentrates/buttermilk-powder/regular-buttermilk-powder-au.html",
  "status": 200,
  "from": "sitemap"
 },
 {
  "url": "https://www.nzmp.com/global/en/ingredients/powders-concentrates/whey-powder.html",
  "status": 200,
  "from": "sitemap"
 },
 {
  "url": "https://www.nzmp.com/global/en/ingredients/powders-concentrates/whey-powder/nzmp-whey-powder-621.html",
  "status": 200,
  "from": "sitemap"
 },
 {
  "url": "https://www.nzmp.com/global/en/ingredients/powders-concentrates/lactose.html",
  "status": 200,
  "from": "sitemap"
 },
 {
  "url": "https://www.nzmp.com/global/en/ingredients/powders-concentrates/nzmp-frozen-wholemilk-concentrate.html",
  "status": 200,
  "from": "sitemap"
 },
 {
  "url": "https://www.nzmp.com/global/en/ingredients/powders-concentrates/paediatric-grade-powders.html",
  "status": 200,
  "from": "sitemap"
 },
 {
  "url": "https://www.nzmp.com/global/en/ingredients/powders-concentrates/instant-milk-powder/instant-whole-milk-powder.html",
  "status": 200,
  "from": "sitemap"
 },
 {
  "url": "https://www.nzmp.com/global/en/ingredients/powders-concentrates/paediatric-grade-powders/surestart-regular-whole-milk-powder-wetapp.html",
  "status": 200,
  "from": "sitemap"
 },
 {
  "url": "https://www.nzmp.com/global/en/ingredients/powders-concentrates/paediatric-grade-powders/surestart-regular-skim-milk-powder-wetapp.html",
  "status": 200,
  "from": "sitemap"
 },
 {
  "url": "https://www.nzmp.com/global/en/ingredients/powders-concentrates/paediatric-grade-powders/surestart-demineralised-whey-powder-90.html",
  "status": 200,
  "from": "sitemap"
 },
 {
  "url": "https://www.nzmp.com/global/en/ingredients/dairy-fats-cream.html",
  "status": 200,
  "from": "sitemap"
 },
 {
  "url": "https://www.nzmp.com/global/en/ingredients/dairy-fats-cream/frozen-cream.html",
  "status": 200,
  "from": "sitemap"
 },
 {
  "url": "https://www.nzmp.com/global/en/ingredients/dairy-fats-cream/butter.html",
  "status": 200,
  "from": "sitemap"
 },
 {
  "url": "https://www.nzmp.com/global/en/ingredients/dairy-fats-cream/butter/salted-creamery-butter.html",
  "status": 200,
  "from": "sitemap"
 },
 {
  "url": "https://www.nzmp.com/global/en/ingredients/dairy-fats-cream/butter/unsalted-creamery-butter-gdt.html",
  "status": 200,
  "from": "sitemap"
 },
 {
  "url": "https://www.nzmp.com/global/en/ingredients/dairy-fats-cream/butter/unsalted-creamery-butter.html",
  "status": 200,
  "from": "sitemap"
 },
 {
  "url": "https://www.nzmp.com/global/en/ingredients/dairy-fats-cream/butter/organic-salted-butter.html",
  "status": 200,
  "from": "sitemap"
 },
 {
  "url": "https://www.nzmp.com/global/en/ingredients/dairy-fats-cream/butter/lactic-butter.html",
  "status": 200,
  "from": "sitemap"
 },
 {
  "url": "https://www.nzmp.com/global/en/ingredients/dairy-fats-cream/butter/salted-creamery-butter-gdt.html",
  "status": 200,
  "from": "sitemap"
 },
 {
  "url": "https://www.nzmp.com/global/en/ingredients/dairy-fats-cream/anhydrous-milk-fat.html",
  "status": 200,
  "from": "sitemap"
 },
 {
  "url": "https://www.nzmp.com/global/en/ingredients/dairy-fats-cream/butter/organic-unsalted-butter.html",
  "status": 200,
  "from": "sitemap"
 },
 {
  "url": "https://www.nzmp.com/global/en/ingredients/dairy-fats-cream/anhydrous-milk-fat/anhydrous-milk-fat-premium-gdt.html",
  "status": 200,
  "from": "sitemap"
 },
 {
  "url": "https://www.nzmp.com/global/en/ingredients/dairy-fats-cream/butter/organic-unsalted-lactic-butter.html",
  "status": 200,
  "from": "sitemap"
 },
 {
  "url": "https://www.nzmp.com/global/en/ingredients/dairy-fats-cream/butter/unsalted-butter-convenience-pack.html",
  "status": 200,
  "from": "sitemap"
 },
 {
  "url": "https://www.nzmp.com/global/en/ingredients/dairy-fats-cream/anhydrous-milk-fat/anhydrous-milk-fat-15l-convenience-pack.html",
  "status": 200,
  "from": "sitemap"
 },
 {
  "url": "https://www.nzmp.com/global/en/ingredients/dairy-fats-cream/anhydrous-milk-fat/anhydrous-milk-fat-premium.html",
  "status": 200,
  "from": "sitemap"
 },
 {
  "url": "https://www.nzmp.com/global/en/ingredients/dairy-fats-cream/anhydrous-milk-fat/organic-anhydrous-milk-fat-premium.html",
  "status": 200,
  "from": "sitemap"
 },
 {
  "url": "https://www.nzmp.com/global/en/ingredients/dairy-fats-cream/anhydrous-milk-fat/anhydrous-milk-fat-regular.html",
  "status": 200,
  "from": "sitemap"
 },
 {
  "url": "https://www.nzmp.com/global/en/ingredients/dairy-fats-cream/cream-powder.html",
  "status": 200,
  "from": "sitemap"
 },
 {
  "url": "https://www.nzmp.com/global/en/ingredients/dairy-fats-cream/cream-powder/cream-powder-55.html",
  "status": 200,
  "from": "sitemap"
 },
 {
  "url": "https://www.nzmp.com/global/en/ingredients/dairy-fats-cream/cream-cheese.html",
  "status": 200,
  "from": "sitemap"
 },
 {
  "url": "https://www.nzmp.com/global/en/ingredients/dairy-fats-cream/anhydrous-milk-fat/anhydrous-milk-fat-regular-gdt.html",
  "status": 200,
  "from": "sitemap"
 },
 {
  "url": "https://www.nzmp.com/global/en/ingredients/dairy-fats-cream/blends.html",
  "status": 200,
  "from": "sitemap"
 },
 {
  "url": "https://www.nzmp.com/global/en/ingredients/dairy-fats-cream/repack-butter.html",
  "status": 200,
  "from": "sitemap"
 },
 {
  "url": "https://www.nzmp.com/global/en/ingredients/dairy-fats-cream/uht-cream.html",
  "status": 200,
  "from": "sitemap"
 },
 {
  "url": "https://www.nzmp.com/global/en/ingredients/cheese.html",
  "status": 200,
  "from": "sitemap"
 },
 {
  "url": "https://www.nzmp.com/global/en/ingredients/dairy-fats-cream/cream-cheese/cream-cheese-traditional.html",
  "status": 200,
  "from": "sitemap"
 },
 {
  "url": "https://www.nzmp.com/global/en/ingredients/cheese/cheddar-cheese.html",
  "status": 200,
  "from": "sitemap"
 },
 {
  "url": "https://www.nzmp.com/global/en/ingredients/cheese/cheddar-cheese/cheddar-cheese-manufacturing.html",
  "status": 200,
  "from": "sitemap"
 },
 {
  "url": "https://www.nzmp.com/global/en/ingredients/cheese/cheddar-cheese/cheddar-cheese.html",
  "status": 200,
  "from": "sitemap"
 },
 {
  "url": "https://www.nzmp.com/global/en/ingredients/cheese/cheddar-cheese/mature-cheddar-cheese.html",
  "status": 200,
  "from": "sitemap"
 },
 {
  "url": "https://www.nzmp.com/global/en/ingredients/cheese/cheddar-cheese/strong-cheddar-cheese-manufacturing.html",
  "status": 200,
  "from": "sitemap"
 },
 {
  "url": "https://www.nzmp.com/global/en/ingredients/cheese/cheddar-cheese/cheddar-cheese-frozen.html",
  "status": 200,
  "from": "sitemap"
 },
 {
  "url": "https://www.nzmp.com/global/en/ingredients/cheese/cheddar-cheese/young-cheddar-cheese-manufacturing-gdt.html",
  "status": 200,
  "from": "sitemap"
 },
 {
  "url": "https://www.nzmp.com/global/en/ingredients/cheese/cheddar-cheese/cheddar-cheese-au.html",
  "status": 200,
  "from": "sitemap"
 },
 {
  "url": "https://www.nzmp.com/global/en/ingredients/cheese/cheddar-cheese/frozen-functional-cheddar-cheese.html",
  "status": 200,
  "from": "sitemap"
 },
 {
  "url": "https://www.nzmp.com/global/en/ingredients/cheese/cheddar-cheese/organic-mild-cheddar-cheese.html",
  "status": 200,
  "from": "sitemap"
 },
 {
  "url": "https://www.nzmp.com/global/en/ingredients/cheese/cheddar-cheese/organic-mature-cheddar-cheese.html",
  "status": 200,
  "from": "sitemap"
 },
 {
  "url": "https://www.nzmp.com/global/en/ingredients/cheese/mozzarella-options/mozzarella-frozen-nz.html",
  "status": 200,
  "from": "sitemap"
 },
 {
  "url": "https://www.nzmp.com/global/en/ingredients/cheese/cheddar-cheese/coloured-cheddar-cheese.html",
  "status": 200,
  "from": "sitemap"
 },
 {
  "url": "https://www.nzmp.com/global/en/ingredients/cheese/mozzarella-options/mozzarella-frozen-au.html",
  "status": 200,
  "from": "sitemap"
 },
 {
  "url": "https://www.nzmp.com/global/en/ingredients/cheese/cheddar-cheese/organic-cheddar-cheese-frozen.html",
  "status": 200,
  "from": "sitemap"
 },
 {
  "url": "https://www.nzmp.com/global/en/ingredients/cheese/mozzarella-options/frozen-mozzarella.html",
  "status": 200,
  "from": "sitemap"
 },
 {
  "url": "https://www.nzmp.com/global/en/ingredients/cheese/mozzarella-options/lower-salt-mozzarella.html",
  "status": 200,
  "from": "sitemap"
 },
 {
  "url": "https://www.nzmp.com/global/en/ingredients/cheese/mozzarella-options.html",
  "status": 200,
  "from": "sitemap"
 },
 {
  "url": "https://www.nzmp.com/global/en/ingredients/cheese/parmesan-and-popular-cheeses.html",
  "status": 200,
  "from": "sitemap"
 },
 {
  "url": "https://www.nzmp.com/global/en/ingredients/cheese/parmesan-and-popular-cheeses/gouda-cheese.html",
  "status": 200,
  "from": "sitemap"
 },
 {
  "url": "https://www.nzmp.com/global/en/ingredients/cheese/mozzarella-options/mozzarella-curd.html",
  "status": 200,
  "from": "sitemap"
 },
 {
  "url": "https://www.nzmp.com/global/en/ingredients/cheese/mozzarella-options/iqf-mozzarella.html",
  "status": 200,
  "from": "sitemap"
 },
 {
  "url": "https://www.nzmp.com/global/en/ingredients/cheese/mozzarella-options/easy-shred-mozzarella-nz.html",
  "status": 200,
  "from": "sitemap"
 },
 {
  "url": "https://www.nzmp.com/global/en/ingredients/cheese/parmesan-and-popular-cheeses/edam-cheese.html",
  "status": 200,
  "from": "sitemap"
 },
 {
  "url": "https://www.nzmp.com/global/en/ingredients/cheese/mozzarella-options/medium-fat-mozzarella.html",
  "status": 200,
  "from": "sitemap"
 },
 {
  "url": "https://www.nzmp.com/global/en/ingredients/cheese/parmesan-and-popular-cheeses/swiss-style-cheese.html",
  "status": 200,
  "from": "sitemap"
 },
 {
  "url": "https://www.nzmp.com/global/en/ingredients/cheese/mozzarella-options/premium-chilled-mozzarella.html",
  "status": 200,
  "from": "sitemap"
 },
 {
  "url": "https://www.nzmp.com/global/en/ingredients/cheese/parmesan-and-popular-cheeses/colby-cheese.html",
  "status": 200,
  "from": "sitemap"
 },
 {
  "url": "https://www.nzmp.com/global/en/ingredients/cheese/cream-cheese.html",
  "status": 200,
  "from": "sitemap"
 },
 {
  "url": "https://www.nzmp.com/global/en/ingredients/cheese/new-zealand-cheeses/egmont-cheese.html",
  "status": 200,
  "from": "sitemap"
 },
 {
  "url": "https://www.nzmp.com/global/en/ingredients/cheese/new-zealand-cheeses.html",
  "status": 200,
  "from": "sitemap"
 },
 {
  "url": "https://www.nzmp.com/global/en/ingredients/proteins.html",
  "status": 200,
  "from": "sitemap"
 },
 {
  "url": "https://www.nzmp.com/global/en/ingredients/cheese/repack-cheese.html",
  "status": 200,
  "from": "sitemap"
 },
 {
  "url": "https://www.nzmp.com/global/en/ingredients/cheese/parmesan-and-popular-cheeses/parmesan-cheese.html",
  "status": 200,
  "from": "sitemap"
 },
 {
  "url": "https://www.nzmp.com/global/en/ingredients/proteins/milk-protein-concentrates.html",
  "status": 200,
  "from": "sitemap"
 },
 {
  "url": "https://www.nzmp.com/global/en/ingredients/proteins/milk-protein-concentrates/nzmp-sureprotein-mpc-4881.html",
  "status": 200,
  "from": "sitemap"
 },
 {
  "url": "https://www.nzmp.com/global/en/ingredients/proteins/milk-protein-concentrates/nzmp-milk-protein-concentrate-470.html",
  "status": 200,
  "from": "sitemap"
 },
 {
  "url": "https://www.nzmp.com/global/en/ingredients/proteins/milk-protein-concentrates/nzmp-mpc-4861.html",
  "status": 200,
  "from": "sitemap"
 },
 {
  "url": "https://www.nzmp.com/global/en/ingredients/proteins/milk-protein-concentrates/nzmp-mpc-4851.html",
  "status": 200,
  "from": "sitemap"
 },
 {
  "url": "https://www.nzmp.com/global/en/ingredients/proteins/milk-protein-concentrates/organic-milk-protein-concentrate-485.html",
  "status": 200,
  "from": "sitemap"
 },
 {
  "url": "https://www.nzmp.com/global/en/ingredients/proteins/milk-protein-concentrates/nzmp-milk-protein-concentrate-485.html",
  "status": 200,
  "from": "sitemap"
 },
 {
  "url": "https://www.nzmp.com/global/en/ingredients/proteins/whey-protein-concentrates.html",
  "status": 200,
  "from": "sitemap"
 },
 {
  "url": "https://www.nzmp.com/global/en/ingredients/cheese/new-zealand-cheeses/noble-cheese.html",
  "status": 200,
  "from": "sitemap"
 },
 {
  "url": "https://www.nzmp.com/global/en/ingredients/proteins/whey-protein-concentrates/nzmp-whey-protein-concentrate-392.html",
  "status": 200,
  "from": "sitemap"
 },
 {
  "url": "https://www.nzmp.com/global/en/ingredients/proteins/whey-protein-concentrates/nzmp-bioactive-whey-protein.html",
  "status": 200,
  "from": "sitemap"
 },
 {
  "url": "https://www.nzmp.com/global/en/ingredients/proteins/whey-protein-concentrates/nzmp-whey-protein-concentrate-480-instantised.html",
  "status": 200,
  "from": "sitemap"
 },
 {
  "url": "https://www.nzmp.com/global/en/ingredients/proteins/whey-protein-concentrates/nzmp-whey-protein-concentrate-352.html",
  "status": 200,
  "from": "sitemap"
 },
 {
  "url": "https://www.nzmp.com/global/en/ingredients/proteins/whey-protein-concentrates/nzmp-pro-optima-wpc-567.html",
  "status": 200,
  "from": "sitemap"
 },
 {
  "url": "https://www.nzmp.com/global/en/ingredients/proteins/milk-protein-concentrates/nzmp-mpc-4887.html",
  "status": 200,
  "from": "sitemap"
 },
 {
  "url": "https://www.nzmp.com/global/en/ingredients/proteins/whey-protein-concentrates/organic-whey-protein-concentrate-392.html",
  "status": 200,
  "from": "sitemap"
 },
 {
  "url": "https://www.nzmp.com/global/en/ingredients/proteins/whey-protein-concentrates/nzmp-dairy-protein-crisps-crispbar.html",
  "status": 200,
  "from": "sitemap"
 },
 {
  "url": "https://www.nzmp.com/global/en/ingredients/proteins/milk-protein-concentrates/nzmp-mpc-4882.html",
  "status": 200,
  "from": "sitemap"
 },
 {
  "url": "https://www.nzmp.com/global/en/ingredients/proteins/whey-protein-concentrates/nzmp-whey-protein-concentrate-457-decolorized.html",
  "status": 200,
  "from": "sitemap"
 },
 {
  "url": "https://www.nzmp.com/global/en/ingredients/proteins/whey-protein-concentrates/nzmp-instant-whey-protein-concentrate-450.html",
  "status": 200,
  "from": "sitemap"
 },
 {
  "url": "https://www.nzmp.com/global/en/ingredients/proteins/whey-protein-concentrates/nzmp-whey-protein-concentrate-132.html",
  "status": 200,
  "from": "sitemap"
 },
 {
  "url": "https://www.nzmp.com/global/en/ingredients/proteins/whey-protein-concentrates/nzmp-flex-wpc-515.html",
  "status": 200,
  "from": "sitemap"
 },
 {
  "url": "https://www.nzmp.com/global/en/ingredients/proteins/whey-protein-concentrates/nzmp-flow-wpc-510.html",
  "status": 200,
  "from": "sitemap"
 },
 {
  "url": "https://www.nzmp.com/global/en/ingredients/proteins/whey-protein-concentrates/nzmp-whey-protein-concentrate-397.html",
  "status": 200,
  "from": "sitemap"
 },
 {
  "url": "https://www.nzmp.com/global/en/ingredients/proteins/whey-protein-concentrates/nzmp-whey-protein-concentrate-322.html",
  "status": 200,
  "from": "sitemap"
 },
 {
  "url": "https://www.nzmp.com/global/en/ingredients/proteins/whey-protein-concentrates/nzmp-wpc-550.html",
  "status": 200,
  "from": "sitemap"
 },
 {
  "url": "https://www.nzmp.com/global/en/ingredients/proteins/whey-protein-concentrates/nzmp-whey-protein-concentrate-472.html",
  "status": 200,
  "from": "sitemap"
 },
 {
  "url": "https://www.nzmp.com/global/en/ingredients/proteins/whey-protein-concentrates/nzmp-whey-protein-concentrate-356.html",
  "status": 200,
  "from": "sitemap"
 },
 {
  "url": "https://www.nzmp.com/global/en/ingredients/proteins/whey-protein-isolates.html",
  "status": 200,
  "from": "sitemap"
 },
 {
  "url": "https://www.nzmp.com/global/en/ingredients/proteins/whey-protein-isolates/nzmp-optibar.html",
  "status": 200,
  "from": "sitemap"
 },
 {
  "url": "https://www.nzmp.com/global/en/ingredients/proteins/whey-protein-isolates/nzmp-wpi-895.html",
  "status": 200,
  "from": "sitemap"
 },
 {
  "url": "https://www.nzmp.com/global/en/ingredients/proteins/whey-protein-concentrates/nzmp-whey-protein-concentrate-162.html",
  "status": 200,
  "from": "sitemap"
 },
 {
  "url": "https://www.nzmp.com/global/en/ingredients/proteins/whey-protein-isolates/nzmp-clear-wpi-8855.html",
  "status": 200,
  "from": "sitemap"
 },
 {
  "url": "https://www.nzmp.com/global/en/ingredients/proteins/whey-protein-isolates/nzmp-instant-whey-protein-isolate-894.html",
  "status": 200,
  "from": "sitemap"
 },
 {
  "url": "https://www.nzmp.com/global/en/ingredients/proteins/whey-protein-isolates/nzmp-instant-whey-protein-isolate-895.html",
  "status": 200,
  "from": "sitemap"
 },
 {
  "url": "https://www.nzmp.com/global/en/ingredients/proteins/milk-protein-isolates.html",
  "status": 200,
  "from": "sitemap"
 },
 {
  "url": "https://www.nzmp.com/global/en/ingredients/proteins/milk-protein-isolates/nzmp-softbar-1000.html",
  "status": 200,
  "from": "sitemap"
 },
 {
  "url": "https://www.nzmp.com/global/en/ingredients/proteins/caseins-and-caseinates.html",
  "status": 200,
  "from": "sitemap"
 },
 {
  "url": "https://www.nzmp.com/global/en/ingredients/proteins/caseins-and-caseinates/acid-casein.html",
  "status": 200,
  "from": "sitemap"
 },
 {
  "url": "https://www.nzmp.com/global/en/ingredients/proteins/whey-protein-concentrates/nzmp-whey-protein-concentrate-7009.html",
  "status": 200,
  "from": "sitemap"
 },
 {
  "url": "https://www.nzmp.com/global/en/ingredients/proteins/caseins-and-caseinates/acid-casein/acid-casein-741.html",
  "status": 200,
  "from": "sitemap"
 },
 {
  "url": "https://www.nzmp.com/global/en/ingredients/proteins/caseins-and-caseinates/acid-casein/nzmp-lactic-casein-720.html",
  "status": 200,
  "from": "sitemap"
 },
 {
  "url": "https://www.nzmp.com/global/en/ingredients/proteins/caseins-and-caseinates/caseinates.html",
  "status": 200,
  "from": "sitemap"
 },
 {
  "url": "https://www.nzmp.com/global/en/ingredients/proteins/caseins-and-caseinates/caseinates/nzmp-sodium-caseinate-180.html",
  "status": 200,
  "from": "sitemap"
 },
 {
  "url": "https://www.nzmp.com/global/en/ingredients/proteins/caseins-and-caseinates/caseinates/nzmp-calcium-caseinate-309.html",
  "status": 200,
  "from": "sitemap"
 },
 {
  "url": "https://www.nzmp.com/global/en/ingredients/proteins/caseins-and-caseinates/caseinates/nzmp-calcium-caseinate-385.html",
  "status": 200,
  "from": "sitemap"
 },
 {
  "url": "https://www.nzmp.com/global/en/ingredients/proteins/caseins-and-caseinates/caseinates/nzmp-sodium-caseinate-166.html",
  "status": 200,
  "from": "sitemap"
 },
 {
  "url": "https://www.nzmp.com/global/en/ingredients/proteins/caseins-and-caseinates/caseinates/nzmp-sodium-caseinate-167.html",
  "status": 200,
  "from": "sitemap"
 },
 {
  "url": "https://www.nzmp.com/global/en/ingredients/proteins/caseins-and-caseinates/rennet-casein.html",
  "status": 200,
  "from": "sitemap"
 },
 {
  "url": "https://www.nzmp.com/global/en/ingredients/proteins/caseins-and-caseinates/rennet-casein/nzmp-rennet-casein-771.html",
  "status": 200,
  "from": "sitemap"
 },
 {
  "url": "https://www.nzmp.com/global/en/ingredients/proteins/milk-protein-isolates/nzmp-milk-protein-isolate-4900.html",
  "status": 200,
  "from": "sitemap"
 },
 {
  "url": "https://www.nzmp.com/global/en/ingredients/proteins/functional-proteins.html",
  "status": 200,
  "from": "sitemap"
 },
 {
  "url": "https://www.nzmp.com/global/en/ingredients/proteins/total-milk-proteins.html",
  "status": 200,
  "from": "sitemap"
 },
 {
  "url": "https://www.nzmp.com/global/en/ingredients/proteins/hydrolysates/nzmp-whey-protein-hydrolysate-7051.html",
  "status": 200,
  "from": "sitemap"
 },
 {
  "url": "https://www.nzmp.com/global/en/ingredients/proteins/hydrolysates/nzmp-whey-protein-hydrolysate-917.html",
  "status": 200,
  "from": "sitemap"
 },
 {
  "url": "https://www.nzmp.com/global/en/ingredients/proteins/nzmp-dpc.html",
  "status": 200,
  "from": "sitemap"
 },
 {
  "url": "https://www.nzmp.com/global/en/ingredients/proteins/total-milk-proteins/nzmp-total-milk-protein-shortbar-1104.html",
  "status": 200,
  "from": "sitemap"
 },
 {
  "url": "https://www.nzmp.com/global/en/ingredients/specialty.html",
  "status": 200,
  "from": "sitemap"
 },
 {
  "url": "https://www.nzmp.com/global/en/ingredients/proteins/hydrolysates.html",
  "status": 200,
  "from": "sitemap"
 },
 {
  "url": "https://www.nzmp.com/global/en/ingredients/proteins/caseins-and-caseinates/rennet-casein/sureprotein-rennet-casein-779.html",
  "status": 200,
  "from": "sitemap"
 },
 {
  "url": "https://www.nzmp.com/global/en/ingredients/proteins/hydrolysates/nzmp-whey-protein-hydrolysate-821.html",
  "status": 200,
  "from": "sitemap"
 },
 {
  "url": "https://www.nzmp.com/global/en/ingredients/specialty/complex-lipids.html",
  "status": 200,
  "from": "sitemap"
 },
 {
  "url": "https://www.nzmp.com/global/en/ingredients/proteins/caseins-and-caseinates/caseinates/calcium-caseinate-380.html",
  "status": 200,
  "from": "sitemap"
 },
 {
  "url": "https://www.nzmp.com/global/en/ingredients/specialty/complex-lipids/milk-phospholipids.html",
  "status": 200,
  "from": "sitemap"
 },
 {
  "url": "https://www.nzmp.com/global/en/ingredients/specialty/complex-lipids/surestart-mfgm-lipids.html",
  "status": 200,
  "from": "sitemap"
 },
 {
  "url": "https://www.nzmp.com/global/en/ingredients/specialty/lactoferrin.html",
  "status": 200,
  "from": "sitemap"
 },
 {
  "url": "https://www.nzmp.com/global/en/ingredients/specialty/lactoferrin/nzmp-lactoferrin.html",
  "status": 200,
  "from": "sitemap"
 },
 {
  "url": "https://www.nzmp.com/global/en/ingredients/specialty/complex-lipids/surestart-mfgm-lipid-70.html",
  "status": 200,
  "from": "sitemap"
 },
 {
  "url": "https://www.nzmp.com/global/en/ingredients/specialty/complex-lipids/surestart-mfgm-lipid-100.html",
  "status": 200,
  "from": "sitemap"
 },
 {
  "url": "https://www.nzmp.com/global/en/ingredients/specialty/lactoferrin/surestart-lactoferrin.html",
  "status": 200,
  "from": "sitemap"
 },
 {
  "url": "https://www.nzmp.com/global/en/ingredients/specialty/prebiotics.html",
  "status": 200,
  "from": "sitemap"
 },
 {
  "url": "https://www.nzmp.com/global/en/ingredients/specialty/prebiotics/galacto-oligosaccharide-gos-prebiotic-fibre.html",
  "status": 200,
  "from": "sitemap"
 },
 {
  "url": "https://www.nzmp.com/global/en/ingredients/specialty/probiotics.html",
  "status": 200,
  "from": "sitemap"
 },
 {
  "url": "https://www.nzmp.com/global/en/ingredients/specialty/probiotics/nzmp-lactob-hn001.html",
  "status": 200,
  "from": "sitemap"
 },
 {
  "url": "https://www.nzmp.com/global/en/ingredients/specialty/probiotics/nzmp-bifidob-hn019.html",
  "status": 200,
  "from": "sitemap"
 },
 {
  "url": "https://www.nzmp.com/global/en/ingredients/specialty/probiotics/nzmp-surestart-bifidob-hn019.html",
  "status": 200,
  "from": "sitemap"
 },
 {
  "url": "https://www.nzmp.com/global/en/ingredients/specialty/probiotics/nzmp-surestart-lactob-hn001.html",
  "status": 200,
  "from": "sitemap"
 },
 {
  "url": "https://www.nzmp.com/global/en/ingredients/specialty/hydrolysates.html",
  "status": 200,
  "from": "sitemap"
 },
 {
  "url": "https://www.nzmp.com/global/en/applications.html",
  "status": 200,
  "from": "sitemap"
 },
 {
  "url": "https://www.nzmp.com/global/en/applications/consumer-milk-powders.html",
  "status": 200,
  "from": "sitemap"
 },
 {
  "url": "https://www.nzmp.com/global/en/applications/consumer-milk-powders/benefit-platforms.html",
  "status": 200,
  "from": "sitemap"
 },
 {
  "url": "https://www.nzmp.com/global/en/applications/consumer-milk-powders/benefit-platforms/kids-growth-development.html",
  "status": 200,
  "from": "sitemap"
 },
 {
  "url": "https://www.nzmp.com/global/en/applications/consumer-milk-powders/benefit-platforms/everyday-active-bodies-minds.html",
  "status": 200,
  "from": "sitemap"
 },
 {
  "url": "https://www.nzmp.com/global/en/applications/consumer-milk-powders/benefit-platforms/healthy-ageing.html",
  "status": 200,
  "from": "sitemap"
 },
 {
  "url": "https://www.nzmp.com/global/en/applications/consumer-milk-powders/benefit-platforms/immunity.html",
  "status": 200,
  "from": "sitemap"
 },
 {
  "url": "https://www.nzmp.com/global/en/applications/consumer-milk-powders/benefit-platforms/targeted-health.html",
  "status": 200,
  "from": "sitemap"
 },
 {
  "url": "https://www.nzmp.com/global/en/applications/consumer-milk-powders/benefit-platforms/bone-teeth-health.html",
  "status": 200,
  "from": "sitemap"
 },
 {
  "url": "https://www.nzmp.com/global/en/applications/medical-nutrition/concepts.html",
  "status": 200,
  "from": "sitemap"
 },
 {
  "url": "https://www.nzmp.com/global/en/applications/medical-nutrition.html",
  "status": 200,
  "from": "sitemap"
 },
 {
  "url": "https://www.nzmp.com/global/en/ingredients/specialty/lactose.html",
  "status": 200,
  "from": "sitemap"
 },
 {
  "url": "https://www.nzmp.com/global/en/applications/medical-nutrition/low-lactose-dairy-nutrition-with-nzmp.html",
  "status": 200,
  "from": "sitemap"
 },
 {
  "url": "https://www.nzmp.com/global/en/applications/active-lifestyle.html",
  "status": 200,
  "from": "sitemap"
 },
 {
  "url": "https://www.nzmp.com/global/en/applications/consumer-milk-powders/benefit-platforms/cognitive-health-wellbeing.html",
  "status": 200,
  "from": "sitemap"
 },
 {
  "url": "https://www.nzmp.com/global/en/applications/active-lifestyle/benefit-platforms/immunity.html",
  "status": 200,
  "from": "sitemap"
 },
 {
  "url": "https://www.nzmp.com/global/en/applications/active-lifestyle/benefit-platforms.html",
  "status": 200,
  "from": "sitemap"
 },
 {
  "url": "https://www.nzmp.com/global/en/applications/active-lifestyle/benefit-platforms/muscle-health.html",
  "status": 200,
  "from": "sitemap"
 },
 {
  "url": "https://www.nzmp.com/global/en/applications/active-lifestyle/applications.html",
  "status": 200,
  "from": "sitemap"
 },
 {
  "url": "https://www.nzmp.com/global/en/applications/active-lifestyle/benefit-platforms/sarcopenia.html",
  "status": 200,
  "from": "sitemap"
 },
 {
  "url": "https://www.nzmp.com/global/en/applications/active-lifestyle/applications/ready-to-mix.html",
  "status": 200,
  "from": "sitemap"
 },
 {
  "url": "https://www.nzmp.com/global/en/applications/active-lifestyle/applications/supplements.html",
  "status": 200,
  "from": "sitemap"
 },
 {
  "url": "https://www.nzmp.com/global/en/applications/active-lifestyle/applications/nutrition-bars.html",
  "status": 200,
  "from": "sitemap"
 },
 {
  "url": "https://www.nzmp.com/global/en/applications/active-lifestyle/benefit-platforms/stress-mood-enhancement.html",
  "status": 200,
  "from": "sitemap"
 },
 {
  "url": "https://www.nzmp.com/global/en/applications/active-lifestyle/applications/ready-to-mix/brain-and-body-protein-powder.html",
  "status": 200,
  "from": "sitemap"
 },
 {
  "url": "https://www.nzmp.com/global/en/applications/active-lifestyle/applications/nutrition-bars/low-sugar-high-protein-dough-bar.html",
  "status": 200,
  "from": "sitemap"
 },
 {
  "url": "https://www.nzmp.com/global/en/applications/active-lifestyle/applications/nutrition-bars/granola-protein-bar.html",
  "status": 200,
  "from": "sitemap"
 },
 {
  "url": "https://www.nzmp.com/global/en/applications/active-lifestyle/applications/nutrition-bars/all-the-whey-dough-bar.html",
  "status": 200,
  "from": "sitemap"
 },
 {
  "url": "https://www.nzmp.com/global/en/applications/active-lifestyle/benefit-platforms/weight-management.html",
  "status": 200,
  "from": "sitemap"
 },
 {
  "url": "https://www.nzmp.com/global/en/applications/active-lifestyle/applications/nutrition-bars/oatmeal-cookie-dough-bar.html",
  "status": 200,
  "from": "sitemap"
 },
 {
  "url": "https://www.nzmp.com/global/en/applications/active-lifestyle/applications/ready-to-drink.html",
  "status": 200,
  "from": "sitemap"
 },
 {
  "url": "https://www.nzmp.com/global/en/applications/active-lifestyle/applications/food-and-snacks.html",
  "status": 200,
  "from": "sitemap"
 },
 {
  "url": "https://www.nzmp.com/global/en/applications/active-lifestyle/applications/food-and-snacks/high-protein-muffin-mix.html",
  "status": 200,
  "from": "sitemap"
 },
 {
  "url": "https://www.nzmp.com/global/en/applications/active-lifestyle/applications/food-and-snacks/high-protein-pancake-mix.html",
  "status": 200,
  "from": "sitemap"
 },
 {
  "url": "https://www.nzmp.com/global/en/applications/active-lifestyle/applications/nutrition-bars/all-the-whey-crunch-bar.html",
  "status": 200,
  "from": "sitemap"
 },
 {
  "url": "https://www.nzmp.com/global/en/applications/active-lifestyle/applications/nutrition-bars/nougat-protein-bar.html",
  "status": 200,
  "from": "sitemap"
 },
 {
  "url": "https://www.nzmp.com/global/en/applications/active-lifestyle/applications/food-and-snacks/high-protein-energy-balls.html",
  "status": 200,
  "from": "sitemap"
 },
 {
  "url": "https://www.nzmp.com/global/en/applications/food-manufacture.html",
  "status": 200,
  "from": "sitemap"
 },
 {
  "url": "https://www.nzmp.com/global/en/applications/food-manufacture/applications.html",
  "status": 200,
  "from": "sitemap"
 },
 {
  "url": "https://www.nzmp.com/global/en/applications/active-lifestyle/applications/nutrition-bars/stress-buster-nutritional-bars.html",
  "status": 200,
  "from": "sitemap"
 },
 {
  "url": "https://www.nzmp.com/global/en/applications/active-lifestyle/applications/food-and-snacks/high-protein-brownie-mix.html",
  "status": 200,
  "from": "sitemap"
 },
 {
  "url": "https://www.nzmp.com/global/en/applications/food-manufacture/applications/pizza-and-baking.html",
  "status": 200,
  "from": "sitemap"
 },
 {
  "url": "https://www.nzmp.com/global/en/applications/active-lifestyle/applications/food-and-snacks/high-protein-cookies.html",
  "status": 200,
  "from": "sitemap"
 },
 {
  "url": "https://www.nzmp.com/global/en/applications/food-manufacture/applications/pizza-and-baking/better-ingredients-better-cheese.html",
  "status": 200,
  "from": "sitemap"
 },
 {
  "url": "https://www.nzmp.com/global/en/applications/food-manufacture/applications/pizza-and-baking/why-is-nzmp-iqf-naturally-good.html",
  "status": 200,
  "from": "sitemap"
 },
 {
  "url": "https://www.nzmp.com/global/en/applications/food-manufacture/applications/bakery.html",
  "status": 200,
  "from": "sitemap"
 },
 {
  "url": "https://www.nzmp.com/global/en/applications/food-manufacture/applications/meals-and-snacks.html",
  "status": 200,
  "from": "sitemap"
 },
 {
  "url": "https://www.nzmp.com/global/en/applications/food-manufacture/applications/pizza-and-baking/mozzarella-a-rising-star.html",
  "status": 200,
  "from": "sitemap"
 },
 {
  "url": "https://www.nzmp.com/global/en/applications/food-manufacture/applications/processed-cream-cheese.html",
  "status": 200,
  "from": "sitemap"
 },
 {
  "url": "https://www.nzmp.com/global/en/applications/food-manufacture/applications/processed-cheese.html",
  "status": 200,
  "from": "sitemap"
 },
 {
  "url": "https://www.nzmp.com/global/en/applications/food-manufacture/applications/ice-cream.html",
  "status": 200,
  "from": "sitemap"
 },
 {
  "url": "https://www.nzmp.com/global/en/applications/beverages.html",
  "status": 200,
  "from": "sitemap"
 },
 {
  "url": "https://www.nzmp.com/global/en/applications/food-manufacture/applications/pizza-and-baking/why-mozzarella-best-cheese-for-pizza-topping.html",
  "status": 200,
  "from": "sitemap"
 },
 {
  "url": "https://www.nzmp.com/global/en/applications/beverages/benefit-platforms/elevated-experiences.html",
  "status": 200,
  "from": "sitemap"
 },
 {
  "url": "https://www.nzmp.com/global/en/applications/beverages/benefit-platforms/everyday-nutrition.html",
  "status": 200,
  "from": "sitemap"
 },
 {
  "url": "https://www.nzmp.com/global/en/applications/yoghurts-and-cultured-products.html",
  "status": 200,
  "from": "sitemap"
 },
 {
  "url": "https://www.nzmp.com/global/en/applications/beverages/benefit-platforms/functional-wellness.html",
  "status": 200,
  "from": "sitemap"
 },
 {
  "url": "https://www.nzmp.com/global/en/applications/yoghurts-and-cultured-products/benefit-platforms.html",
  "status": 200,
  "from": "sitemap"
 },
 {
  "url": "https://www.nzmp.com/global/en/applications/beverages/benefit-platforms.html",
  "status": 200,
  "from": "sitemap"
 },
 {
  "url": "https://www.nzmp.com/global/en/applications/yoghurts-and-cultured-products/benefit-platforms/everyday-nutrition.html",
  "status": 200,
  "from": "sitemap"
 },
 {
  "url": "https://www.nzmp.com/global/en/applications/beverages/benefit-platforms/fuel.html",
  "status": 200,
  "from": "sitemap"
 },
 {
  "url": "https://www.nzmp.com/global/en/applications/yoghurts-and-cultured-products/benefit-platforms/fuel.html",
  "status": 200,
  "from": "sitemap"
 },
 {
  "url": "https://www.nzmp.com/global/en/applications/organic-dairy.html",
  "status": 200,
  "from": "sitemap"
 },
 {
  "url": "https://www.nzmp.com/global/en/applications/organic-dairy/organic-product-claims.html",
  "status": 200,
  "from": "sitemap"
 },
 {
  "url": "https://www.nzmp.com/global/en/sustainability.html",
  "status": 200,
  "from": "sitemap"
 },
 {
  "url": "https://www.nzmp.com/global/en/sustainability/nz-grass-fed-difference.html",
  "status": 200,
  "from": "sitemap"
 },
 {
  "url": "https://www.nzmp.com/global/en/sustainability/carbon-footprinter.html",
  "status": 200,
  "from": "sitemap"
 },
 {
  "url": "https://www.nzmp.com/global/en/sustainability/our-commitments-targets.html",
  "status": 200,
  "from": "sitemap"
 },
 {
  "url": "https://www.nzmp.com/global/en/applications/yoghurts-and-cultured-products/benefit-platforms/functional-wellness.html",
  "status": 200,
  "from": "sitemap"
 },
 {
  "url": "https://www.nzmp.com/global/en/applications/yoghurts-and-cultured-products/benefit-platforms/elevated-experiences.html",
  "status": 200,
  "from": "sitemap"
 },
 {
  "url": "https://www.nzmp.com/global/en/sustainability/fonterra-sustainability-solutions.html",
  "status": 200,
  "from": "sitemap"
 },
 {
  "url": "https://www.nzmp.com/global/en/sustainability/fonterra-sustainability-solutions/performance-benchmarking.html",
  "status": 200,
  "from": "sitemap"
 },
 {
  "url": "https://www.nzmp.com/global/en/sustainability/fonterra-sustainability-solutions/climate-tools.html",
  "status": 200,
  "from": "sitemap"
 },
 {
  "url": "https://www.nzmp.com/global/en/sustainability/fonterra-sustainability-solutions/natural-dairy-claims.html",
  "status": 200,
  "from": "sitemap"
 },
 {
  "url": "https://www.nzmp.com/global/en/sustainability/regenerative-agriculture.html",
  "status": 200,
  "from": "sitemap"
 },
 {
  "url": "https://www.nzmp.com/global/en/sustainability/fonterra-sustainability-solutions/natural-dairy-claims/organics.html",
  "status": 200,
  "from": "sitemap"
 },
 {
  "url": "https://www.nzmp.com/global/en/applications/organic-dairy/organic-supply.html",
  "status": 200,
  "from": "sitemap"
 },
 {
  "url": "https://www.nzmp.com/global/en/sustainability/fonterra-sustainability-solutions/natural-dairy-claims/grass-pasture-fed-standard.html",
  "status": 200,
  "from": "sitemap"
 },
 {
  "url": "https://www.nzmp.com/global/en/sustainability/fonterra-sustainability-solutions/resources-partnerships.html",
  "status": 200,
  "from": "sitemap"
 },
 {
  "url": "https://www.nzmp.com/global/en/sustainability/fonterra-sustainability-solutions/natural-dairy-claims/grass-fed-faqs.html",
  "status": 200,
  "from": "sitemap"
 },
 {
  "url": "https://www.nzmp.com/global/en/how-to-buy.html",
  "status": 200,
  "from": "sitemap"
 },
 {
  "url": "https://www.nzmp.com/global/en/how-to-buy/buy-online.html",
  "status": 200,
  "from": "sitemap"
 },
 {
  "url": "https://www.nzmp.com/global/en/how-to-buy/nzmp-authorised-resellers.html",
  "status": 200,
  "from": "sitemap"
 },
 {
  "url": "https://www.nzmp.com/global/en/how-to-buy/nzmp-authorised-resellers/find-a-nzmp-reseller.html",
  "status": 200,
  "from": "sitemap"
 },
 {
  "url": "https://www.nzmp.com/global/en/sustainability/fonterra-sustainability-solutions/resources-partnerships/sustainability-resources.html",
  "status": 200,
  "from": "sitemap"
 },
 {
  "url": "https://www.nzmp.com/global/en/how-to-buy/nzmp-sales-network.html",
  "status": 200,
  "from": "sitemap"
 },
 {
  "url": "https://www.nzmp.com/global/en/how-to-buy/become-a-customer.html",
  "status": 200,
  "from": "sitemap"
 },
 {
  "url": "https://www.nzmp.com/global/en/how-to-buy/mynzmp.html",
  "status": 200,
  "from": "sitemap"
 },
 {
  "url": "https://www.nzmp.com/global/en/news.html",
  "status": 200,
  "from": "sitemap"
 },
 {
  "url": "https://www.nzmp.com/global/en/sustainability/fonterra-sustainability-solutions/resources-partnerships/meet-our-sustainability-experts.html",
  "status": 200,
  "from": "sitemap"
 },
 {
  "url": "https://www.nzmp.com/global/en/news/benefits-of-low-gi-foods.html",
  "status": 200,
  "from": "sitemap"
 },
 {
  "url": "https://www.nzmp.com/global/en/news/trends-at-gulfood-2020.html",
  "status": 200,
  "from": "sitemap"
 },
 {
  "url": "https://www.nzmp.com/global/en/news/nutrition-malnutrition-coronavirus.html",
  "status": 200,
  "from": "sitemap"
 },
 {
  "url": "https://www.nzmp.com/global/en/news/coronavirus-fueling-immunity-awareness.html",
  "status": 200,
  "from": "sitemap"
 },
 {
  "url": "https://www.nzmp.com/global/en/news/ingredients-for-immunity.html",
  "status": 200,
  "from": "sitemap"
 },
 {
  "url": "https://www.nzmp.com/global/en/news/interview-nz-olympian-tom-walsh.html",
  "status": 200,
  "from": "sitemap"
 },
 {
  "url": "https://www.nzmp.com/global/en/news/nzmp-launches-new-bar-ingredients.html",
  "status": 200,
  "from": "sitemap"
 },
 {
  "url": "https://www.nzmp.com/global/en/news/nzmp-cheese-butter-cream-cheese-win-again-this-year.html",
  "status": 200,
  "from": "sitemap"
 },
 {
  "url": "https://www.nzmp.com/global/en/news/probiotics-immunity-coronavirus.html",
  "status": 200,
  "from": "sitemap"
 },
 {
  "url": "https://www.nzmp.com/global/en/news/perioperative-protein-needs.html",
  "status": 200,
  "from": "sitemap"
 },
 {
  "url": "https://www.nzmp.com/global/en/news/love-of-food-for-patients.html",
  "status": 200,
  "from": "sitemap"
 },
 {
  "url": "https://www.nzmp.com/global/en/news/oncology-dietitian-life-michele-szafranski.html",
  "status": 200,
  "from": "sitemap"
 },
 {
  "url": "https://www.nzmp.com/global/en/news/expo-west-2020.html",
  "status": 200,
  "from": "sitemap"
 },
 {
  "url": "https://www.nzmp.com/global/en/news/nzmp-at-aspen-2020.html",
  "status": 200,
  "from": "sitemap"
 },
 {
  "url": "https://www.nzmp.com/global/en/news/whey-for-living.html",
  "status": 200,
  "from": "sitemap"
 },
 {
  "url": "https://www.nzmp.com/global/en/news/nzmp-trends-fi-europe-2019.html",
  "status": 200,
  "from": "sitemap"
 },
 {
  "url": "https://www.nzmp.com/global/en/news/fia-asia-trends.html",
  "status": 200,
  "from": "sitemap"
 },
 {
  "url": "https://www.nzmp.com/global/en/news/hospitalized-patient-nutrient-needs.html",
  "status": 200,
  "from": "sitemap"
 },
 {
  "url": "https://www.nzmp.com/global/en/news/patient-protein-requirements-chronic-disease.html",
  "status": 200,
  "from": "sitemap"
 },
 {
  "url": "https://www.nzmp.com/global/en/news/nzmp-sea-reseller-conference-2019.html",
  "status": 200,
  "from": "sitemap"
 },
 {
  "url": "https://www.nzmp.com/global/en/news/nzmp-at-ssw-2019.html",
  "status": 200,
  "from": "sitemap"
 },
 {
  "url": "https://www.nzmp.com/global/en/news/trends-redefining-bar-market.html",
  "status": 200,
  "from": "sitemap"
 },
 {
  "url": "https://www.nzmp.com/global/en/news/foodspring-and-nzmp-partnership.html",
  "status": 200,
  "from": "sitemap"
 },
 {
  "url": "https://www.nzmp.com/global/en/news/medical-nutrition.html",
  "status": 200,
  "from": "sitemap"
 },
 {
  "url": "https://www.nzmp.com/global/en/news/meet-maarten-van-beek.html",
  "status": 200,
  "from": "sitemap"
 },
 {
  "url": "https://www.nzmp.com/global/en/news/nzmp-at-fia-2019.html",
  "status": 200,
  "from": "sitemap"
 },
 {
  "url": "https://www.nzmp.com/global/en/news/nzmp-at-food-and-beverage-west-africa.html",
  "status": 200,
  "from": "sitemap"
 },
 {
  "url": "https://www.nzmp.com/global/en/news/meeting-seniors-nutrition-needs-with-low-lactose-dairy.html",
  "status": 200,
  "from": "sitemap"
 },
 {
  "url": "https://www.nzmp.com/global/en/news/whey-proteins-in-medical-nutrition.html",
  "status": 200,
  "from": "sitemap"
 },
 {
  "url": "https://www.nzmp.com/global/en/news/new-amf-15-litre-convenience-pack.html",
  "status": 200,
  "from": "sitemap"
 },
 {
  "url": "https://www.nzmp.com/global/en/news/cycle-for-a-cause.html",
  "status": 200,
  "from": "sitemap"
 },
 {
  "url": "https://www.nzmp.com/global/en/news/mark-piper-leading-a-culture-of-innovation.html",
  "status": 200,
  "from": "sitemap"
 },
 {
  "url": "https://www.nzmp.com/global/en/news/steve-holroyd-creating-the-standard-for-dairy-ingredients2.html",
  "status": 200,
  "from": "sitemap"
 },
 {
  "url": "https://www.nzmp.com/global/en/news/nzmp-ingredients-win-35-medals-this-year.html",
  "status": 200,
  "from": "sitemap"
 },
 {
  "url": "https://www.nzmp.com/global/en/news/proteins-for-patients.html",
  "status": 200,
  "from": "sitemap"
 },
 {
  "url": "https://www.nzmp.com/global/en/news/reach-mainstream-protein-consumers-with-nzmp-wpc-550.html",
  "status": 200,
  "from": "sitemap"
 },
 {
  "url": "https://www.nzmp.com/global/en/news/solutions-for-the-ageing-population.html",
  "status": 200,
  "from": "sitemap"
 },
 {
  "url": "https://www.nzmp.com/global/en/news/low-down-on-nzmps-protein-advantage.html",
  "status": 200,
  "from": "sitemap"
 },
 {
  "url": "https://www.nzmp.com/global/en/news/nzmp-wins-good-energy-award-from-premier-protein.html",
  "status": 200,
  "from": "sitemap"
 },
 {
  "url": "https://www.nzmp.com/global/en/news/taking-a-proactive-approach-to-ageing.html",
  "status": 200,
  "from": "sitemap"
 },
 {
  "url": "https://www.nzmp.com/global/en/news/overcoming-whey-protein-processing-challenges.html",
  "status": 200,
  "from": "sitemap"
 },
 {
  "url": "https://www.nzmp.com/global/en/news/nzmp-consumer-research.html",
  "status": 200,
  "from": "sitemap"
 },
 {
  "url": "https://www.nzmp.com/global/en/news/three-issues-with-medical-beverages.html",
  "status": 200,
  "from": "sitemap"
 },
 {
  "url": "https://www.nzmp.com/global/en/news/ift18-in-review.html",
  "status": 200,
  "from": "sitemap"
 },
 {
  "url": "https://www.nzmp.com/global/en/news/tetrapak-packaging-trends.html",
  "status": 200,
  "from": "sitemap"
 },
 {
  "url": "https://www.nzmp.com/global/en/news/frost-and-sullivan-presentation.html",
  "status": 200,
  "from": "sitemap"
 },
 {
  "url": "https://www.nzmp.com/global/en/news/bright-future-for-china-dairy-market.html",
  "status": 200,
  "from": "sitemap"
 },
 {
  "url": "https://www.nzmp.com/global/en/news/tour-dairy-innovation-china-teh-han-chow.html",
  "status": 200,
  "from": "sitemap"
 },
 {
  "url": "https://www.nzmp.com/global/en/news/q-n-a-with-dr-richard-swinbourne.html",
  "status": 200,
  "from": "sitemap"
 },
 {
  "url": "https://www.nzmp.com/global/en/news/case-study-nzmps-partnership-with-cp-meiji.html",
  "status": 200,
  "from": "sitemap"
 },
 {
  "url": "https://www.nzmp.com/global/en/news/what-is-driving-dairy-demand-in-asia-teh-han-chow1.html",
  "status": 200,
  "from": "sitemap"
 },
 {
  "url": "https://www.nzmp.com/global/en/news/tim-carroll-leading-innovation-at-frdc.html",
  "status": 200,
  "from": "sitemap"
 },
 {
  "url": "https://www.nzmp.com/global/en/news/nzmp-whey-protein-concentrate-80-wins-gold-medal.html",
  "status": 200,
  "from": "sitemap"
 },
 {
  "url": "https://www.nzmp.com/global/en/news/formulating-high-protein-foods-with-dairy-ingredients.html",
  "status": 200,
  "from": "sitemap"
 },
 {
  "url": "https://www.nzmp.com/global/en/news/nzmp-at-gulfood-2019.html",
  "status": 200,
  "from": "sitemap"
 },
 {
  "url": "https://www.nzmp.com/global/en/news/nzmp-at-fic-2019.html",
  "status": 200,
  "from": "sitemap"
 },
 {
  "url": "https://www.nzmp.com/global/en/news/3-questions-with-brent-vautier.html",
  "status": 200,
  "from": "sitemap"
 },
 {
  "url": "https://www.nzmp.com/global/en/news/simon-penfold-nzmp-gm-mea.html",
  "status": 200,
  "from": "sitemap"
 },
 {
  "url": "https://www.nzmp.com/global/en/news/hydration-for-elderly.html",
  "status": 200,
  "from": "sitemap"
 },
 {
  "url": "https://www.nzmp.com/global/en/news/covid-19-dairy-impact-analysis.html",
  "status": 200,
  "from": "sitemap"
 },
 {
  "url": "https://www.nzmp.com/global/en/news/webinar-raising-the-bar.html",
  "status": 200,
  "from": "sitemap"
 },
 {
  "url": "https://www.nzmp.com/global/en/news/protein-innovation-customers.html",
  "status": 200,
  "from": "sitemap"
 },
 {
  "url": "https://www.nzmp.com/global/en/news/journey-from-waste-to-whey.html",
  "status": 200,
  "from": "sitemap"
 },
 {
  "url": "https://www.nzmp.com/global/en/news/remove-the-stigma-of-snacking.html",
  "status": 200,
  "from": "sitemap"
 },
 {
  "url": "https://www.nzmp.com/global/en/news/protein-innovation-collaboration-culture.html",
  "status": 200,
  "from": "sitemap"
 },
 {
  "url": "https://www.nzmp.com/global/en/news/driving-functional-mpcs-new-heights.html",
  "status": 200,
  "from": "sitemap"
 },
 {
  "url": "https://www.nzmp.com/global/en/news/fonterra-acc-innovation-centre-china.html",
  "status": 200,
  "from": "sitemap"
 },
 {
  "url": "https://www.nzmp.com/global/en/news/collagen-peptides-vs-whey-protein.html",
  "status": 200,
  "from": "sitemap"
 },
 {
  "url": "https://www.nzmp.com/global/en/news/dairy-opportunities-plant-based-alternatives.html",
  "status": 200,
  "from": "sitemap"
 },
 {
  "url": "https://www.nzmp.com/global/en/news/top-5-consumer-trends-2019.html",
  "status": 200,
  "from": "sitemap"
 },
 {
  "url": "https://www.nzmp.com/global/en/news/espen-virtual-congress-2020.html",
  "status": 200,
  "from": "sitemap"
 },
 {
  "url": "https://www.nzmp.com/global/en/news/malnutrition-awareness-week-2020.html",
  "status": 200,
  "from": "sitemap"
 },
 {
  "url": "https://www.nzmp.com/global/en/news/webinar-better-your-bar.html",
  "status": 200,
  "from": "sitemap"
 },
 {
  "url": "https://www.nzmp.com/global/en/news/low-lactose-dairy-trends.html",
  "status": 200,
  "from": "sitemap"
 },
 {
  "url": "https://www.nzmp.com/global/en/news/whey-to-boost-immunity.html",
  "status": 200,
  "from": "sitemap"
 },
 {
  "url": "https://www.nzmp.com/global/en/news/rethinking-innovation-people-focused-lens.html",
  "status": 200,
  "from": "sitemap"
 },
 {
  "url": "https://www.nzmp.com/global/en/news/consumer-behavior-shifts-global-pandemic.html",
  "status": 200,
  "from": "sitemap"
 },
 {
  "url": "https://www.nzmp.com/global/en/news/supply-chain-visibility-importance-post-covid-19.html",
  "status": 200,
  "from": "sitemap"
 },
 {
  "url": "https://www.nzmp.com/global/en/news/fonterra-announces-annual-results-fy20.html",
  "status": 200,
  "from": "sitemap"
 },
 {
  "url": "https://www.nzmp.com/global/en/news/iwc-2020.html",
  "status": 200,
  "from": "sitemap"
 },
 {
  "url": "https://www.nzmp.com/global/en/news/webcast-wellness-inside-out.html",
  "status": 200,
  "from": "sitemap"
 },
 {
  "url": "https://www.nzmp.com/global/en/news/trends-at-ESPEN-2020.html",
  "status": 200,
  "from": "sitemap"
 },
 {
  "url": "https://www.nzmp.com/global/en/news/benefits-consumers-seek-protein.html",
  "status": 200,
  "from": "sitemap"
 },
 {
  "url": "https://www.nzmp.com/global/en/news/staying-active-to-prevent-muscle-loss.html",
  "status": 200,
  "from": "sitemap"
 },
 {
  "url": "https://www.nzmp.com/global/en/news/low-lactose-vs-plant-protein.html",
  "status": 200,
  "from": "sitemap"
 },
 {
  "url": "https://www.nzmp.com/global/en/news/muscle-recovery-growth-sports-performance.html",
  "status": 200,
  "from": "sitemap"
 },
 {
  "url": "https://www.nzmp.com/global/en/news/dairys-role-stress-management.html",
  "status": 200,
  "from": "sitemap"
 },
 {
  "url": "https://www.nzmp.com/global/en/news/meet-the-medical-team.html",
  "status": 200,
  "from": "sitemap"
 },
 {
  "url": "https://www.nzmp.com/global/en/news/nzmp-2021-cheese-awards-winners.html",
  "status": 200,
  "from": "sitemap"
 },
 {
  "url": "https://www.nzmp.com/global/en/news/returning-value-global-pandemic.html",
  "status": 200,
  "from": "sitemap"
 },
 {
  "url": "https://www.nzmp.com/global/en/news/milk-phospholipids-launch.html",
  "status": 200,
  "from": "sitemap"
 },
 {
  "url": "https://www.nzmp.com/global/en/news/next-normal-adapting-change-covid-19-times.html",
  "status": 200,
  "from": "sitemap"
 },
 {
  "url": "https://www.nzmp.com/global/en/news/protein-benefits-deep-dive.html",
  "status": 200,
  "from": "sitemap"
 },
 {
  "url": "https://www.nzmp.com/global/en/news/level-playing-field-overview-brexit-agreement.html",
  "status": 200,
  "from": "sitemap"
 },
 {
  "url": "https://www.nzmp.com/global/en/news/nutrition-and-obesity.html",
  "status": 200,
  "from": "sitemap"
 },
 {
  "url": "https://www.nzmp.com/global/en/news/nzmp-2021-dairy-innovation-summit.html",
  "status": 200,
  "from": "sitemap"
 },
 {
  "url": "https://www.nzmp.com/global/en/news/trends-aspen-2021.html",
  "status": 200,
  "from": "sitemap"
 },
 {
  "url": "https://www.nzmp.com/global/en/news/one-milk-powder-many-opportunities.html",
  "status": 200,
  "from": "sitemap"
 },
 {
  "url": "https://www.nzmp.com/global/en/news/lactoferrin-immunity-coronavirus.html",
  "status": 200,
  "from": "sitemap"
 },
 {
  "url": "https://www.nzmp.com/global/en/news/lactoferrin-supporting-immunity.html",
  "status": 200,
  "from": "sitemap"
 },
 {
  "url": "https://www.nzmp.com/global/en/news/technology-enabling-nutritional-wellbeing.html",
  "status": 200,
  "from": "sitemap"
 },
 {
  "url": "https://www.nzmp.com/global/en/news/latest-trends-infant-nutrition.html",
  "status": 200,
  "from": "sitemap"
 },
 {
  "url": "https://www.nzmp.com/global/en/news/what-is-protein.html",
  "status": 200,
  "from": "sitemap"
 },
 {
  "url": "https://www.nzmp.com/global/en/news/resilience-through-global-supply-chain-disruption.html",
  "status": 200,
  "from": "sitemap"
 },
 {
  "url": "https://www.nzmp.com/global/en/news/consumer-milk-powder-specific-health-needs.html",
  "status": 200,
  "from": "sitemap"
 },
 {
  "url": "https://www.nzmp.com/global/en/news/innovating-to-capture-immunity-trends.html",
  "status": 200,
  "from": "sitemap"
 },
 {
  "url": "https://www.nzmp.com/global/en/news/extend-food-offering-mozzarella-cheese.html",
  "status": 200,
  "from": "sitemap"
 },
 {
  "url": "https://www.nzmp.com/global/en/news/nzmp-probiotics-win-at-CGC-2021.html",
  "status": 200,
  "from": "sitemap"
 },
 {
  "url": "https://www.nzmp.com/global/en/news/nutrition-support-cancer-treatment.html",
  "status": 200,
  "from": "sitemap"
 },
 {
  "url": "https://www.nzmp.com/global/en/news/webcast-discover-value-consumer-powders.html",
  "status": 200,
  "from": "sitemap"
 },
 {
  "url": "https://www.nzmp.com/global/en/news/probiotics-opportunities-infants-children.html",
  "status": 200,
  "from": "sitemap"
 },
 {
  "url": "https://www.nzmp.com/global/en/news/measuring-protein-quality-dairy-ingredients.html",
  "status": 200,
  "from": "sitemap"
 },
 {
  "url": "https://www.nzmp.com/global/en/news/the-personalised-nutrition-future.html",
  "status": 200,
  "from": "sitemap"
 },
 {
  "url": "https://www.nzmp.com/global/en/news/5-consumer-trends-to-inform-your-innovation-pipeline.html",
  "status": 200,
  "from": "sitemap"
 },
 {
  "url": "https://www.nzmp.com/global/en/news/covid-driven-high-protein-drinking-yoghurt-trends.html",
  "status": 200,
  "from": "sitemap"
 },
 {
  "url": "https://www.nzmp.com/global/en/news/promiss-project-findings.html",
  "status": 200,
  "from": "sitemap"
 },
 {
  "url": "https://www.nzmp.com/global/en/news/alastair-macgibbon-opportunities-milk-lipids.html",
  "status": 200,
  "from": "sitemap"
 },
 {
  "url": "https://www.nzmp.com/global/en/news/premium-performance-of-gold-instant-wmp.html",
  "status": 200,
  "from": "sitemap"
 },
 {
  "url": "https://www.nzmp.com/global/en/news/five-post-covid-yoghurt-and-cultured-trends.html",
  "status": 200,
  "from": "sitemap"
 },
 {
  "url": "https://www.nzmp.com/global/en/news/fonterra-joins-medical-nutrition-international-industry.html",
  "status": 200,
  "from": "sitemap"
 },
 {
  "url": "https://www.nzmp.com/global/en/news/opportunities-for-health-enhancing-ingredients.html",
  "status": 200,
  "from": "sitemap"
 },
 {
  "url": "https://www.nzmp.com/global/en/news/espen-2021-nutrition-on-patient-care.html",
  "status": 200,
  "from": "sitemap"
 },
 {
  "url": "https://www.nzmp.com/global/en/news/new-zealand-grass-fed-dairy-and-animal-wellbeing.html",
  "status": 200,
  "from": "sitemap"
 },
 {
  "url": "https://www.nzmp.com/global/en/news/how-leveraging-texture-can-differentiate-your-products.html",
  "status": 200,
  "from": "sitemap"
 },
 {
  "url": "https://www.nzmp.com/global/en/news/unpacking-chinas-strong-growth-potential-for-cheese.html",
  "status": 200,
  "from": "sitemap"
 },
 {
  "url": "https://www.nzmp.com/global/en/news/nzx-and-sgx-global-dairy-derivatives-partners.html",
  "status": 200,
  "from": "sitemap"
 },
 {
  "url": "https://www.nzmp.com/global/en/news/gold-sponsors-sports-and-nutrition-digital-summit-europe.html",
  "status": 200,
  "from": "sitemap"
 },
 {
  "url": "https://www.nzmp.com/global/en/news/nzmp-probiotics-partnership-with-sun-genomics.html",
  "status": 200,
  "from": "sitemap"
 },
 {
  "url": "https://www.nzmp.com/global/en/news/build-bottom-line-high-protein.html",
  "status": 200,
  "from": "sitemap"
 },
 {
  "url": "https://www.nzmp.com/global/en/news/2021-a-year-in-review.html",
  "status": 200,
  "from": "sitemap"
 },
 {
  "url": "https://www.nzmp.com/global/en/news/consumer-strategies-to-manage-mental-wellness.html",
  "status": 200,
  "from": "sitemap"
 },
 {
  "url": "https://www.nzmp.com/global/en/news/nzmp-at-gulfood-2022.html",
  "status": 200,
  "from": "sitemap"
 },
 {
  "url": "https://www.nzmp.com/global/en/news/meet-the-team-japan.html",
  "status": 200,
  "from": "sitemap"
 },
 {
  "url": "https://www.nzmp.com/global/en/news/four-growth-opportunities-for-dairy-2022.html",
  "status": 200,
  "from": "sitemap"
 },
 {
  "url": "https://www.nzmp.com/global/en/news/why-new-zealand-grassfed-dairy-is-better-for-the-soil.html",
  "status": 200,
  "from": "sitemap"
 },
 {
  "url": "https://www.nzmp.com/global/en/news/gold-sponsors-sports-and-nutrition-summit-us.html",
  "status": 200,
  "from": "sitemap"
 },
 {
  "url": "https://www.nzmp.com/global/en/news/nzmp-at-gymsquare-china-2021.html",
  "status": 200,
  "from": "sitemap"
 },
 {
  "url": "https://www.nzmp.com/global/en/news/you-said-we-did.html",
  "status": 200,
  "from": "sitemap"
 },
 {
  "url": "https://www.nzmp.com/global/en/news/nzmp-wins-2021-ICDA-UK-awards.html",
  "status": 200,
  "from": "sitemap"
 },
 {
  "url": "https://www.nzmp.com/global/en/news/3-key-takeaway-us-sports-and-active-nutrition-summit.html",
  "status": 200,
  "from": "sitemap"
 },
 {
  "url": "https://www.nzmp.com/global/en/news/leveraging-protein-to-support-weight-management.html",
  "status": 200,
  "from": "sitemap"
 },
 {
  "url": "https://www.nzmp.com/global/en/news/why-dairy-nutrition-is-critical-for-mobility.html",
  "status": 200,
  "from": "sitemap"
 },
 {
  "url": "https://www.nzmp.com/global/en/news/weight-management-with-marie-spano.html",
  "status": 200,
  "from": "sitemap"
 },
 {
  "url": "https://www.nzmp.com/global/en/news/innovation-in-nutritional-products.html",
  "status": 200,
  "from": "sitemap"
 },
 {
  "url": "https://www.nzmp.com/global/en/news/NZMP-returns-to-Dairy-Innovation-Summit-2022.html",
  "status": 200,
  "from": "sitemap"
 },
 {
  "url": "https://www.nzmp.com/global/en/news/nzmp-at-vitafoods-2022.html",
  "status": 200,
  "from": "sitemap"
 },
 {
  "url": "https://www.nzmp.com/global/en/news/nzmp-premier-sponsors-to-idfa-yogurt-and-cultured-innovation-conference-in-florida.html",
  "status": 200,
  "from": "sitemap"
 },
 {
  "url": "https://www.nzmp.com/global/en/news/nzmp-2022-cheese-awards-winners.html",
  "status": 200,
  "from": "sitemap"
 },
 {
  "url": "https://www.nzmp.com/global/en/news/meet-the-team-south-and-south-east-asia-region.html",
  "status": 200,
  "from": "sitemap"
 },
 {
  "url": "https://www.nzmp.com/global/en/news/consumer-trends-in-2022.html",
  "status": 200,
  "from": "sitemap"
 },
 {
  "url": "https://www.nzmp.com/global/en/news/launching-pro-optima.html",
  "status": 200,
  "from": "sitemap"
 },
 {
  "url": "https://www.nzmp.com/global/en/news/webcast-yoghurts-protein-texture.html",
  "status": 200,
  "from": "sitemap"
 },
 {
  "url": "https://www.nzmp.com/global/en/news/bringing-excitement-to-dairy-products-with-texture-innovation.html",
  "status": 200,
  "from": "sitemap"
 },
 {
  "url": "https://www.nzmp.com/global/en/news/nzmp-attending-probiota-europe-2022.html",
  "status": 200,
  "from": "sitemap"
 },
 {
  "url": "https://www.nzmp.com/global/en/news/nzmp-mild-cheddar-wins-gold-champion-award.html",
  "status": 200,
  "from": "sitemap"
 },
 {
  "url": "https://www.nzmp.com/global/en/news/nzmp-virtual-dairy-summit-2022.html",
  "status": 200,
  "from": "sitemap"
 },
 {
  "url": "https://www.nzmp.com/global/en/news/the-growing-role-of-mobility-in-wellbeing-management.html",
  "status": 200,
  "from": "sitemap"
 },
 {
  "url": "https://www.nzmp.com/global/en/news/Business-to-Business-e-commerce-trends-emerging-from-a-post-COVID-world.html",
  "status": 200,
  "from": "sitemap"
 },
 {
  "url": "https://www.nzmp.com/global/en/news/launching-nutiani-with-wellbeing-nutrition-solutions-from-nzmp.html",
  "status": 200,
  "from": "sitemap"
 },
 {
  "url": "https://www.nzmp.com/global/en/news/nzmp-attending-probiota-americas-2022.html",
  "status": 200,
  "from": "sitemap"
 },
 {
  "url": "https://www.nzmp.com/global/en/news/commodity-market-trends-and-the-implications-for-the-dairy-market.html",
  "status": 200,
  "from": "sitemap"
 },
 {
  "url": "https://www.nzmp.com/global/en/news/three-global-supply-chain-trends-to-know-about.html",
  "status": 200,
  "from": "sitemap"
 },
 {
  "url": "https://www.nzmp.com/global/en/news/nzmp-at-gulfood-2023.html",
  "status": 200,
  "from": "sitemap"
 },
 {
  "url": "https://www.nzmp.com/global/en/news/holistic-nutrition-for-weight-loss.html",
  "status": 200,
  "from": "sitemap"
 },
 {
  "url": "https://www.nzmp.com/global/en/news/inflation-asia-pacific-and-advice-for-brands.html",
  "status": 200,
  "from": "sitemap"
 },
 {
  "url": "https://www.nzmp.com/global/en/news/nzmp-attending-supply-side-west-2022.html",
  "status": 200,
  "from": "sitemap"
 },
 {
  "url": "https://www.nzmp.com/global/en/news/market-overview-key-trends-dairy-products.html",
  "status": 200,
  "from": "sitemap"
 },
 {
  "url": "https://www.nzmp.com/global/en/news/new-zealand-milk-season-off-to-a-slow-start.html",
  "status": 200,
  "from": "sitemap"
 },
 {
  "url": "https://www.nzmp.com/global/en/news/fuel-benefits.html",
  "status": 200,
  "from": "sitemap"
 },
 {
  "url": "https://www.nzmp.com/global/en/news/four-consumer-trends-to-look-out-for-in-2023.html",
  "status": 200,
  "from": "sitemap"
 },
 {
  "url": "https://www.nzmp.com/global/en/news/2022-year-in-review.html",
  "status": 200,
  "from": "sitemap"
 },
 {
  "url": "https://www.nzmp.com/global/en/news/global-consumers-seek-affordable-nutrition-post-pandemic.html",
  "status": 200,
  "from": "sitemap"
 },
 {
  "url": "https://www.nzmp.com/global/en/news/nutrition-a-key-enabler-to-holistic-wellbeing.html",
  "status": 200,
  "from": "sitemap"
 },
 {
  "url": "https://www.nzmp.com/global/en/news/trends-at-gulfood-2023.html",
  "status": 200,
  "from": "sitemap"
 },
 {
  "url": "https://www.nzmp.com/global/en/news/nzmp-at-snaxpo-2023.html",
  "status": 200,
  "from": "sitemap"
 },
 {
  "url": "https://www.nzmp.com/global/en/news/idfa-yogurt-cultured-innvovation-conference.html",
  "status": 200,
  "from": "sitemap"
 },
 {
  "url": "https://www.nzmp.com/global/en/news/consumers-are-seeking-a-more-elevated-experience-from-their-consumption-occasions.html",
  "status": 200,
  "from": "sitemap"
 },
 {
  "url": "https://www.nzmp.com/global/en/news/leverage-cheese-to-enliven-traditional-Chinese-cuisine.html",
  "status": 200,
  "from": "sitemap"
 },
 {
  "url": "https://www.nzmp.com/global/en/news/budget-conscious-consumers-dairy-industry.html",
  "status": 200,
  "from": "sitemap"
 },
 {
  "url": "https://www.nzmp.com/global/en/news/nzmp-2023-cheese-awards-winners.html",
  "status": 200,
  "from": "sitemap"
 },
 {
  "url": "https://www.nzmp.com/global/en/news/nzmp-at-fic-2023.html",
  "status": 200,
  "from": "sitemap"
 },
 {
  "url": "https://www.nzmp.com/global/en/news/voice-of-customer-programme.html",
  "status": 200,
  "from": "sitemap"
 },
 {
  "url": "https://www.nzmp.com/global/en/news/meet-the-team-americas.html",
  "status": 200,
  "from": "sitemap"
 },
 {
  "url": "https://www.nzmp.com/global/en/news/nzmp-brinesalt-gouda-cheese-awards.html",
  "status": 200,
  "from": "sitemap"
 },
 {
  "url": "https://www.nzmp.com/global/en/news/the-nzmp-recombined-reference.html",
  "status": 200,
  "from": "sitemap"
 },
 {
  "url": "https://www.nzmp.com/global/en/news/nzmp-innovation-award-china.html",
  "status": 200,
  "from": "sitemap"
 },
 {
  "url": "https://www.nzmp.com/global/en/news/immunity-benefits-of-milk-powders.html",
  "status": 200,
  "from": "sitemap"
 },
 {
  "url": "https://www.nzmp.com/global/en/news/you-said-we-did-2023.html",
  "status": 200,
  "from": "sitemap"
 },
 {
  "url": "https://www.nzmp.com/global/en/news/how-dairy-can-redefine-pleasure.html",
  "status": 200,
  "from": "sitemap"
 },
 {
  "url": "https://www.nzmp.com/global/en/news/impact-of-brexit-on-dairy.html",
  "status": 200,
  "from": "sitemap"
 },
 {
  "url": "https://www.nzmp.com/global/en/news/growth-of-organic-dairy.html",
  "status": 200,
  "from": "sitemap"
 },
 {
  "url": "https://www.nzmp.com/global/en/news/nzmp-international-cheese-dairy-awards.html",
  "status": 200,
  "from": "sitemap"
 },
 {
  "url": "https://www.nzmp.com/global/en/news/meet-our-consumer-powders-expert.html",
  "status": 200,
  "from": "sitemap"
 },
 {
  "url": "https://www.nzmp.com/global/en/news/nzmp-everyday-beverages-portfolio.html",
  "status": 200,
  "from": "sitemap"
 },
 {
  "url": "https://www.nzmp.com/global/en/news/nzmp-recombined-reference-heritage.html",
  "status": 200,
  "from": "sitemap"
 },
 {
  "url": "https://www.nzmp.com/global/en/news/pro-optima-high-protein-yogurts.html",
  "status": 200,
  "from": "sitemap"
 },
 {
  "url": "https://www.nzmp.com/global/en/news/muscle-bone-teeth-health.html",
  "status": 200,
  "from": "sitemap"
 },
 {
  "url": "https://www.nzmp.com/global/en/news/upcycling-in-dairy.html",
  "status": 200,
  "from": "sitemap"
 },
 {
  "url": "https://www.nzmp.com/global/en/news/recombined-reference-heritage-expert.html",
  "status": 200,
  "from": "sitemap"
 },
 {
  "url": "https://www.nzmp.com/global/en/news/yswd-mynzmp-request-supply.html",
  "status": 200,
  "from": "sitemap"
 },
 {
  "url": "https://www.nzmp.com/global/en/news/nzmp-consumer-powders-portfolio-toolkit.html",
  "status": 200,
  "from": "sitemap"
 },
 {
  "url": "https://www.nzmp.com/global/en/news/building-blocks-for-kids-health.html",
  "status": 200,
  "from": "sitemap"
 },
 {
  "url": "https://www.nzmp.com/global/en/news/nzmp-new-flavours-and-cuisines.html",
  "status": 200,
  "from": "sitemap"
 },
 {
  "url": "https://www.nzmp.com/global/en/news/cost-of-living-crisis.html",
  "status": 200,
  "from": "sitemap"
 },
 {
  "url": "https://www.nzmp.com/global/en/news/nzmp-recombined-reference-expertise-article.html",
  "status": 200,
  "from": "sitemap"
 },
 {
  "url": "https://www.nzmp.com/global/en/news/nzmp-everyday-nutrition.html",
  "status": 200,
  "from": "sitemap"
 },
 {
  "url": "https://www.nzmp.com/global/en/news/nzmp-protein-enrichment.html",
  "status": 200,
  "from": "sitemap"
 },
 {
  "url": "https://www.nzmp.com/global/en/news/fonterra-announces-climate-roadmap.html",
  "status": 200,
  "from": "sitemap"
 },
 {
  "url": "https://www.nzmp.com/global/en/news/nzmp-functional-wellness.html",
  "status": 200,
  "from": "sitemap"
 },
 {
  "url": "https://www.nzmp.com/global/en/news/nzmp-at-biofach-2024.html",
  "status": 200,
  "from": "sitemap"
 },
 {
  "url": "https://www.nzmp.com/global/en/news/nzmp-crafting-excellence-vintage-cheddar.html",
  "status": 200,
  "from": "sitemap"
 },
 {
  "url": "https://www.nzmp.com/global/en/news/nzmp-tasty-light-cheese.html",
  "status": 200,
  "from": "sitemap"
 },
 {
  "url": "https://www.nzmp.com/global/en/news/navigating-the-organic-dairy-landscape.html",
  "status": 200,
  "from": "sitemap"
 },
 {
  "url": "https://www.nzmp.com/global/en/news/nzmp-cheese-portions.html",
  "status": 200,
  "from": "sitemap"
 },
 {
  "url": "https://www.nzmp.com/global/en/news/2023-year-in-review.html",
  "status": 200,
  "from": "sitemap"
 },
 {
  "url": "https://www.nzmp.com/global/en/news/meet-the-experts-rachel-traill.html",
  "status": 200,
  "from": "sitemap"
 },
 {
  "url": "https://www.nzmp.com/global/en/news/fonterras-voluntary-climate-related-disclosure.html",
  "status": 200,
  "from": "sitemap"
 },
 {
  "url": "https://www.nzmp.com/global/en/news/yswd-mynzmp-supply-chain-visibility.html",
  "status": 200,
  "from": "sitemap"
 },
 {
  "url": "https://www.nzmp.com/global/en/news/nzmp-recombined-reference-lisa-rutherford.html",
  "status": 200,
  "from": "sitemap"
 },
 {
  "url": "https://www.nzmp.com/global/en/news/consumer-trends-2024.html",
  "status": 200,
  "from": "sitemap"
 },
 {
  "url": "https://www.nzmp.com/global/en/news/introducing-the-nzmp-carbon-footprinter.html",
  "status": 200,
  "from": "sitemap"
 },
 {
  "url": "https://www.nzmp.com/global/en/news/insights-from-biofach.html",
  "status": 200,
  "from": "sitemap"
 },
 {
  "url": "https://www.nzmp.com/global/en/news/protein-for-ageing-populations.html",
  "status": 200,
  "from": "sitemap"
 },
 {
  "url": "https://www.nzmp.com/global/en/news/recombined-reference-dairy-performance.html",
  "status": 200,
  "from": "sitemap"
 },
 {
  "url": "https://www.nzmp.com/global/en/news/insights-from-idfa-conference.html",
  "status": 200,
  "from": "sitemap"
 },
 {
  "url": "https://www.nzmp.com/global/en/news/nzmp-idfa-conference.html",
  "status": 200,
  "from": "sitemap"
 },
 {
  "url": "https://www.nzmp.com/global/en/news/climate-ambitions-and-our-customers.html",
  "status": 200,
  "from": "sitemap"
 },
 {
  "url": "https://www.nzmp.com/global/en/news/on-farm-2030-target.html",
  "status": 200,
  "from": "sitemap"
 },
 {
  "url": "https://www.nzmp.com/global/en/news/nzmp-recombined-reference-andrew.html",
  "status": 200,
  "from": "sitemap"
 },
 {
  "url": "https://www.nzmp.com/global/en/news/adopting-best-practice-farming.html",
  "status": 200,
  "from": "sitemap"
 },
 {
  "url": "https://www.nzmp.com/global/en/news/join-us-at-idca-2024.html",
  "status": 200,
  "from": "sitemap"
 },
 {
  "url": "https://www.nzmp.com/global/en/news/probiotics-next-frontier-in-wellness.html",
  "status": 200,
  "from": "sitemap"
 },
 {
  "url": "https://www.nzmp.com/global/en/news/mintels-food-and-drink-trends.html",
  "status": 200,
  "from": "sitemap"
 },
 {
  "url": "https://www.nzmp.com/global/en/news/nzmp-recombined-reference-innovation.html",
  "status": 200,
  "from": "sitemap"
 },
 {
  "url": "https://www.nzmp.com/global/en/news/organic-dairy-earns-its-premium.html",
  "status": 200,
  "from": "sitemap"
 },
 {
  "url": "https://www.nzmp.com/global/en/news/nzmp-cheese-awards-nz.html",
  "status": 200,
  "from": "sitemap"
 },
 {
  "url": "https://www.nzmp.com/global/en/news/reducing-distribution-emissions.html",
  "status": 200,
  "from": "sitemap"
 },
 {
  "url": "https://www.nzmp.com/global/en/news/pasturebased-farming-system-more-sustainable.html",
  "status": 200,
  "from": "sitemap"
 },
 {
  "url": "https://www.nzmp.com/global/en/news/why-shipping-is-emissions-efficient.html",
  "status": 200,
  "from": "sitemap"
 },
 {
  "url": "https://www.nzmp.com/global/en/news/nzmp-maximising-protein-potential.html",
  "status": 200,
  "from": "sitemap"
 },
 {
  "url": "https://www.nzmp.com/global/en/news/farm-level-data-driving-change.html",
  "status": 200,
  "from": "sitemap"
 },
 {
  "url": "https://www.nzmp.com/global/en/news/generative-ai-in-2024.html",
  "status": 200,
  "from": "sitemap"
 },
 {
  "url": "https://www.nzmp.com/global/en/news/transitioning-off-fossil-fuels.html",
  "status": 200,
  "from": "sitemap"
 },
 {
  "url": "https://www.nzmp.com/global/en/news/SBTivalidation.html",
  "status": 200,
  "from": "sitemap"
 },
 {
  "url": "https://www.nzmp.com/global/en/news/one-year-on.html",
  "status": 200,
  "from": "sitemap"
 },
 {
  "url": "https://www.nzmp.com/global/en/news/our-plan-to-decarbonise-manufacturing.html",
  "status": 200,
  "from": "sitemap"
 },
 {
  "url": "https://www.nzmp.com/global/en/news/making-progress-on-farm.html",
  "status": 200,
  "from": "sitemap"
 },
 {
  "url": "https://www.nzmp.com/global/en/news/food-ingredients-europe-2024.html",
  "status": 200,
  "from": "sitemap"
 },
 {
  "url": "https://www.nzmp.com/global/en/news/meet-the-team-australia.html",
  "status": 200,
  "from": "sitemap"
 },
 {
  "url": "https://www.nzmp.com/global/en/news/nzmp-international-awards.html",
  "status": 200,
  "from": "sitemap"
 },
 {
  "url": "https://www.nzmp.com/global/en/news/nzmp-recombined-reference-innovation-expert.html",
  "status": 200,
  "from": "sitemap"
 },
 {
  "url": "https://www.nzmp.com/global/en/news/2024-year-in-review.html",
  "status": 200,
  "from": "sitemap"
 },
 {
  "url": "https://www.nzmp.com/global/en/news/investing-in-methane-mitigation-technologies.html",
  "status": 200,
  "from": "sitemap"
 },
 {
  "url": "https://www.nzmp.com/global/en/news/you-said-we-did-2025.html",
  "status": 200,
  "from": "sitemap"
 },
 {
  "url": "https://www.nzmp.com/global/en/news/nzmp-at-fie-2024.html",
  "status": 200,
  "from": "sitemap"
 },
 {
  "url": "https://www.nzmp.com/global/en/news/join-us-at-idfa-2025.html",
  "status": 200,
  "from": "sitemap"
 },
 {
  "url": "https://www.nzmp.com/global/en/news/net-zero-pilot-dairy-farm.html",
  "status": 200,
  "from": "sitemap"
 },
 {
  "url": "https://www.nzmp.com/global/en/news/rewarding-farmers.html",
  "status": 200,
  "from": "sitemap"
 },
 {
  "url": "https://www.nzmp.com/global/en/news/consumer-trends-2025.html",
  "status": 200,
  "from": "sitemap"
 },
 {
  "url": "https://www.nzmp.com/global/en/news/new-incentives-for-farmers-to-reduce-emissions.html",
  "status": 200,
  "from": "sitemap"
 },
 {
  "url": "https://www.nzmp.com/global/en/news/on-farm-with-mars.html",
  "status": 200,
  "from": "sitemap"
 },
 {
  "url": "https://www.nzmp.com/global/en/news/water-in-manufacturing.html",
  "status": 200,
  "from": "sitemap"
 },
 {
  "url": "https://www.nzmp.com/global/en/news/insights-from-idfa-2025.html",
  "status": 200,
  "from": "sitemap"
 },
 {
  "url": "https://www.nzmp.com/global/en/news/dairys-next-wave-of-innovation.html",
  "status": 200,
  "from": "sitemap"
 },
 {
  "url": "https://www.nzmp.com/global/en/news/EcoPond-pilot.html",
  "status": 200,
  "from": "sitemap"
 },
 {
  "url": "https://www.nzmp.com/global/en/news/nz-cheese-awards-2025.html",
  "status": 200,
  "from": "sitemap"
 },
 {
  "url": "https://www.nzmp.com/global/en/news/measuring-carbon-removals.html",
  "status": 200,
  "from": "sitemap"
 },
 {
  "url": "https://www.nzmp.com/global/en/news/next-steps-in-move-out-of-coal.html",
  "status": 200,
  "from": "sitemap"
 },
 {
  "url": "https://www.nzmp.com/global/en/news/protein-trend-reshaping-food-innovation.html",
  "status": 200,
  "from": "sitemap"
 },
 {
  "url": "https://www.nzmp.com/global/en/news/nz-cheese-awards-uk-2025.html",
  "status": 200,
  "from": "sitemap"
 },
 {
  "url": "https://www.nzmp.com/global/en/news/benefits-of-planting-on-farm.html",
  "status": 200,
  "from": "sitemap"
 },
 {
  "url": "https://www.nzmp.com/global/en/news/trends-driving-the-dairy-industry.html",
  "status": 200,
  "from": "sitemap"
 },
 {
  "url": "https://www.nzmp.com/global/en/news/new-zealand-grass-fed-standard.html",
  "status": 200,
  "from": "sitemap"
 },
 {
  "url": "https://www.nzmp.com/global/en/news/fonterra-sustainability-solutions.html",
  "status": 200,
  "from": "sitemap"
 },
 {
  "url": "https://www.nzmp.com/global/en/news/driving-fonterras-energy-transition.html",
  "status": 200,
  "from": "sitemap"
 },
 {
  "url": "https://www.nzmp.com/global/en/news/international-cheese-dairy-awards-2025.html",
  "status": 200,
  "from": "sitemap"
 },
 {
  "url": "https://www.nzmp.com/global/en/news/taking-action-on-farm.html",
  "status": 200,
  "from": "sitemap"
 },
 {
  "url": "https://www.nzmp.com/global/en/news/opinion-piece-fueling-performance.html",
  "status": 200,
  "from": "sitemap"
 },
 {
  "url": "https://www.nzmp.com/global/en/news/join-us-at-fie-2025.html",
  "status": 200,
  "from": "sitemap"
 },
 {
  "url": "https://www.nzmp.com/global/en/news/data-helping-farmers.html",
  "status": 200,
  "from": "sitemap"
 },
 {
  "url": "https://www.nzmp.com/global/en/news/high-protein-trend-keeps-buzzing.html",
  "status": 200,
  "from": "sitemap"
 },
 {
  "url": "https://www.nzmp.com/global/en/news/join-us-at-plma.html",
  "status": 200,
  "from": "sitemap"
 },
 {
  "url": "https://www.nzmp.com/global/en/news/2025-year-in-review.html",
  "status": 200,
  "from": "sitemap"
 },
 {
  "url": "https://www.nzmp.com/global/en/news/on-farm-with-nestle.html",
  "status": 200,
  "from": "sitemap"
 },
 {
  "url": "https://www.nzmp.com/global/en/news/meet-our-sustainability-expert.html",
  "status": 200,
  "from": "sitemap"
 },
 {
  "url": "https://www.nzmp.com/global/en/news/sustainability-shaping-our-future.html",
  "status": 200,
  "from": "sitemap"
 },
 {
  "url": "https://www.nzmp.com/global/en/news/nzmp-at-the-international-cheese-and-dairy-expo.html",
  "status": 200,
  "from": "sitemap"
 },
 {
  "url": "https://www.nzmp.com/global/en/resources.html",
  "status": 200,
  "from": "sitemap"
 },
 {
  "url": "https://www.nzmp.com/global/en/resources/overcoming-whey-heat-stability-issues.html",
  "status": 200,
  "from": "sitemap"
 },
 {
  "url": "https://www.nzmp.com/global/en/resources/gylcaemic-index-whitepaper.html",
  "status": 200,
  "from": "sitemap"
 },
 {
  "url": "https://www.nzmp.com/global/en/resources/mental-wellbeing-and-probiotics.html",
  "status": 200,
  "from": "sitemap"
 },
 {
  "url": "https://www.nzmp.com/global/en/news/importance-of-homegrown-feed.html",
  "status": 200,
  "from": "sitemap"
 },
 {
  "url": "https://www.nzmp.com/global/en/resources/improving-compliance-rates.html",
  "status": 200,
  "from": "sitemap"
 },
 {
  "url": "https://www.nzmp.com/global/en/resources/six-ways-to-limit-lactose.html",
  "status": 200,
  "from": "sitemap"
 },
 {
  "url": "https://www.nzmp.com/global/en/resources/health-benefits-GOS-infants-young-children.html",
  "status": 200,
  "from": "sitemap"
 },
 {
  "url": "https://www.nzmp.com/global/en/resources/intuitive-eating-resources.html",
  "status": 200,
  "from": "sitemap"
 },
 {
  "url": "https://www.nzmp.com/global/en/contact-us.html",
  "status": 200,
  "from": "sitemap"
 },
 {
  "url": "https://www.nzmp.com/global/en/privacy-policy.html",
  "status": 200,
  "from": "sitemap"
 },
 {
  "url": "https://www.nzmp.com/global/en/news/nzmp-wins-2026-ICDA-UK-awards.html",
  "status": 200,
  "from": "sitemap"
 },
 {
  "url": "https://www.nzmp.com/global/en/resources/mfgm-next-evolution-in-lifestyle-nutrition.html",
  "status": 200,
  "from": "sitemap"
 },
 {
  "url": "https://www.nzmp.com/global/en/resources/milk-phospholipids-formulating-for-stress-relief.html",
  "status": 200,
  "from": "sitemap"
 },
 {
  "url": "https://www.nzmp.com/global/en/resources/mfgm-lipids-neurodevelopmental-outcomes.html",
  "status": 200,
  "from": "sitemap"
 },
 {
  "url": "https://www.nzmp.com/global/en/surestart/our-focus-areas.html",
  "status": 200,
  "from": "sitemap"
 },
 {
  "url": "https://www.nzmp.com/global/en/surestart/our-focus-areas/growth-and-development.html",
  "status": 200,
  "from": "sitemap"
 },
 {
  "url": "https://www.nzmp.com/global/en/surestart/our-focus-areas/cognition.html",
  "status": 200,
  "from": "sitemap"
 },
 {
  "url": "https://www.nzmp.com/etc/designs/nzmp/clientlibs/global/fonts/MarkOffcPro.otf",
  "status": 200,
  "from": "https://www.nzmp.com/global/en.html"
 },
 {
  "url": "https://www.nzmp.com/etc/designs/nzmp/clientlibs/global/fonts/MarkOffcPro-Bold.otf",
  "status": 200,
  "from": "https://www.nzmp.com/global/en.html"
 },
 {
  "url": "https://www.nzmp.com/etc/designs/nzmp/clientlibs/global/fonts/MarkOffcPro-Book.otf",
  "status": 200,
  "from": "https://www.nzmp.com/global/en.html"
 },
 {
  "url": "https://www.nzmp.com/global/en/surestart/our-focus-areas/digestive-health.html",
  "status": 200,
  "from": "sitemap"
 },
 {
  "url": "https://www.nzmp.com/etc/designs/nzmp/clientlibs/global/fonts/MarkOT.otf",
  "status": 200,
  "from": "https://www.nzmp.com/global/en.html"
 },
 {
  "url": "https://www.nzmp.com/etc/designs/nzmp/clientlibs/global/fonts/MarkOT-Book.otf",
  "status": 200,
  "from": "https://www.nzmp.com/global/en.html"
 },
 {
  "url": "https://www.nzmp.com/global/en/surestart/our-focus-areas/protection/nzmp-surestart-bifidob-hn019-for-immunity.html",
  "status": 200,
  "from": "sitemap"
 },
 {
  "url": "https://www.nzmp.com/global/en/surestart/our-focus-areas/protection.html",
  "status": 200,
  "from": "sitemap"
 },
 {
  "url": "https://www.nzmp.com/global/en/products/ingredients/types/proteins/whey-protein-concentrates/nzmp-whey-protein-concentrate-392.html",
  "status": 200,
  "from": "https://www.nzmp.com/global/en.html",
  "finalUrl": "https://www.nzmp.com/global/en/ingredients/proteins/whey-protein-concentrates.html"
 },
 {
  "url": "https://www.nzmp.com/global/en/products/ingredients/types/proteins/whey-protein-concentrates.html",
  "status": 200,
  "from": "https://www.nzmp.com/global/en.html",
  "finalUrl": "https://www.nzmp.com/global/en/ingredients/proteins/whey-protein-concentrates.html"
 },
 {
  "url": "https://www.nzmp.com/global/en/products/ingredients/types/proteins/whey-protein-isolates.html",
  "status": 200,
  "from": "https://www.nzmp.com/global/en.html",
  "finalUrl": "https://www.nzmp.com/global/en/ingredients/proteins/whey-protein-isolates.html"
 },
 {
  "url": "https://www.nzmp.com/global/en/sustainability/fonterra-sustainability-solutions/climate-tools/carbon-certificate-form.html",
  "status": 200,
  "from": "https://www.nzmp.com/global/en.html"
 },
 {
  "url": "https://www.nzmp.com/global/en/products/ingredients/types/specialty/hydrolysates.html",
  "status": 200,
  "from": "https://www.nzmp.com/global/en.html",
  "finalUrl": "https://www.nzmp.com/global/en/ingredients/specialty/hydrolysates.html"
 },
 {
  "url": "https://www.nzmp.com/global/en/ingredients/proteins/nzmp-dpc/sureprotein-dairy-protein-crisps-crisps-600.html",
  "status": 200,
  "from": "https://www.nzmp.com/global/en.html",
  "finalUrl": "https://www.nzmp.com/global/en.html"
 },
 {
  "url": "https://www.nzmp.com/global/en/products/ingredients/types/specialty/hydrolysates/nzmp-whey-protein-hydrolysate-917.html",
  "status": 404,
  "from": "https://www.nzmp.com/global/en.html",
  "finalUrl": "https://www.nzmp.com/global/en/ingredients/specialty/hydrolysates/nzmp-whey-protein-hydrolysate-917.html"
 },
 {
  "url": "https://www.nzmp.com/global/en/about-nzmp/innovation-and-ingenuity/our-global-expertise/china-dairy-expertise.html",
  "status": 200,
  "from": "https://www.nzmp.com/global/en/about-nzmp/global-ingredients.html",
  "finalUrl": "https://www.nzmp.com/global/en/solutions/innovation-and-ingenuity/our-global-expertise/china-dairy-expertise.html"
 },
 {
  "url": "https://www.nzmp.com/global/en/about-nzmp/innovation-and-ingenuity/our-global-expertise/middle-east-africa-dairy-expertise.html",
  "status": 200,
  "from": "https://www.nzmp.com/global/en/about-nzmp/global-ingredients.html",
  "finalUrl": "https://www.nzmp.com/global/en/solutions/innovation-and-ingenuity/our-global-expertise/middle-east-africa-dairy-expertise.html"
 },
 {
  "url": "https://www.nzmp.com/global/en/about-nzmp/innovation-and-ingenuity/our-global-expertise/south-southeast-asia-dairy-expertise.html",
  "status": 200,
  "from": "https://www.nzmp.com/global/en/about-nzmp/global-ingredients.html",
  "finalUrl": "https://www.nzmp.com/global/en/solutions/innovation-and-ingenuity/our-global-expertise/south-southeast-asia-dairy-expertise.html"
 },
 {
  "url": "https://www.nzmp.com/global/en/surestart/overview.html",
  "status": 200,
  "from": "https://www.nzmp.com/global/en/about-nzmp/global-ingredients/our-european-ingredients.html",
  "finalUrl": "https://www.nzmp.com/global/en/surestart/our-focus-areas.html"
 },
 {
  "url": "https://www.nzmp.com/global/en/about-nzmp/innovation-and-ingenuity/our-global-expertise/europe-dairy-expertise.html",
  "status": 200,
  "from": "https://www.nzmp.com/global/en/about-nzmp/global-ingredients.html",
  "finalUrl": "https://www.nzmp.com/global/en/solutions/innovation-and-ingenuity/our-global-expertise/europe-dairy-expertise.html"
 },
 {
  "url": "https://www.nzmp.com/global/en/news/fonterra-sustainabiliy-report-2022.html",
  "status": 200,
  "from": "https://www.nzmp.com/global/en/about-nzmp/our-way-of-farming.html",
  "finalUrl": "https://www.nzmp.com/global/en/news.html"
 },
 {
  "url": "https://www.nzmp.com/global/en/news/reducing-our-carbon-footprint-with-innovative-methane-technology.html",
  "status": 200,
  "from": "https://www.nzmp.com/global/en/about-nzmp/our-way-of-farming.html",
  "finalUrl": "https://www.nzmp.com/global/en/news.html"
 },
 {
  "url": "https://www.nzmp.com/global/en/buy-online.html",
  "status": 200,
  "from": "https://www.nzmp.com/global/en/about-nzmp/global-ingredients.html",
  "finalUrl": "https://www.nzmp.com/global/en/how-to-buy/buy-online.html"
 },
 {
  "url": "https://www.nzmp.com/content/nzmp/global/en/about-nzmp/global-ingredients",
  "status": 200,
  "from": "https://www.nzmp.com/global/en/about-nzmp/global-ingredients/our-european-ingredients.html",
  "finalUrl": "https://www.nzmp.com/global/en/about-nzmp/global-ingredients.html"
 },
 {
  "url": "https://www.nzmp.com/global/en/news/leveraging-climate-claims-on-pack.html",
  "status": 200,
  "from": "https://www.nzmp.com/global/en/about-nzmp/our-way-of-farming.html",
  "finalUrl": "https://www.nzmp.com/global/en/news.html"
 },
 {
  "url": "https://www.nzmp.com/global/en/news/carbonzero-organic-butter-wins-sustainability-innovation-award1.html",
  "status": 200,
  "from": "https://www.nzmp.com/global/en/about-nzmp/our-way-of-farming.html",
  "finalUrl": "https://www.nzmp.com/global/en/news.html"
 },
 {
  "url": "https://www.nzmp.com/content/nzmp/global/en/contact-us",
  "status": 200,
  "from": "https://www.nzmp.com/global/en/about-nzmp/global-ingredients/our-european-ingredients.html",
  "finalUrl": "https://www.nzmp.com/global/en/contact-us.html"
 },
 {
  "url": "https://www.nzmp.com/global/en/news/unlock-the-benefits-of-our-natural-dairy-claims.html",
  "status": 200,
  "from": "https://www.nzmp.com/global/en/about-nzmp/our-way-of-farming.html",
  "finalUrl": "https://www.nzmp.com/global/en/news.html"
 },
 {
  "url": "https://www.nzmp.com/global/en/news/fonterra-releases-2021-sustainability-report.html",
  "status": 200,
  "from": "https://www.nzmp.com/global/en/about-nzmp/our-way-of-farming.html",
  "finalUrl": "https://www.nzmp.com/global/en/news.html"
 },
 {
  "url": "https://www.nzmp.com/global/en/news/pathway-net-zero-carbon-emissions.html",
  "status": 200,
  "from": "https://www.nzmp.com/global/en/about-nzmp/our-way-of-farming.html",
  "finalUrl": "https://www.nzmp.com/global/en/news.html"
 },
 {
  "url": "https://www.nzmp.com/global/en/news/fonterra-releases-2020-sustainability-report.html",
  "status": 200,
  "from": "https://www.nzmp.com/global/en/about-nzmp/our-way-of-farming.html",
  "finalUrl": "https://www.nzmp.com/global/en/news.html"
 },
 {
  "url": "https://www.nzmp.com/global/en/news/world-benchmark-alliance-2021.html",
  "status": 200,
  "from": "https://www.nzmp.com/global/en/about-nzmp/our-way-of-farming.html",
  "finalUrl": "https://www.nzmp.com/global/en/news.html"
 },
 {
  "url": "https://www.nzmp.com/global/en/news/kowbucha-methane-reducing-method.html",
  "status": 200,
  "from": "https://www.nzmp.com/global/en/about-nzmp/our-way-of-farming.html",
  "finalUrl": "https://www.nzmp.com/global/en/news.html"
 },
 {
  "url": "https://www.nzmp.com/global/en/news/seaweed-methane-reduction.html",
  "status": 200,
  "from": "https://www.nzmp.com/global/en/about-nzmp/our-way-of-farming.html",
  "finalUrl": "https://www.nzmp.com/global/en/news.html"
 },
 {
  "url": "https://www.nzmp.com/global/en/news/rewarding-sustainable-thinking-dairy.html",
  "status": 200,
  "from": "https://www.nzmp.com/global/en/about-nzmp/our-way-of-farming.html",
  "finalUrl": "https://www.nzmp.com/global/en/news.html"
 },
 {
  "url": "https://www.nzmp.com/global/en/news/new-zealand-low-carbon-mission.html",
  "status": 200,
  "from": "https://www.nzmp.com/global/en/about-nzmp/our-way-of-farming.html",
  "finalUrl": "https://www.nzmp.com/global/en/news.html"
 },
 {
  "url": "https://www.nzmp.com/global/en/news/living-water-sustainable-ecosystems.html",
  "status": 200,
  "from": "https://www.nzmp.com/global/en/about-nzmp/our-way-of-farming.html",
  "finalUrl": "https://www.nzmp.com/global/en/news.html"
 },
 {
  "url": "https://www.nzmp.com/global/en/news/sustainable-farming-profitable-business.html",
  "status": 200,
  "from": "https://www.nzmp.com/global/en/about-nzmp/our-way-of-farming.html",
  "finalUrl": "https://www.nzmp.com/global/en/news.html"
 },
 {
  "url": "https://www.nzmp.com/global/en/news/fonterra-supporting-sustainable-dairy-farming.html",
  "status": 200,
  "from": "https://www.nzmp.com/global/en/about-nzmp/our-way-of-farming.html",
  "finalUrl": "https://www.nzmp.com/global/en/news.html"
 },
 {
  "url": "https://www.nzmp.com/global/en/news/fonterra-sustainability-report-2019.html",
  "status": 200,
  "from": "https://www.nzmp.com/global/en/about-nzmp/our-way-of-farming.html",
  "finalUrl": "https://www.nzmp.com/global/en/news.html"
 },
 {
  "url": "https://www.nzmp.com/global/en/news/fonterra-sustainability-report-2017.html",
  "status": 200,
  "from": "https://www.nzmp.com/global/en/about-nzmp/our-way-of-farming.html",
  "finalUrl": "https://www.nzmp.com/global/en/news.html"
 },
 {
  "url": "https://www.nzmp.com/global/en/how-to-buy/nzmp-authorised-resellers/north-american-resellers.html",
  "status": 200,
  "from": "https://www.nzmp.com/global/en/about-nzmp/global-ingredients/our-north-american-ingredients.html",
  "finalUrl": "https://www.nzmp.com/global/en/how-to-buy/nzmp-authorised-resellers/find-a-nzmp-reseller.html?regions=north-america"
 },
 {
  "url": "https://www.nzmp.com/global/en/news/fonterra-sustainability-report-2018.html",
  "status": 200,
  "from": "https://www.nzmp.com/global/en/about-nzmp/our-way-of-farming.html",
  "finalUrl": "https://www.nzmp.com/global/en/news.html"
 },
 {
  "url": "https://www.nzmp.com/global/en/ingredients/fonterra-sustainability-solutions/unqiue-claims-content/natural-dairy-claims/organics.html",
  "status": 200,
  "from": "https://www.nzmp.com/global/en/about-nzmp/global-ingredients/our-new-zealand-ingredients.html",
  "finalUrl": "https://www.nzmp.com/global/en/sustainability/fonterra-sustainability-solutions/natural-dairy-claims/organics.html"
 },
 {
  "url": "https://www.nzmp.com/global/en/solutions/third-party-manufacturing.html",
  "status": 404,
  "from": "https://www.nzmp.com/global/en/solutions.html"
 },
 {
  "url": "https://www.nzmp.com/global/en/news/nzmp-whey-protein-concentrate-80-wins-gold-medal1.html",
  "status": 200,
  "from": "https://www.nzmp.com/global/en/about-nzmp/global-ingredients/our-north-american-ingredients.html",
  "finalUrl": "https://www.nzmp.com/global/en/news.html"
 },
 {
  "url": "https://www.nzmp.com/global/en/solutions/sustainability-solutions.html",
  "status": 200,
  "from": "https://www.nzmp.com/global/en/solutions/innovation-and-ingenuity/our-global-expertise.html",
  "finalUrl": "https://www.nzmp.com/global/en/sustainability/fonterra-sustainability-solutions.html"
 },
 {
  "url": "https://www.nzmp.com/global/en/ingredients/ingredients.html",
  "status": 200,
  "from": "https://www.nzmp.com/global/en/solutions/innovation-and-ingenuity/the-fonterra-research-and-development-centre.html",
  "finalUrl": "https://www.nzmp.com/global/en/ingredients.html"
 },
 {
  "url": "https://www.nzmp.com/global/en-draft-0919/archived/nz-grass-fed-difference-archive-21-10-25.html",
  "status": 200,
  "from": "https://www.nzmp.com/global/en/about-nzmp/global-ingredients/our-new-zealand-ingredients.html",
  "finalUrl": "https://www.nzmp.com/global/en/404.html"
 },
 {
  "url": "https://www.nzmp.com/global/en/ingredients/proteins/whey-protein-concentrates/nzmp-flexbar.html",
  "status": 200,
  "from": "https://www.nzmp.com/global/en/solutions/innovation-and-ingenuity/our-protein-expertise.html",
  "finalUrl": "https://www.nzmp.com/global/en/ingredients/proteins/whey-protein-concentrates.html"
 },
 {
  "url": "https://www.nzmp.com/global/en/products/ingredients.html",
  "status": 200,
  "from": "https://www.nzmp.com/global/en/solutions/innovation-and-ingenuity/our-protein-expertise.html",
  "finalUrl": "https://www.nzmp.com/global/en/ingredients.html"
 },
 {
  "url": "https://www.nzmp.com/content/dam/nzmp/pdfs/nzmp-protein-expertise-timeline-booklet-v13.pdf",
  "status": 200,
  "from": "https://www.nzmp.com/global/en/solutions/innovation-and-ingenuity/our-protein-expertise/protein-innovation-timeline.html"
 },
 {
  "url": "https://www.nzmp.com/global/en/ingredients/types/proteins/whey-protein-concentrates.html",
  "status": 200,
  "from": "https://www.nzmp.com/global/en/solutions/innovation-and-ingenuity/our-protein-expertise/protein-innovation-timeline.html",
  "finalUrl": "https://www.nzmp.com/global/en/ingredients/proteins/whey-protein-concentrates.html"
 },
 {
  "url": "https://www.nzmp.com/global/en/ingredients/applications/yoghurts-and-cultured-products.html",
  "status": 200,
  "from": "https://www.nzmp.com/global/en/solutions/innovation-and-ingenuity/our-protein-expertise/protein-innovation-timeline.html",
  "finalUrl": "https://www.nzmp.com/global/en/applications/yoghurts-and-cultured-products.html"
 },
 {
  "url": "https://www.nzmp.com/global/en/ingredients/applications/beverages.html",
  "status": 200,
  "from": "https://www.nzmp.com/global/en/solutions/innovation-and-ingenuity/our-protein-expertise/protein-innovation-timeline.html",
  "finalUrl": "https://www.nzmp.com/global/en/applications/beverages.html"
 },
 {
  "url": "https://www.nzmp.com/global/en/ingredients/applications/medical-nutrition-and-healthy-ageing.html",
  "status": 200,
  "from": "https://www.nzmp.com/global/en/solutions/innovation-and-ingenuity/our-protein-expertise/protein-innovation-timeline.html",
  "finalUrl": "https://www.nzmp.com/global/en/applications/active-lifestyle/applications.html"
 },
 {
  "url": "https://www.nzmp.com/global/en/ingredients/types/cheese.html",
  "status": 200,
  "from": "https://www.nzmp.com/global/en/solutions/innovation-and-ingenuity/our-protein-expertise/protein-innovation-timeline.html",
  "finalUrl": "https://www.nzmp.com/global/en/ingredients/cheese.html"
 },
 {
  "url": "https://www.nzmp.com/global/en/ingredients/applications/sports-and-lifestyle-nutrition/nutrition-bars.html",
  "status": 200,
  "from": "https://www.nzmp.com/global/en/solutions/innovation-and-ingenuity/our-protein-expertise/protein-innovation-timeline.html",
  "finalUrl": "https://www.nzmp.com/global/en/applications/active-lifestyle/applications/nutrition-bars.html"
 },
 {
  "url": "https://www.nzmp.com/global/en/ingredients/types/proteins/whey-protein-concentrates/nzmp-sureprotein-flexbar.html",
  "status": 200,
  "from": "https://www.nzmp.com/global/en/solutions/innovation-and-ingenuity/our-protein-expertise/protein-innovation-timeline.html",
  "finalUrl": "https://www.nzmp.com/global/en/ingredients/proteins/whey-protein-concentrates.html"
 },
 {
  "url": "https://www.nzmp.com/global/en/ingredients/applications/food-manufacture.html",
  "status": 200,
  "from": "https://www.nzmp.com/global/en/solutions/innovation-and-ingenuity/our-protein-expertise/protein-innovation-timeline.html",
  "finalUrl": "https://www.nzmp.com/global/en/applications/food-manufacture.html"
 },
 {
  "url": "https://www.nzmp.com/global/en/ingredients/types/proteins/nzmp-sureprotein-dpc.html",
  "status": 200,
  "from": "https://www.nzmp.com/global/en/solutions/innovation-and-ingenuity/our-protein-expertise/protein-innovation-timeline.html",
  "finalUrl": "https://www.nzmp.com/global/en/ingredients/proteins.html"
 },
 {
  "url": "https://www.nzmp.com/global/en/ingredients/applications/sports-and-lifestyle-nutrition.html",
  "status": 200,
  "from": "https://www.nzmp.com/global/en/solutions/innovation-and-ingenuity/our-protein-expertise/protein-innovation-timeline.html",
  "finalUrl": "https://www.nzmp.com/global/en/applications/active-lifestyle/applications.html"
 },
 {
  "url": "https://www.nzmp.com/global/en/ingredients/types/proteins.html",
  "status": 200,
  "from": "https://www.nzmp.com/global/en/solutions/innovation-and-ingenuity/our-protein-expertise/protein-innovation-timeline.html",
  "finalUrl": "https://www.nzmp.com/global/en/ingredients/proteins.html"
 },
 {
  "url": "https://www.nzmp.com/global/en/ingredients/types/proteins/whey-protein-concentrates/nzmp-sureprotein-vital-wpc-550.html",
  "status": 200,
  "from": "https://www.nzmp.com/global/en/solutions/innovation-and-ingenuity/our-protein-expertise/protein-innovation-timeline.html",
  "finalUrl": "https://www.nzmp.com/global/en/ingredients/proteins/whey-protein-concentrates.html"
 },
 {
  "url": "https://www.nzmp.com/global/en/ingredients/types/proteins/whey-protein-isolates/nzmp-sureprotein-clear-wpi-8855.html",
  "status": 200,
  "from": "https://www.nzmp.com/global/en/solutions/innovation-and-ingenuity/our-protein-expertise/protein-innovation-timeline.html",
  "finalUrl": "https://www.nzmp.com/global/en/ingredients/proteins/whey-protein-isolates.html"
 },
 {
  "url": "https://www.nzmp.com/global/en/ingredients/types/specialty/lactoferrin.html",
  "status": 200,
  "from": "https://www.nzmp.com/global/en/solutions/innovation-and-ingenuity/our-protein-expertise/protein-innovation-timeline.html",
  "finalUrl": "https://www.nzmp.com/global/en/ingredients/specialty/lactoferrin.html"
 },
 {
  "url": "https://www.nzmp.com/global/en/ingredients/types/proteins/whey-protein-isolates.html",
  "status": 200,
  "from": "https://www.nzmp.com/global/en/solutions/innovation-and-ingenuity/our-protein-expertise/protein-innovation-timeline.html",
  "finalUrl": "https://www.nzmp.com/global/en/ingredients/proteins/whey-protein-isolates.html"
 },
 {
  "url": "https://www.nzmp.com/global/en/ingredients/types/proteins/milk-protein-concentrates.html",
  "status": 200,
  "from": "https://www.nzmp.com/global/en/solutions/innovation-and-ingenuity/our-protein-expertise/protein-innovation-timeline.html",
  "finalUrl": "https://www.nzmp.com/global/en/ingredients/proteins/milk-protein-concentrates.html"
 },
 {
  "url": "https://www.nzmp.com/global/en/ingredients/applications/medical-nutrition-and-healthy-ageing/need-areas/malnutrition.html",
  "status": 200,
  "from": "https://www.nzmp.com/global/en/solutions/innovation-and-ingenuity/our-protein-expertise/protein-innovation-timeline.html",
  "finalUrl": "https://www.nzmp.com/global/en/applications/active-lifestyle/applications.html"
 },
 {
  "url": "https://www.nzmp.com/global/en/ingredients/applications/sports-and-lifestyle-nutrition/physical-performance.html",
  "status": 200,
  "from": "https://www.nzmp.com/global/en/solutions/innovation-and-ingenuity/our-protein-expertise/protein-innovation-timeline.html",
  "finalUrl": "https://www.nzmp.com/global/en/applications/active-lifestyle/applications.html"
 },
 {
  "url": "https://www.nzmp.com/global/en/ingredients/types/proteins/milk-protein-concentrates/nzmp-sureprotein-fast-mpc-4868.html",
  "status": 200,
  "from": "https://www.nzmp.com/global/en/solutions/innovation-and-ingenuity/our-protein-expertise/protein-innovation-timeline.html",
  "finalUrl": "https://www.nzmp.com/global/en/ingredients/proteins/milk-protein-concentrates.html"
 },
 {
  "url": "https://www.nzmp.com/global/en/ingredients/types/proteins/caseins-and-caseinates/caseinates.html",
  "status": 200,
  "from": "https://www.nzmp.com/global/en/solutions/innovation-and-ingenuity/our-protein-expertise/protein-innovation-timeline.html",
  "finalUrl": "https://www.nzmp.com/global/en/ingredients/proteins/caseins-and-caseinates/caseinates.html"
 },
 {
  "url": "https://www.nzmp.com/global/en/solutions/global-ingredients/our-european-ingredients.html",
  "status": 200,
  "from": "https://www.nzmp.com/global/en/solutions/innovation-and-ingenuity/our-global-expertise/europe-dairy-expertise.html",
  "finalUrl": "https://www.nzmp.com/global/en/about-nzmp/global-ingredients/our-european-ingredients.html"
 },
 {
  "url": "https://www.nzmp.com/global/en/products/nzmp-solutions/risk-and-commercial.html",
  "status": 200,
  "from": "https://www.nzmp.com/global/en/solutions/innovation-and-ingenuity/our-global-expertise/middle-east-africa-dairy-expertise.html",
  "finalUrl": "https://www.nzmp.com/global/en/solutions/price-risk-management.html"
 },
 {
  "url": "https://www.nzmp.com/content/dam/nzmp/pdfs/nzmp-pricebreak-casestudy-110219.pdf",
  "status": 200,
  "from": "https://www.nzmp.com/global/en/solutions/price-risk-management/pricebreak.html"
 },
 {
  "url": "https://www.nzmp.com/content/dam/nzmp/pdfs/NZMP-PriceLock-Case-Study.pdf",
  "status": 200,
  "from": "https://www.nzmp.com/global/en/solutions/price-risk-management/pricelock.html"
 },
 {
  "url": "https://www.nzmp.com/content/dam/nzmp/pdfs/NZMP-PriceCollar-Case-Study.pdf",
  "status": 200,
  "from": "https://www.nzmp.com/global/en/solutions/price-risk-management/pricecollar.html"
 },
 {
  "url": "https://www.nzmp.com/content/dam/nzmp/pdfs/nzmp-double-cap-collar-casestudy-110219.pdf",
  "status": 200,
  "from": "https://www.nzmp.com/global/en/solutions/price-risk-management/double-cap-collar.html"
 },
 {
  "url": "https://www.nzmp.com/global/en/about-nzmp/innovation-and-ingenuity/our-protein-expertise/protein-innovation-timeline.html",
  "status": 200,
  "from": "https://www.nzmp.com/global/en/ingredients.html",
  "finalUrl": "https://www.nzmp.com/global/en/solutions/innovation-and-ingenuity/our-protein-expertise/protein-innovation-timeline.html"
 },
 {
  "url": "https://www.nzmp.com/content/dam/nzmp/pdfs/nzmp-price-index-brochure-pdf.pdf",
  "status": 200,
  "from": "https://www.nzmp.com/global/en/solutions/price-risk-management/priceindex.html"
 },
 {
  "url": "https://www.nzmp.com/content/dam/nzmp/pdfs/NZMP-Product-Summary-whole-milk-powder-uht-perform.pdf",
  "status": 200,
  "from": "https://www.nzmp.com/global/en/ingredients/powders-concentrates/whole-milk-powder/wmp-uht-perform.html"
 },
 {
  "url": "https://www.nzmp.com/global/en/products/fonterra-sustainability-solutions/unqiue-claims-content/natural-dairy-claims.html",
  "status": 200,
  "from": "https://www.nzmp.com/global/en/ingredients/powders-concentrates/whole-milk-powder/regular-whole-milk-powder-uht.html",
  "finalUrl": "https://www.nzmp.com/global/en/sustainability/fonterra-sustainability-solutions/natural-dairy-claims.html"
 },
 {
  "url": "https://www.nzmp.com/global/en/about-nzmp/sustainability/terms-and-conditions.html",
  "status": 200,
  "from": "https://www.nzmp.com/global/en/ingredients/powders-concentrates/whole-milk-powder/regular-whole-milk-powder-uht.html",
  "finalUrl": "https://www.nzmp.com/global/en/sustainability/terms-and-conditions.html"
 },
 {
  "url": "https://www.nzmp.com/global/en/about-nzmp/sustainability/nz-grass-fed-difference.html",
  "status": 200,
  "from": "https://www.nzmp.com/global/en/ingredients/powders-concentrates/whole-milk-powder/regular-whole-milk-powder-uht.html",
  "finalUrl": "https://www.nzmp.com/global/en/sustainability/fonterra-sustainability-solutions/natural-dairy-claims.html"
 },
 {
  "url": "https://www.nzmp.com/global/en/categories/beverages.html",
  "status": 200,
  "from": "https://www.nzmp.com/global/en/ingredients/powders-concentrates/whole-milk-powder/regular-wmp-for-tea.html",
  "finalUrl": "https://www.nzmp.com/global/en/applications/beverages.html"
 },
 {
  "url": "https://www.nzmp.com/global/en/categories/yoghurts-and-cultured-products.html",
  "status": 200,
  "from": "https://www.nzmp.com/global/en/ingredients/powders-concentrates/whole-milk-powder/wmp-uht-perform.html",
  "finalUrl": "https://www.nzmp.com/global/en/applications/yoghurts-and-cultured-products.html"
 },
 {
  "url": "https://www.nzmp.com/global/en/categories/consumer-milk-powders.html",
  "status": 200,
  "from": "https://www.nzmp.com/global/en/ingredients/powders-concentrates/skim-milk-powder/regular-skim-milk-powder-low-heat-gdt.html",
  "finalUrl": "https://www.nzmp.com/global/en/applications/consumer-milk-powders.html"
 },
 {
  "url": "https://www.nzmp.com/content/dam/nzmp/pdfs/nzmp-the-benefits-of-protein-infographic.pdf",
  "status": 200,
  "from": "https://www.nzmp.com/global/en/ingredients/powders-concentrates/instant-milk-powder/nzmp-protein-plus-instant-milk-powder.html"
 },
 {
  "url": "https://www.nzmp.com/content/dam/nzmp/pdfs/nzmp-protein-plus-instant-milk-powder-product-summary.pdf",
  "status": 200,
  "from": "https://www.nzmp.com/global/en/ingredients/powders-concentrates/instant-milk-powder/nzmp-protein-plus-instant-milk-powder.html"
 },
 {
  "url": "https://www.nzmp.com/content/dam/nzmp/pdfs/nzmp-low-glycaemic-index-infographic-april2020.pdf",
  "status": 200,
  "from": "https://www.nzmp.com/global/en/ingredients/powders-concentrates/instant-milk-powder/nzmp-protein-plus-instant-milk-powder.html"
 },
 {
  "url": "https://www.nzmp.com/global/en/categories/organic-dairy/organic-product-claims.html",
  "status": 200,
  "from": "https://www.nzmp.com/global/en/ingredients/powders-concentrates/whole-milk-powder/organic-regular-whole-milk-powder.html",
  "finalUrl": "https://www.nzmp.com/global/en/applications/organic-dairy/organic-product-claims.html"
 },
 {
  "url": "https://www.nzmp.com/global/en/products/ingredients/types/specialty/hydrolysates.html.html",
  "status": 404,
  "from": "https://www.nzmp.com/global/en/ingredients/powders-concentrates/instant-milk-powder/fat-filled-milk-powder.html"
 },
 {
  "url": "https://www.nzmp.com/global/en/products/ingredients/types/specialty/hydrolysates/nzmp-whey-protein-hydrolysate-917.html.html",
  "status": 404,
  "from": "https://www.nzmp.com/global/en/ingredients/powders-concentrates/instant-milk-powder/fat-filled-milk-powder.html"
 },
 {
  "url": "https://www.nzmp.com/content/dam/nzmp/pdfs/nzmp-nutriwhite-information-sheet.pdf",
  "status": 200,
  "from": "https://www.nzmp.com/global/en/ingredients/powders-concentrates/instant-milk-powder/nzmp-nutriwhite-dairy-based-powder.html"
 },
 {
  "url": "https://www.nzmp.com/content/dam/nzmp/pdfs/nzmp-gold-instant-whole-milk-powder-consumer-benefit-inspiration-brochure.pdf",
  "status": 200,
  "from": "https://www.nzmp.com/global/en/ingredients/powders-concentrates/instant-milk-powder/gold-instant-whole-milk-powder.html"
 },
 {
  "url": "https://www.nzmp.com/content/dam/nzmp/pdfs/nzmp-product-summary-nutriwhite-12-apr-2024.pdf",
  "status": 200,
  "from": "https://www.nzmp.com/global/en/ingredients/powders-concentrates/instant-milk-powder/nzmp-nutriwhite-dairy-based-powder.html"
 },
 {
  "url": "https://www.nzmp.com/global/en/ingredients/fonterra-sustainability-solutions/unqiue-claims-content/natural-dairy-claims.html",
  "status": 200,
  "from": "https://www.nzmp.com/global/en/ingredients/powders-concentrates/instant-milk-powder/nzmp-fortified-plus-instant-wmp.html",
  "finalUrl": "https://www.nzmp.com/global/en/sustainability/fonterra-sustainability-solutions/natural-dairy-claims.html"
 },
 {
  "url": "https://www.nzmp.com/global/en/applications/beverages/beverages-ingredients-portfolio.html",
  "status": 200,
  "from": "https://www.nzmp.com/global/en/ingredients/powders-concentrates/buttermilk-powder/regular-buttermilk-powder.html"
 },
 {
  "url": "https://www.nzmp.com/content/nzmp/global/en/contact-us.html",
  "status": 200,
  "from": "https://www.nzmp.com/global/en/ingredients/powders-concentrates/buttermilk-powder/regular-buttermilk-powder.html",
  "finalUrl": "https://www.nzmp.com/global/en/contact-us.html"
 },
 {
  "url": "https://www.nzmp.com/global/en/tools/rtd/organic-wmp-regular.html",
  "status": 200,
  "from": "https://www.nzmp.com/global/en/ingredients/powders-concentrates/buttermilk-powder/regular-buttermilk-powder.html",
  "finalUrl": "https://www.nzmp.com/global/en/ingredients/powders-concentrates/whole-milk-powder/organic-regular-whole-milk-powder.html"
 },
 {
  "url": "https://www.nzmp.com/content/dam/nzmp/pdfs/nzmp-nutriwhite-1-pager-infographic-v8-oct23.pdf",
  "status": 200,
  "from": "https://www.nzmp.com/global/en/ingredients/powders-concentrates/instant-milk-powder/nzmp-nutriwhite-dairy-based-powder.html"
 },
 {
  "url": "https://www.nzmp.com/global/en/tools/rtd/frozen-whole-milk-concentrate.html",
  "status": 200,
  "from": "https://www.nzmp.com/global/en/ingredients/powders-concentrates/buttermilk-powder/regular-buttermilk-powder.html",
  "finalUrl": "https://www.nzmp.com/global/en/ingredients/powders-concentrates/nzmp-frozen-wholemilk-concentrate.html"
 },
 {
  "url": "https://www.nzmp.com/global/en/tools/rtd/bmp-rem.html",
  "status": 200,
  "from": "https://www.nzmp.com/global/en/ingredients/powders-concentrates/buttermilk-powder/regular-buttermilk-powder.html",
  "finalUrl": "https://www.nzmp.com/global/en/ingredients/powders-concentrates/buttermilk-powder/regular-buttermilk-powder.html"
 },
 {
  "url": "https://www.nzmp.com/global/en/tools/rtd/bmp-adb.html",
  "status": 200,
  "from": "https://www.nzmp.com/global/en/ingredients/powders-concentrates/buttermilk-powder/regular-buttermilk-powder.html",
  "finalUrl": "https://www.nzmp.com/global/en/ingredients/powders-concentrates/buttermilk-powder/regular-buttermilk-powder.html"
 },
 {
  "url": "https://www.nzmp.com/global/en/tools/rtd/organic-smp-regular-low-heat.html",
  "status": 200,
  "from": "https://www.nzmp.com/global/en/ingredients/powders-concentrates/buttermilk-powder/regular-buttermilk-powder.html",
  "finalUrl": "https://www.nzmp.com/global/en/ingredients/powders-concentrates/skim-milk-powder/organic-skim-milk-powder.html"
 },
 {
  "url": "https://www.nzmp.com/global/en/tools/rtd/smp-regular-medium-heat.html",
  "status": 200,
  "from": "https://www.nzmp.com/global/en/ingredients/powders-concentrates/buttermilk-powder/regular-buttermilk-powder.html",
  "finalUrl": "https://www.nzmp.com/global/en/ingredients/powders-concentrates/skim-milk-powder/regular-skim-milk-powder-medium-heat.html"
 },
 {
  "url": "https://www.nzmp.com/global/en/tools/rtd/smp-regular-low-heat.html",
  "status": 200,
  "from": "https://www.nzmp.com/global/en/ingredients/powders-concentrates/buttermilk-powder/regular-buttermilk-powder.html",
  "finalUrl": "https://www.nzmp.com/global/en/ingredients/powders-concentrates/skim-milk-powder/regular-skim-milk-powder-low-heat.html"
 },
 {
  "url": "https://www.nzmp.com/global/en/tools/rtd/smp-regular-medium-heat-adb.html",
  "status": 200,
  "from": "https://www.nzmp.com/global/en/ingredients/powders-concentrates/buttermilk-powder/regular-buttermilk-powder.html",
  "finalUrl": "https://www.nzmp.com/global/en/ingredients/powders-concentrates/skim-milk-powder/regular-skim-milk-powder-medium-heat.html"
 },
 {
  "url": "https://www.nzmp.com/global/en/tools/rtd/smp-regular-low-heat-adb.html",
  "status": 200,
  "from": "https://www.nzmp.com/global/en/ingredients/powders-concentrates/buttermilk-powder/regular-buttermilk-powder.html",
  "finalUrl": "https://www.nzmp.com/global/en/ingredients/powders-concentrates/skim-milk-powder/regular-skim-milk-powder-low-heat.html"
 },
 {
  "url": "https://www.nzmp.com/global/en/tools/rtd/smp-for-uht-adb.html",
  "status": 200,
  "from": "https://www.nzmp.com/global/en/ingredients/powders-concentrates/buttermilk-powder/regular-buttermilk-powder.html",
  "finalUrl": "https://www.nzmp.com/global/en/ingredients/powders-concentrates/skim-milk-powder/regular-skim-milk-powder-uht.html"
 },
 {
  "url": "https://www.nzmp.com/global/en/tools/rtd/smp-for-uht.html",
  "status": 200,
  "from": "https://www.nzmp.com/global/en/ingredients/powders-concentrates/buttermilk-powder/regular-buttermilk-powder.html",
  "finalUrl": "https://www.nzmp.com/global/en/ingredients/powders-concentrates/skim-milk-powder/regular-skim-milk-powder-uht.html"
 },
 {
  "url": "https://www.nzmp.com/global/en/tools/rtd/wmp-uht-perform-adb.html",
  "status": 200,
  "from": "https://www.nzmp.com/global/en/ingredients/powders-concentrates/buttermilk-powder/regular-buttermilk-powder.html",
  "finalUrl": "https://www.nzmp.com/global/en/ingredients/powders-concentrates/whole-milk-powder/wmp-uht-perform.html"
 },
 {
  "url": "https://www.nzmp.com/global/en/tools/rtd/caseinate-380.html",
  "status": 200,
  "from": "https://www.nzmp.com/global/en/ingredients/powders-concentrates/buttermilk-powder/regular-buttermilk-powder.html",
  "finalUrl": "https://www.nzmp.com/global/en/ingredients/proteins/caseins-and-caseinates/caseinates.html"
 },
 {
  "url": "https://www.nzmp.com/global/en/tools/rtd/wmp-regular.html",
  "status": 200,
  "from": "https://www.nzmp.com/global/en/ingredients/powders-concentrates/buttermilk-powder/regular-buttermilk-powder.html",
  "finalUrl": "https://www.nzmp.com/global/en/ingredients/powders-concentrates/whole-milk-powder/regular-whole-milk-powder.html"
 },
 {
  "url": "https://www.nzmp.com/global/en/tools/rtd/clear-wpi-8855.html",
  "status": 200,
  "from": "https://www.nzmp.com/global/en/ingredients/powders-concentrates/buttermilk-powder/regular-buttermilk-powder.html",
  "finalUrl": "https://www.nzmp.com/global/en/ingredients/proteins/whey-protein-isolates/nzmp-clear-wpi-8855.html"
 },
 {
  "url": "https://www.nzmp.com/global/en/tools/rtd/wmp-uht-perform.html",
  "status": 200,
  "from": "https://www.nzmp.com/global/en/ingredients/powders-concentrates/buttermilk-powder/regular-buttermilk-powder.html",
  "finalUrl": "https://www.nzmp.com/global/en/ingredients/powders-concentrates/whole-milk-powder/wmp-uht-perform.html"
 },
 {
  "url": "https://www.nzmp.com/global/en/tools/rtd/mpc-470.html",
  "status": 200,
  "from": "https://www.nzmp.com/global/en/ingredients/powders-concentrates/buttermilk-powder/regular-buttermilk-powder.html",
  "finalUrl": "https://www.nzmp.com/global/en/ingredients/proteins/milk-protein-concentrates/nzmp-milk-protein-concentrate-470.html"
 },
 {
  "url": "https://www.nzmp.com/global/en/tools/rtd/mpc-470-em.html",
  "status": 200,
  "from": "https://www.nzmp.com/global/en/ingredients/powders-concentrates/buttermilk-powder/regular-buttermilk-powder.html",
  "finalUrl": "https://www.nzmp.com/global/en/ingredients/proteins/milk-protein-concentrates/nzmp-milk-protein-concentrate-470.html"
 },
 {
  "url": "https://www.nzmp.com/global/en/tools/rtd/mpc-470-ct.html",
  "status": 200,
  "from": "https://www.nzmp.com/global/en/ingredients/powders-concentrates/buttermilk-powder/regular-buttermilk-powder.html",
  "finalUrl": "https://www.nzmp.com/global/en/ingredients/proteins/milk-protein-concentrates/nzmp-milk-protein-concentrate-470.html"
 },
 {
  "url": "https://www.nzmp.com/global/en/tools/rtd/mpc-4850.html",
  "status": 200,
  "from": "https://www.nzmp.com/global/en/ingredients/powders-concentrates/buttermilk-powder/regular-buttermilk-powder.html",
  "finalUrl": "https://www.nzmp.com/global/en/ingredients/proteins/milk-protein-concentrates/nzmp-milk-protein-concentrate-485.html"
 },
 {
  "url": "https://www.nzmp.com/global/en/tools/rtd/mpc-4850-em.html",
  "status": 200,
  "from": "https://www.nzmp.com/global/en/ingredients/powders-concentrates/buttermilk-powder/regular-buttermilk-powder.html",
  "finalUrl": "https://www.nzmp.com/global/en/ingredients/proteins/milk-protein-concentrates/nzmp-milk-protein-concentrate-485.html"
 },
 {
  "url": "https://www.nzmp.com/global/en/tools/rtd/mpc-4850-ct.html",
  "status": 200,
  "from": "https://www.nzmp.com/global/en/ingredients/powders-concentrates/buttermilk-powder/regular-buttermilk-powder.html",
  "finalUrl": "https://www.nzmp.com/global/en/ingredients/proteins/milk-protein-concentrates/nzmp-milk-protein-concentrate-485.html"
 },
 {
  "url": "https://www.nzmp.com/global/en/tools/rtd/mpc-4887-low-lactose.html",
  "status": 200,
  "from": "https://www.nzmp.com/global/en/ingredients/powders-concentrates/buttermilk-powder/regular-buttermilk-powder.html",
  "finalUrl": "https://www.nzmp.com/global/en/ingredients/proteins/milk-protein-concentrates/nzmp-mpc-4887.html"
 },
 {
  "url": "https://www.nzmp.com/global/en/tools/rtd/mpc-4851.html",
  "status": 200,
  "from": "https://www.nzmp.com/global/en/ingredients/powders-concentrates/buttermilk-powder/regular-buttermilk-powder.html",
  "finalUrl": "https://www.nzmp.com/global/en/ingredients/proteins/milk-protein-concentrates.html"
 },
 {
  "url": "https://www.nzmp.com/global/en/tools/rtd/mpi-490.html",
  "status": 200,
  "from": "https://www.nzmp.com/global/en/ingredients/powders-concentrates/buttermilk-powder/regular-buttermilk-powder.html",
  "finalUrl": "https://www.nzmp.com/global/en/ingredients/proteins/milk-protein-isolates.html"
 },
 {
  "url": "https://www.nzmp.com/global/en/tools/rtd/organic-mpc-85-em.html",
  "status": 200,
  "from": "https://www.nzmp.com/global/en/ingredients/powders-concentrates/buttermilk-powder/regular-buttermilk-powder.html",
  "finalUrl": "https://www.nzmp.com/global/en/ingredients/proteins/milk-protein-concentrates/organic-milk-protein-concentrate-485.html"
 },
 {
  "url": "https://www.nzmp.com/global/en/tools/rtd/organic-mpc-85-ct.html",
  "status": 200,
  "from": "https://www.nzmp.com/global/en/ingredients/powders-concentrates/buttermilk-powder/regular-buttermilk-powder.html",
  "finalUrl": "https://www.nzmp.com/global/en/ingredients/proteins/milk-protein-concentrates/organic-milk-protein-concentrate-485.html"
 },
 {
  "url": "https://www.nzmp.com/global/en/tools/rtd/sodium-caseinate-180.html",
  "status": 200,
  "from": "https://www.nzmp.com/global/en/ingredients/powders-concentrates/buttermilk-powder/regular-buttermilk-powder.html",
  "finalUrl": "https://www.nzmp.com/global/en/ingredients/proteins/caseins-and-caseinates/caseinates/nzmp-sodium-caseinate-180.html"
 },
 {
  "url": "https://www.nzmp.com/global/en/tools/rtd/sodium-caseinate-180-ct.html",
  "status": 200,
  "from": "https://www.nzmp.com/global/en/ingredients/powders-concentrates/buttermilk-powder/regular-buttermilk-powder.html",
  "finalUrl": "https://www.nzmp.com/global/en/ingredients/proteins/caseins-and-caseinates/caseinates/nzmp-sodium-caseinate-180.html"
 },
 {
  "url": "https://www.nzmp.com/global/en/tools/rtd/vital-wpc-550.html",
  "status": 200,
  "from": "https://www.nzmp.com/global/en/ingredients/powders-concentrates/buttermilk-powder/regular-buttermilk-powder.html",
  "finalUrl": "https://www.nzmp.com/global/en/ingredients/proteins/whey-protein-concentrates/nzmp-wpc-550.html"
 },
 {
  "url": "https://www.nzmp.com/global/en/tools/rtd/vital-wpc-550-em.html",
  "status": 200,
  "from": "https://www.nzmp.com/global/en/ingredients/powders-concentrates/buttermilk-powder/regular-buttermilk-powder.html",
  "finalUrl": "https://www.nzmp.com/global/en/ingredients/proteins/whey-protein-concentrates/nzmp-wpc-550.html"
 },
 {
  "url": "https://www.nzmp.com/global/en/tools/rtd/vital-wpc-550-adb.html",
  "status": 200,
  "from": "https://www.nzmp.com/global/en/ingredients/powders-concentrates/buttermilk-powder/regular-buttermilk-powder.html",
  "finalUrl": "https://www.nzmp.com/global/en/ingredients/proteins/whey-protein-concentrates/nzmp-wpc-550.html"
 },
 {
  "url": "https://www.nzmp.com/global/en/tools/rtd/wpc-392.html",
  "status": 200,
  "from": "https://www.nzmp.com/global/en/ingredients/powders-concentrates/buttermilk-powder/regular-buttermilk-powder.html",
  "finalUrl": "https://www.nzmp.com/global/en/ingredients/proteins/whey-protein-concentrates.html"
 },
 {
  "url": "https://www.nzmp.com/global/en/tools/rtd/wpi-8855.html",
  "status": 200,
  "from": "https://www.nzmp.com/global/en/ingredients/powders-concentrates/buttermilk-powder/regular-buttermilk-powder.html",
  "finalUrl": "https://www.nzmp.com/global/en/ingredients/proteins/whey-protein-isolates/nzmp-clear-wpi-8855.html"
 },
 {
  "url": "https://www.nzmp.com/global/en/tools/rtd/organic-mpc-85.html",
  "status": 200,
  "from": "https://www.nzmp.com/global/en/ingredients/powders-concentrates/buttermilk-powder/regular-buttermilk-powder.html",
  "finalUrl": "https://www.nzmp.com/global/en/ingredients/proteins/milk-protein-concentrates/organic-milk-protein-concentrate-485.html"
 },
 {
  "url": "https://www.nzmp.com/global/en/tools/rtd/wpi-895.html",
  "status": 200,
  "from": "https://www.nzmp.com/global/en/ingredients/powders-concentrates/buttermilk-powder/regular-buttermilk-powder.html",
  "finalUrl": "https://www.nzmp.com/global/en/ingredients/proteins/whey-protein-isolates/nzmp-wpi-895.html"
 },
 {
  "url": "https://www.nzmp.com/global/en/tools/rtd/amf.html",
  "status": 200,
  "from": "https://www.nzmp.com/global/en/ingredients/powders-concentrates/buttermilk-powder/regular-buttermilk-powder.html",
  "finalUrl": "https://www.nzmp.com/global/en/ingredients/dairy-fats-cream/anhydrous-milk-fat/anhydrous-milk-fat-premium.html"
 },
 {
  "url": "https://www.nzmp.com/global/en/tools/rtd/frozen-cream.html",
  "status": 200,
  "from": "https://www.nzmp.com/global/en/ingredients/powders-concentrates/buttermilk-powder/regular-buttermilk-powder.html",
  "finalUrl": "https://www.nzmp.com/global/en/ingredients/dairy-fats-cream/frozen-cream.html"
 },
 {
  "url": "https://www.nzmp.com/global/en/ingredients/resources.html",
  "status": 200,
  "from": "https://www.nzmp.com/global/en/ingredients/powders-concentrates/lactose.html",
  "finalUrl": "https://www.nzmp.com/global/en/resources.html"
 },
 {
  "url": "https://www.nzmp.com/global/en/ingredients/fonterra-sustainability-solutions/unqiue-claims-content.html",
  "status": 200,
  "from": "https://www.nzmp.com/global/en/ingredients/powders-concentrates/nzmp-frozen-wholemilk-concentrate.html",
  "finalUrl": "https://www.nzmp.com/global/en/sustainability/fonterra-sustainability-solutions/natural-dairy-claims.html"
 },
 {
  "url": "https://www.nzmp.com/global/en/categories/food-manufacture/applications/bakery.html",
  "status": 200,
  "from": "https://www.nzmp.com/global/en/ingredients/dairy-fats-cream/anhydrous-milk-fat/anhydrous-milk-fat-15l-convenience-pack.html",
  "finalUrl": "https://www.nzmp.com/global/en/applications/food-manufacture/applications/bakery.html"
 },
 {
  "url": "https://www.nzmp.com/global/en/categories/food-manufacture/applications/ice-cream.html",
  "status": 200,
  "from": "https://www.nzmp.com/global/en/ingredients/dairy-fats-cream/anhydrous-milk-fat/anhydrous-milk-fat-15l-convenience-pack.html",
  "finalUrl": "https://www.nzmp.com/global/en/applications/food-manufacture/applications/ice-cream.html"
 },
 {
  "url": "https://www.nzmp.com/global/en/categories/food-manufacture/applications/processed-cheese.html",
  "status": 200,
  "from": "https://www.nzmp.com/global/en/ingredients/dairy-fats-cream/anhydrous-milk-fat/anhydrous-milk-fat-15l-convenience-pack.html",
  "finalUrl": "https://www.nzmp.com/global/en/applications/food-manufacture/applications/processed-cheese.html"
 },
 {
  "url": "https://www.nzmp.com/global/en/categories/food-manufacture/applications/meals-and-snacks.html",
  "status": 200,
  "from": "https://www.nzmp.com/global/en/ingredients/dairy-fats-cream/anhydrous-milk-fat/anhydrous-milk-fat-15l-convenience-pack.html",
  "finalUrl": "https://www.nzmp.com/global/en/applications/food-manufacture/applications/meals-and-snacks.html"
 },
 {
  "url": "https://www.nzmp.com/global/en/categories/organic-dairy.html",
  "status": 200,
  "from": "https://www.nzmp.com/global/en/ingredients/dairy-fats-cream/butter/organic-salted-butter.html",
  "finalUrl": "https://www.nzmp.com/global/en/applications/organic-dairy.html"
 },
 {
  "url": "https://www.nzmp.com/global/en/categories/food-manufacture.html",
  "status": 200,
  "from": "https://www.nzmp.com/global/en/ingredients/dairy-fats-cream/anhydrous-milk-fat/anhydrous-milk-fat-15l-convenience-pack.html",
  "finalUrl": "https://www.nzmp.com/global/en/applications/food-manufacture.html"
 },
 {
  "url": "https://www.nzmp.com/global/en/products/ingredients/applications/food-manufacture/processed-cheese.html",
  "status": 200,
  "from": "https://www.nzmp.com/global/en/ingredients/cheese/cheddar-cheese/cheddar-cheese-manufacturing.html",
  "finalUrl": "https://www.nzmp.com/global/en/applications/food-manufacture/applications/processed-cheese.html"
 },
 {
  "url": "https://www.nzmp.com/content/dam/nzmp/pdfs/nzmp-mozzarella-curd-product-summary-august-2018.pdf",
  "status": 200,
  "from": "https://www.nzmp.com/global/en/ingredients/cheese/mozzarella-options/mozzarella-curd.html"
 },
 {
  "url": "https://www.nzmp.com/global/en/about-nzmp/new-zealand-dairy-expertise.html",
  "status": 200,
  "from": "https://www.nzmp.com/global/en/ingredients/cheese/mozzarella-options.html",
  "finalUrl": "https://www.nzmp.com/global/en/about-nzmp/our-way-of-farming.html"
 },
 {
  "url": "https://www.nzmp.com/global/en/products/ingredients/applications/food-manufacture.html",
  "status": 200,
  "from": "https://www.nzmp.com/global/en/ingredients/cheese/mozzarella-options/frozen-mozzarella.html",
  "finalUrl": "https://www.nzmp.com/global/en/applications/food-manufacture.html"
 },
 {
  "url": "https://www.nzmp.com/global/en/categories/food-manufacture/applications/pizza-and-baking.html",
  "status": 200,
  "from": "https://www.nzmp.com/global/en/ingredients/cheese/parmesan-and-popular-cheeses/gouda-cheese.html",
  "finalUrl": "https://www.nzmp.com/global/en/applications/food-manufacture/applications/pizza-and-baking.html"
 },
 {
  "url": "https://www.nzmp.com/global/en/applications/paediatric-nutrition.html",
  "status": 200,
  "from": "https://www.nzmp.com/global/en/ingredients/cheese/repack-cheese.html",
  "finalUrl": "https://www.nzmp.com/global/en/applications/medical-nutrition.html"
 },
 {
  "url": "https://www.nzmp.com/global/en/ingredients/proteins/milk-protein-concentrates.html.html",
  "status": 404,
  "from": "https://www.nzmp.com/global/en/ingredients/proteins/milk-protein-concentrates/nzmp-sureprotein-mpc-4881.html"
 },
 {
  "url": "https://www.nzmp.com/global/en/ingredients/proteins/milk-protein-concentrates/nzmp-mpc-4867.html",
  "status": 200,
  "from": "https://www.nzmp.com/global/en/ingredients/proteins/milk-protein-concentrates.html",
  "finalUrl": "https://www.nzmp.com/global/en/ingredients/proteins/milk-protein-concentrates.html"
 },
 {
  "url": "https://www.nzmp.com/global/en/bar-ingredients/sureprotein-optibar-895-wpi.html",
  "status": 200,
  "from": "https://www.nzmp.com/global/en/ingredients/proteins/milk-protein-concentrates/nzmp-milk-protein-concentrate-485.html",
  "finalUrl": "https://www.nzmp.com/global/en/ingredients/proteins/whey-protein-isolates/nzmp-wpi-895.html"
 },
 {
  "url": "https://www.nzmp.com/global/en/ingredients/proteins/milk-protein-concentrates/nzmp-mpc-4861-yoghurt.html",
  "status": 200,
  "from": "https://www.nzmp.com/global/en/ingredients/proteins/milk-protein-concentrates/nzmp-mpc-4861.html",
  "finalUrl": "https://www.nzmp.com/global/en/ingredients/proteins/milk-protein-concentrates.html"
 },
 {
  "url": "https://www.nzmp.com/global/en/products/ingredients/types/proteins/nzmp-sureprotein-dpc.html",
  "status": 200,
  "from": "https://www.nzmp.com/global/en/ingredients/proteins/milk-protein-concentrates/nzmp-milk-protein-concentrate-485.html",
  "finalUrl": "https://www.nzmp.com/global/en/ingredients/proteins.html"
 },
 {
  "url": "https://www.nzmp.com/global/en/bar-ingredients/sureprotein-flexbar-510-wpc.html",
  "status": 200,
  "from": "https://www.nzmp.com/global/en/ingredients/proteins/milk-protein-concentrates/nzmp-milk-protein-concentrate-485.html",
  "finalUrl": "https://www.nzmp.com/global/en/ingredients/proteins/whey-protein-concentrates.html"
 },
 {
  "url": "https://www.nzmp.com/global/en/categories/sports-and-lifestyle-nutrition/applications/ready-to-drink.html",
  "status": 200,
  "from": "https://www.nzmp.com/global/en/ingredients/proteins/milk-protein-concentrates/nzmp-sureprotein-mpc-4881.html",
  "finalUrl": "https://www.nzmp.com/global/en/applications/active-lifestyle/applications/ready-to-drink.html"
 },
 {
  "url": "https://www.nzmp.com/global/en/bar-ingredients/sureprotein-flexbar-515-wpc.html",
  "status": 200,
  "from": "https://www.nzmp.com/global/en/ingredients/proteins/milk-protein-concentrates/nzmp-milk-protein-concentrate-485.html",
  "finalUrl": "https://www.nzmp.com/global/en/ingredients/proteins/whey-protein-concentrates.html"
 },
 {
  "url": "https://www.nzmp.com/global/en/bar-ingredients/sureprotein-optibar-892-wpi.html",
  "status": 200,
  "from": "https://www.nzmp.com/global/en/ingredients/proteins/milk-protein-concentrates/nzmp-milk-protein-concentrate-485.html",
  "finalUrl": "https://www.nzmp.com/global/en/ingredients/proteins/whey-protein-isolates/nzmp-optibar.html"
 },
 {
  "url": "https://www.nzmp.com/global/en/bar-ingredients/sureprotein-optibar-894-wpi.html",
  "status": 200,
  "from": "https://www.nzmp.com/global/en/ingredients/proteins/milk-protein-concentrates/nzmp-milk-protein-concentrate-485.html",
  "finalUrl": "https://www.nzmp.com/global/en/ingredients/proteins/whey-protein-isolates.html"
 },
 {
  "url": "https://www.nzmp.com/global/en/bar-ingredients/sureprotein-crispbar-600-dpc.html",
  "status": 200,
  "from": "https://www.nzmp.com/global/en/ingredients/proteins/milk-protein-concentrates/nzmp-milk-protein-concentrate-485.html",
  "finalUrl": "https://www.nzmp.com/global/en/ingredients/proteins.html"
 },
 {
  "url": "https://www.nzmp.com/global/en/bar-ingredients/sureprotein-softbar-917-wph.html",
  "status": 200,
  "from": "https://www.nzmp.com/global/en/ingredients/proteins/milk-protein-concentrates/nzmp-milk-protein-concentrate-485.html",
  "finalUrl": "https://www.nzmp.com/global/en/ingredients/proteins/hydrolysates.html"
 },
 {
  "url": "https://www.nzmp.com/global/en/bar-ingredients/sureprotein-shortbar-911-wph.html",
  "status": 200,
  "from": "https://www.nzmp.com/global/en/ingredients/proteins/milk-protein-concentrates/nzmp-milk-protein-concentrate-485.html",
  "finalUrl": "https://www.nzmp.com/global/en/ingredients/proteins/hydrolysates.html"
 },
 {
  "url": "https://www.nzmp.com/global/en/bar-ingredients/crispbar-dairy-protein-crisp-dpc.html",
  "status": 200,
  "from": "https://www.nzmp.com/global/en/ingredients/proteins/milk-protein-concentrates/nzmp-milk-protein-concentrate-485.html",
  "finalUrl": "https://www.nzmp.com/global/en/ingredients/proteins.html"
 },
 {
  "url": "https://www.nzmp.com/global/en/bar-ingredients/sureprotein-softbar-1000-mp.html",
  "status": 200,
  "from": "https://www.nzmp.com/global/en/ingredients/proteins/milk-protein-concentrates/nzmp-milk-protein-concentrate-485.html",
  "finalUrl": "https://www.nzmp.com/global/en/ingredients/proteins/milk-protein-isolates/nzmp-softbar-1000.html"
 },
 {
  "url": "https://www.nzmp.com/global/en/bar-ingredients/sureprotein-softbar-1000-mpi.html",
  "status": 200,
  "from": "https://www.nzmp.com/global/en/ingredients/proteins/milk-protein-concentrates/nzmp-milk-protein-concentrate-485.html",
  "finalUrl": "https://www.nzmp.com/global/en/ingredients/proteins/milk-protein-isolates/nzmp-softbar-1000.html"
 },
 {
  "url": "https://www.nzmp.com/global/en/bar-ingredients/sureprotein-shortbar-1104-tmp.html",
  "status": 200,
  "from": "https://www.nzmp.com/global/en/ingredients/proteins/milk-protein-concentrates/nzmp-milk-protein-concentrate-485.html",
  "finalUrl": "https://www.nzmp.com/global/en/ingredients/proteins/total-milk-proteins.html"
 },
 {
  "url": "https://www.nzmp.com/global/en/bar-ingredients/sureprotein-shortbar-4857-mpc.html",
  "status": 200,
  "from": "https://www.nzmp.com/global/en/ingredients/proteins/milk-protein-concentrates/nzmp-milk-protein-concentrate-485.html",
  "finalUrl": "https://www.nzmp.com/global/en/ingredients/proteins/milk-protein-concentrates.html"
 },
 {
  "url": "https://www.nzmp.com/global/en/bar-ingredients/sureprotein-shortbar-825-lactalbumin.html",
  "status": 200,
  "from": "https://www.nzmp.com/global/en/ingredients/proteins/milk-protein-concentrates/nzmp-milk-protein-concentrate-485.html",
  "finalUrl": "https://www.nzmp.com/global/en/ingredients/proteins/whey-protein-isolates.html"
 },
 {
  "url": "https://www.nzmp.com/global/en/bar-ingredients/sureprotein-380-cacas.html",
  "status": 200,
  "from": "https://www.nzmp.com/global/en/ingredients/proteins/milk-protein-concentrates/nzmp-milk-protein-concentrate-485.html",
  "finalUrl": "https://www.nzmp.com/global/en/ingredients/proteins/caseins-and-caseinates/caseinates.html"
 },
 {
  "url": "https://www.nzmp.com/global/en/bar-ingredients/sureprotein-shortbar-485-mpc.html",
  "status": 200,
  "from": "https://www.nzmp.com/global/en/ingredients/proteins/milk-protein-concentrates/nzmp-milk-protein-concentrate-485.html",
  "finalUrl": "https://www.nzmp.com/global/en/ingredients/proteins/milk-protein-concentrates.html"
 },
 {
  "url": "https://www.nzmp.com/global/en/bar-ingredients/sureprotein-392-wpc.html",
  "status": 200,
  "from": "https://www.nzmp.com/global/en/ingredients/proteins/milk-protein-concentrates/nzmp-milk-protein-concentrate-485.html",
  "finalUrl": "https://www.nzmp.com/global/en/ingredients/proteins/whey-protein-concentrates.html"
 },
 {
  "url": "https://www.nzmp.com/global/en/bar-ingredients/sureprotein-cacas.html",
  "status": 200,
  "from": "https://www.nzmp.com/global/en/ingredients/proteins/milk-protein-concentrates/nzmp-milk-protein-concentrate-485.html",
  "finalUrl": "https://www.nzmp.com/global/en/ingredients/proteins/caseins-and-caseinates/caseinates.html"
 },
 {
  "url": "https://www.nzmp.com/global/en/bar-ingredients/sureprotein-390-cacas.html",
  "status": 200,
  "from": "https://www.nzmp.com/global/en/ingredients/proteins/milk-protein-concentrates/nzmp-milk-protein-concentrate-485.html",
  "finalUrl": "https://www.nzmp.com/global/en/ingredients/proteins/caseins-and-caseinates/caseinates.html"
 },
 {
  "url": "https://www.nzmp.com/global/en/bar-ingredients/galacto-oligosaccharides.html",
  "status": 200,
  "from": "https://www.nzmp.com/global/en/ingredients/proteins/milk-protein-concentrates/nzmp-milk-protein-concentrate-485.html",
  "finalUrl": "https://www.nzmp.com/global/en/ingredients/specialty/prebiotics.html"
 },
 {
  "url": "https://www.nzmp.com/global/en/bar-ingredients/bifidob-hn019.html",
  "status": 200,
  "from": "https://www.nzmp.com/global/en/ingredients/proteins/milk-protein-concentrates/nzmp-milk-protein-concentrate-485.html",
  "finalUrl": "https://www.nzmp.com/global/en/ingredients/specialty/probiotics/nzmp-bifidob-hn019.html"
 },
 {
  "url": "https://www.nzmp.com/global/en/products/ingredients/types/proteins/whey-protein-concentrates.html.html",
  "status": 404,
  "from": "https://www.nzmp.com/global/en/ingredients/proteins/whey-protein-concentrates/nzmp-whey-protein-concentrate-392.html"
 },
 {
  "url": "https://www.nzmp.com/global/en/products/ingredients/types/proteins/whey-protein-concentrates/nzmp-whey-protein-concentrate-392.html.html",
  "status": 404,
  "from": "https://www.nzmp.com/global/en/ingredients/proteins/whey-protein-concentrates/nzmp-whey-protein-concentrate-392.html"
 },
 {
  "url": "https://www.nzmp.com/global/en/bar-ingredients/lactob-hn001.html",
  "status": 200,
  "from": "https://www.nzmp.com/global/en/ingredients/proteins/milk-protein-concentrates/nzmp-milk-protein-concentrate-485.html",
  "finalUrl": "https://www.nzmp.com/global/en/ingredients/specialty/probiotics/nzmp-lactob-hn001.html"
 },
 {
  "url": "https://www.nzmp.com/global/en/products/ingredients/applications/beverages.html",
  "status": 200,
  "from": "https://www.nzmp.com/global/en/ingredients/proteins/whey-protein-concentrates/nzmp-whey-protein-concentrate-352.html",
  "finalUrl": "https://www.nzmp.com/global/en/applications/beverages.html"
 },
 {
  "url": "https://www.nzmp.com/global/en/products/ingredients/applications/yoghurts-and-cultured-products.html",
  "status": 200,
  "from": "https://www.nzmp.com/global/en/ingredients/proteins/whey-protein-concentrates/nzmp-whey-protein-concentrate-352.html",
  "finalUrl": "https://www.nzmp.com/global/en/applications/yoghurts-and-cultured-products.html"
 },
 {
  "url": "https://www.nzmp.com/global/en/categories/active-lifestyle.html",
  "status": 200,
  "from": "https://www.nzmp.com/global/en/ingredients/proteins/whey-protein-concentrates/nzmp-whey-protein-concentrate-457-decolorized.html",
  "finalUrl": "https://www.nzmp.com/global/en/applications/active-lifestyle.html"
 },
 {
  "url": "https://www.nzmp.com/global/en/categories/medical-nutrition.html",
  "status": 200,
  "from": "https://www.nzmp.com/global/en/ingredients/proteins/whey-protein-concentrates/nzmp-whey-protein-concentrate-457-decolorized.html",
  "finalUrl": "https://www.nzmp.com/global/en/applications/medical-nutrition.html"
 },
 {
  "url": "https://www.nzmp.com/global/en/products/ingredients/types/proteins/whey-protein-isolates.html.html",
  "status": 404,
  "from": "https://www.nzmp.com/global/en/ingredients/proteins/whey-protein-isolates/nzmp-optibar.html"
 },
 {
  "url": "https://www.nzmp.com/global/en/categories/medical-nutrition/need-areas/malnutrition.html",
  "status": 200,
  "from": "https://www.nzmp.com/global/en/ingredients/proteins/whey-protein-concentrates/nzmp-flex-wpc-515.html",
  "finalUrl": "https://www.nzmp.com/global/en/applications/medical-nutrition.html"
 },
 {
  "url": "https://www.nzmp.com/global/en//ingredients/applications/sports-and-lifestyle-nutrition/bar-ingredients.html",
  "status": 200,
  "from": "https://www.nzmp.com/global/en/ingredients/proteins/whey-protein-isolates.html",
  "finalUrl": "https://www.nzmp.com/global/en/applications/active-lifestyle/applications.html"
 },
 {
  "url": "https://www.nzmp.com/global/en/products/ingredients/applications/medical-nutrition-and-healthy-ageing/need-areas/malnutrition.html",
  "status": 200,
  "from": "https://www.nzmp.com/global/en/ingredients/proteins/whey-protein-isolates/nzmp-wpi-895.html",
  "finalUrl": "https://www.nzmp.com/global/en/applications/active-lifestyle/applications.html"
 },
 {
  "url": "https://www.nzmp.com/content/dam/nzmp/pdfs/high-protein-low-sugar-crispy-dough-bar-one-pager-concept-card-june-2020.pdf",
  "status": 200,
  "from": "https://www.nzmp.com/global/en/ingredients/proteins/milk-protein-isolates/nzmp-softbar-1000.html"
 },
 {
  "url": "https://www.nzmp.com/global/en/products/ingredients/applications/medical-nutrition-and-healthy-ageing/concepts/high-protein-juice.html",
  "status": 200,
  "from": "https://www.nzmp.com/global/en/ingredients/proteins/whey-protein-isolates/nzmp-wpi-895.html",
  "finalUrl": "https://www.nzmp.com/global/en/applications/medical-nutrition/concepts.html"
 },
 {
  "url": "https://www.nzmp.com/global/en/products/ingredients/types/proteins/caseins-and-caseinates.html.html",
  "status": 404,
  "from": "https://www.nzmp.com/global/en/ingredients/proteins/caseins-and-caseinates/caseinates/nzmp-sodium-caseinate-180.html"
 },
 {
  "url": "https://www.nzmp.com/global/en/applications/medical-nutrition/concepts/high-protein-juice.html",
  "status": 200,
  "from": "https://www.nzmp.com/global/en/ingredients/proteins/whey-protein-isolates/nzmp-wpi-895.html",
  "finalUrl": "https://www.nzmp.com/global/en/applications/medical-nutrition/concepts.html"
 },
 {
  "url": "https://www.nzmp.com/global/en/ingredients/types/proteins/whey-protein-isolates/nzmp-sureprotein-optibar-892.html",
  "status": 200,
  "from": "https://www.nzmp.com/global/en/ingredients/proteins/milk-protein-isolates/nzmp-softbar-1000.html",
  "finalUrl": "https://www.nzmp.com/global/en/ingredients/proteins/whey-protein-isolates.html"
 },
 {
  "url": "https://www.nzmp.com/global/en/categories/medical-nutrition/concepts/healthy-ageing-all-in-one-beverage.html",
  "status": 200,
  "from": "https://www.nzmp.com/global/en/ingredients/proteins/milk-protein-isolates/nzmp-milk-protein-isolate-4900.html",
  "finalUrl": "https://www.nzmp.com/global/en/applications/medical-nutrition/concepts.html"
 },
 {
  "url": "https://www.nzmp.com/content/dam/nzmp/pdfs/stress-buster-dough-bar-one-pager-concept-card-nov2020.pdf",
  "status": 200,
  "from": "https://www.nzmp.com/global/en/ingredients/specialty/complex-lipids/milk-phospholipids.html"
 },
 {
  "url": "https://www.nzmp.com/global/en/ingredients/proteins/milk-protein-concentrates/nzmp-mpc-4862-yoghurt.html",
  "status": 200,
  "from": "https://www.nzmp.com/global/en/ingredients/proteins/functional-proteins.html",
  "finalUrl": "https://www.nzmp.com/global/en/ingredients/proteins/milk-protein-concentrates.html"
 },
 {
  "url": "https://www.nzmp.com/global/en/categories/active-lifestyle/applications/ready-to-drink.html",
  "status": 200,
  "from": "https://www.nzmp.com/global/en/ingredients/proteins/hydrolysates/nzmp-whey-protein-hydrolysate-917.html",
  "finalUrl": "https://www.nzmp.com/global/en/applications/active-lifestyle/applications/ready-to-drink.html"
 },
 {
  "url": "https://www.nzmp.com/global/en/categories/active-lifestyle/applications/ready-to-mix.html",
  "status": 200,
  "from": "https://www.nzmp.com/global/en/ingredients/proteins/hydrolysates/nzmp-whey-protein-hydrolysate-917.html",
  "finalUrl": "https://www.nzmp.com/global/en/applications/active-lifestyle/applications/ready-to-mix.html"
 },
 {
  "url": "https://www.nzmp.com/global/en/categories/beverages/beverages-ingredients-portfolio.html",
  "status": 200,
  "from": "https://www.nzmp.com/global/en/ingredients/proteins/caseins-and-caseinates/caseinates/calcium-caseinate-380.html",
  "finalUrl": "https://www.nzmp.com/global/en/applications/beverages/beverages-ingredients-portfolio.html"
 },
 {
  "url": "https://www.nzmp.com/content/dam/nzmp/pdfs/stress-buster-supplement-sachet-phospholipids-70-one-pager-concept-card-nov-2020.pdf",
  "status": 200,
  "from": "https://www.nzmp.com/global/en/ingredients/specialty/complex-lipids/milk-phospholipids.html"
 },
 {
  "url": "https://www.nzmp.com/content/dam/nzmp/pdfs/nzmp-high-protein-shake-concept-aug2021.pdf",
  "status": 200,
  "from": "https://www.nzmp.com/global/en/ingredients/specialty/complex-lipids/milk-phospholipids.html"
 },
 {
  "url": "https://www.nzmp.com/content/dam/nzmp/pdfs/nzmp-milk-phospholipids-70-100-product-summary-aug2021.pdf",
  "status": 200,
  "from": "https://www.nzmp.com/global/en/ingredients/specialty/complex-lipids/milk-phospholipids.html"
 },
 {
  "url": "https://www.nzmp.com/content/dam/nzmp/pdfs/nzmp-stress-buster-cold-brew-coffee-concept-US.pdf",
  "status": 200,
  "from": "https://www.nzmp.com/global/en/ingredients/specialty/complex-lipids/milk-phospholipids.html"
 },
 {
  "url": "https://www.nzmp.com/content/dam/nzmp/pdfs/stress-buster-granola-bar-one-pager-concept-card-nov-2020.pdf",
  "status": 200,
  "from": "https://www.nzmp.com/global/en/ingredients/specialty/complex-lipids/milk-phospholipids.html"
 },
 {
  "url": "https://www.nzmp.com/content/dam/nzmp/pdfs/body-and-brain-protein-powder-one-pager-concept-card-nov-2020.pdf",
  "status": 200,
  "from": "https://www.nzmp.com/global/en/ingredients/specialty/complex-lipids/milk-phospholipids.html"
 },
 {
  "url": "https://www.nzmp.com/global/en/resources/lactoferrin-overview-infographic.html",
  "status": 200,
  "from": "https://www.nzmp.com/global/en/ingredients/specialty/lactoferrin/nzmp-lactoferrin.html"
 },
 {
  "url": "https://www.nzmp.com/content/dam/nzmp/pdfs/whey-for-immunity-infographic.pdf",
  "status": 200,
  "from": "https://www.nzmp.com/global/en/ingredients/specialty/lactoferrin/nzmp-lactoferrin.html"
 },
 {
  "url": "https://www.nzmp.com/global/en/surestart.html",
  "status": 200,
  "from": "https://www.nzmp.com/global/en/ingredients/specialty/complex-lipids/surestart-mfgm-lipids.html",
  "finalUrl": "https://www.nzmp.com/global/en/surestart/our-focus-areas.html"
 },
 {
  "url": "https://www.nzmp.com/content/dam/nzmp/pdfs/surestart/NZMP-SureStart-Product-Summary-MFGM-Lipid-100.pdf",
  "status": 200,
  "from": "https://www.nzmp.com/global/en/ingredients/specialty/complex-lipids/surestart-mfgm-lipid-100.html"
 },
 {
  "url": "https://www.nzmp.com/content/dam/nzmp/pdfs/immunity-supporting-ingredients-nzmp.pdf",
  "status": 200,
  "from": "https://www.nzmp.com/global/en/ingredients/specialty/lactoferrin/nzmp-lactoferrin.html"
 },
 {
  "url": "https://www.nzmp.com/content/dam/nzmp/pdfs/nzmp-product-summary-lactoferrin.pdf",
  "status": 200,
  "from": "https://www.nzmp.com/global/en/ingredients/specialty/lactoferrin/nzmp-lactoferrin.html"
 },
 {
  "url": "https://www.nzmp.com/content/dam/nzmp/pdfs/surestart/NZMP-SureStart-Product-Summary-MFGM-Lipid-70.pdf",
  "status": 200,
  "from": "https://www.nzmp.com/global/en/ingredients/specialty/complex-lipids/surestart-mfgm-lipid-70.html"
 },
 {
  "url": "https://www.nzmp.com/content/dam/nzmp/pdfs/nzmp-concept-card-protein-fortified-apple-pie.pdf",
  "status": 200,
  "from": "https://www.nzmp.com/global/en/ingredients/specialty/prebiotics/galacto-oligosaccharide-gos-prebiotic-fibre.html"
 },
 {
  "url": "https://www.nzmp.com/content/dam/nzmp/pdfs/nzmp-concept-card-high-fibre-protein-ball.pdf",
  "status": 200,
  "from": "https://www.nzmp.com/global/en/ingredients/specialty/prebiotics/galacto-oligosaccharide-gos-prebiotic-fibre.html"
 },
 {
  "url": "https://www.nzmp.com/global/en/products/ingredients/applications/sports-and-lifestyle-nutrition/ready-to-mix.html",
  "status": 200,
  "from": "https://www.nzmp.com/global/en/ingredients/specialty/prebiotics/galacto-oligosaccharide-gos-prebiotic-fibre.html",
  "finalUrl": "https://www.nzmp.com/global/en/applications/active-lifestyle/applications/ready-to-mix.html"
 },
 {
  "url": "https://www.nzmp.com/global/en/ingredients/specialty/prebiotics/surestart-galacto-oligosaccharide-gos.html",
  "status": 200,
  "from": "https://www.nzmp.com/global/en/ingredients/specialty/prebiotics.html",
  "finalUrl": "https://www.nzmp.com/global/en/ingredients/specialty/prebiotics.html"
 },
 {
  "url": "https://www.nzmp.com/content/dam/nzmp/pdfs/nzmp-concept-card-high-fibre-cookie.pdf",
  "status": 200,
  "from": "https://www.nzmp.com/global/en/ingredients/specialty/prebiotics/galacto-oligosaccharide-gos-prebiotic-fibre.html"
 },
 {
  "url": "https://www.nzmp.com/content/dam/nzmp/pdfs/nzmp-concept-card-high-fibre-bar.pdf",
  "status": 200,
  "from": "https://www.nzmp.com/global/en/ingredients/specialty/prebiotics/galacto-oligosaccharide-gos-prebiotic-fibre.html"
 },
 {
  "url": "https://www.nzmp.com/content/dam/nzmp/pdfs/paediatric-nutrition/white-paper-one-nzmp-surestart-the-probiotic-effect.pdf",
  "status": 200,
  "from": "https://www.nzmp.com/global/en/ingredients/specialty/probiotics.html"
 },
 {
  "url": "https://www.nzmp.com/content/dam/nzmp/pdfs/nzmp-product-summary-lactob-hn001.pdf",
  "status": 200,
  "from": "https://www.nzmp.com/global/en/ingredients/specialty/probiotics/nzmp-lactob-hn001.html"
 },
 {
  "url": "https://www.nzmp.com/content/dam/nzmp/pdfs/paediatric-nutrition/white-paper-two-nzmp-surestart-stimulating-the-bodys-defences.pdf",
  "status": 200,
  "from": "https://www.nzmp.com/global/en/ingredients/specialty/probiotics.html"
 },
 {
  "url": "https://www.nzmp.com/content/dam/nzmp/pdfs/nzmp-probiotic-orange-juice-concept-card.pdf",
  "status": 200,
  "from": "https://www.nzmp.com/global/en/ingredients/specialty/probiotics/nzmp-lactob-hn001.html"
 },
 {
  "url": "https://www.nzmp.com/content/dam/nzmp/pdfs/nzmp-probiotic-protein-powder-concept-card.pdf",
  "status": 200,
  "from": "https://www.nzmp.com/global/en/ingredients/specialty/probiotics/nzmp-lactob-hn001.html"
 },
 {
  "url": "https://www.nzmp.com/content/dam/nzmp/pdfs/nzmp-probiotic-chocolate-whey-bar-concept-card.pdf",
  "status": 200,
  "from": "https://www.nzmp.com/global/en/ingredients/specialty/probiotics/nzmp-lactob-hn001.html"
 },
 {
  "url": "https://www.nzmp.com/content/dam/nzmp/pdfs/NZMP_Probiotic_Manufacture_Infographic_V4.pdf",
  "status": 200,
  "from": "https://www.nzmp.com/global/en/ingredients/specialty/probiotics/nzmp-bifidob-hn019.html"
 },
 {
  "url": "https://www.nzmp.com/content/dam/nzmp/pdfs/bifidob-hn019-probiotic-product-summary-140520.pdf",
  "status": 200,
  "from": "https://www.nzmp.com/global/en/ingredients/specialty/probiotics/nzmp-bifidob-hn019.html"
 },
 {
  "url": "https://www.nzmp.com/content/dam/nzmp/global/images/category-images/consumer-powders/04636_NZMP_ConceptCards_Cogni-milk.pdf",
  "status": 200,
  "from": "https://www.nzmp.com/global/en/applications/consumer-milk-powders.html"
 },
 {
  "url": "https://www.nzmp.com/content/dam/nzmp/global/images/category-images/consumer-powders/04636_NZMP_ConceptCards_FamilyBoost.pdf",
  "status": 200,
  "from": "https://www.nzmp.com/global/en/applications/consumer-milk-powders.html"
 },
 {
  "url": "https://www.nzmp.com/content/dam/nzmp/global/images/category-images/consumer-powders/04636_NZMP_ConceptCards_BrightLights.pdf",
  "status": 200,
  "from": "https://www.nzmp.com/global/en/applications/consumer-milk-powders.html"
 },
 {
  "url": "https://www.nzmp.com/content/dam/nzmp/global/images/category-images/consumer-powders/04636_NZMP_ConceptCards_LifeVitality.pdf",
  "status": 200,
  "from": "https://www.nzmp.com/global/en/applications/consumer-milk-powders.html"
 },
 {
  "url": "https://www.nzmp.com/content/dam/nzmp/pdfs/Medical-Nutrition-Brochure-ENGLISH_updated07.08.19.pdf",
  "status": 200,
  "from": "https://www.nzmp.com/global/en/applications/medical-nutrition.html"
 },
 {
  "url": "https://www.nzmp.com/content/dam/nzmp/pdfs/NZMP-low-lactose-trends-infographic.pdf",
  "status": 200,
  "from": "https://www.nzmp.com/global/en/applications/medical-nutrition.html"
 },
 {
  "url": "https://www.nzmp.com/content/dam/nzmp/pdfs/nzmp-malnutrition-infographic.pdf",
  "status": 200,
  "from": "https://www.nzmp.com/global/en/applications/medical-nutrition.html"
 },
 {
  "url": "https://www.nzmp.com/content/nzmp/global/en/applications/medical-nutrition/medical-research-and-development-team",
  "status": 200,
  "from": "https://www.nzmp.com/global/en/applications/medical-nutrition.html",
  "finalUrl": "https://www.nzmp.com/global/en/applications/medical-nutrition.html"
 },
 {
  "url": "https://www.nzmp.com/global/en/news/five-key-trends-driving-demand-for-low-lactose-dairy.html",
  "status": 200,
  "from": "https://www.nzmp.com/global/en/applications/medical-nutrition.html",
  "finalUrl": "https://www.nzmp.com/global/en/news/low-lactose-dairy-trends.html"
 },
 {
  "url": "https://www.nzmp.com/global/en/news/sustainable-nutrition-for-critically-ill.html",
  "status": 200,
  "from": "https://www.nzmp.com/global/en/applications/medical-nutrition.html",
  "finalUrl": "https://www.nzmp.com/global/en/news.html"
 },
 {
  "url": "https://www.nzmp.com/content/dam/nzmp/pdfs/White_paper_9_amino_acids_your_body_cant_do_without_FINAL.pdf",
  "status": 200,
  "from": "https://www.nzmp.com/global/en/applications/active-lifestyle/benefit-platforms/immunity.html"
 },
 {
  "url": "https://www.nzmp.com/content/dam/nzmp/pdfs/Medical-Nutrition-Brochure-CHINESE.pdf",
  "status": 200,
  "from": "https://www.nzmp.com/global/en/applications/medical-nutrition.html"
 },
 {
  "url": "https://www.nzmp.com/content/dam/nzmp/pdfs/Medical-Nutrition-Brochure-JAPANESE.pdf",
  "status": 200,
  "from": "https://www.nzmp.com/global/en/applications/medical-nutrition.html"
 },
 {
  "url": "https://www.nzmp.com/content/dam/nzmp/pdfs/nzmp-low-lactose-infographic.pdf",
  "status": 200,
  "from": "https://www.nzmp.com/global/en/applications/medical-nutrition/low-lactose-dairy-nutrition-with-nzmp.html"
 },
 {
  "url": "https://www.nzmp.com/global/en/products/ingredients/types/specialty/probiotics/lifestyle-probiotics-to-support-immunity.html",
  "status": 200,
  "from": "https://www.nzmp.com/global/en/applications/active-lifestyle/benefit-platforms/immunity.html",
  "finalUrl": "https://www.nzmp.com/global/en/resources.html"
 },
 {
  "url": "https://www.nzmp.com/content/dam/nzmp/pdfs/NZMP-SureProtein-Infographic-Protein-For-Muscles-010321.pdf",
  "status": 200,
  "from": "https://www.nzmp.com/global/en/applications/active-lifestyle/benefit-platforms/muscle-health.html"
 },
 {
  "url": "https://www.nzmp.com/global/en/news/covid-19-redefined-sustainability-for-consumers.html",
  "status": 200,
  "from": "https://www.nzmp.com/global/en/applications/active-lifestyle/benefit-platforms/immunity.html",
  "finalUrl": "https://www.nzmp.com/global/en/news.html"
 },
 {
  "url": "https://www.nzmp.com/content/dam/nzmp/pdfs/probiotic-chocolate-bifidob-hn019-concept-card-170620.pdf",
  "status": 200,
  "from": "https://www.nzmp.com/global/en/applications/active-lifestyle/applications/supplements.html"
 },
 {
  "url": "https://www.nzmp.com/global/en/products/ingredients/types/specialty/probiotics/lifestyle-probiotics-for-digestive-health-and-wellness.html",
  "status": 200,
  "from": "https://www.nzmp.com/global/en/applications/active-lifestyle/benefit-platforms/immunity.html",
  "finalUrl": "https://www.nzmp.com/global/en/resources.html"
 },
 {
  "url": "https://www.nzmp.com/content/dam/nzmp/pdfs/Medical-Nutrition-Brochure-KOREAN.pdf",
  "status": 200,
  "from": "https://www.nzmp.com/global/en/applications/medical-nutrition.html"
 },
 {
  "url": "https://www.nzmp.com/global/en/ingredients/types/proteins/whey-protein-isolates/nzmp-sureprotein-wpi-895.html",
  "status": 200,
  "from": "https://www.nzmp.com/global/en/applications/active-lifestyle/applications/nutrition-bars.html",
  "finalUrl": "https://www.nzmp.com/global/en/ingredients/proteins/whey-protein-isolates.html"
 },
 {
  "url": "https://www.nzmp.com/content/dam/nzmp/pdfs/high-performing-bars-brochure-mar21.pdf",
  "status": 200,
  "from": "https://www.nzmp.com/global/en/applications/active-lifestyle/applications/nutrition-bars.html"
 },
 {
  "url": "https://www.nzmp.com/global/en/ingredients/types/proteins/hydrolysates.html",
  "status": 200,
  "from": "https://www.nzmp.com/global/en/applications/active-lifestyle/applications/nutrition-bars.html",
  "finalUrl": "https://www.nzmp.com/global/en/ingredients/proteins/hydrolysates.html"
 },
 {
  "url": "https://www.nzmp.com/global/en/ingredients/proteins/whey-protein-isolates/nzmp-shortbar-825.html",
  "status": 200,
  "from": "https://www.nzmp.com/global/en/applications/active-lifestyle/applications/nutrition-bars.html",
  "finalUrl": "https://www.nzmp.com/global/en/ingredients/proteins/whey-protein-isolates.html"
 },
 {
  "url": "https://www.nzmp.com/global/en/resources/nzmpprotein-brochure.html",
  "status": 200,
  "from": "https://www.nzmp.com/global/en/applications/active-lifestyle/applications/nutrition-bars.html",
  "finalUrl": "https://www.nzmp.com/global/en/resources.html"
 },
 {
  "url": "https://www.nzmp.com/global/en/news/eating-well-for-mood-and-cognition.html",
  "status": 200,
  "from": "https://www.nzmp.com/global/en/applications/active-lifestyle/benefit-platforms/stress-mood-enhancement.html",
  "finalUrl": "https://www.nzmp.com/global/en/news.html"
 },
 {
  "url": "https://www.nzmp.com/content/dam/nzmp/pdfs/nzmp-stress-buster-cold-brew-coffee-concept-US-1-pager.pdf",
  "status": 200,
  "from": "https://www.nzmp.com/global/en/applications/active-lifestyle/benefit-platforms/stress-mood-enhancement.html"
 },
 {
  "url": "https://www.nzmp.com/content/dam/nzmp/pdfs/nzmp-high-protein-shake-concept-1-pager.pdf",
  "status": 200,
  "from": "https://www.nzmp.com/global/en/applications/active-lifestyle/benefit-platforms/stress-mood-enhancement.html"
 },
 {
  "url": "https://www.nzmp.com/content/nzmp/global/en/webcast/better-your-bar-europe",
  "status": 200,
  "from": "https://www.nzmp.com/global/en/applications/active-lifestyle/applications/nutrition-bars.html",
  "finalUrl": "https://www.nzmp.com/global/en/webcast/better-your-bar-europe.html"
 },
 {
  "url": "https://www.nzmp.com/content/dam/nzmp/pdfs/granola-protein-bar-one-pager-concept-card-june-2020.pdf",
  "status": 200,
  "from": "https://www.nzmp.com/global/en/applications/active-lifestyle/applications/nutrition-bars/granola-protein-bar.html"
 },
 {
  "url": "https://www.nzmp.com/content/dam/nzmp/pdfs/NZMP-SureProtein-Infographic-Weight-Management-010321.pdf",
  "status": 200,
  "from": "https://www.nzmp.com/global/en/applications/active-lifestyle/benefit-platforms/weight-management.html"
 },
 {
  "url": "https://www.nzmp.com/global/en/ingredients/types/proteins/total-milk-proteins.html",
  "status": 200,
  "from": "https://www.nzmp.com/global/en/applications/active-lifestyle/applications/nutrition-bars/low-sugar-high-protein-dough-bar.html",
  "finalUrl": "https://www.nzmp.com/global/en/ingredients/proteins/total-milk-proteins.html"
 },
 {
  "url": "https://www.nzmp.com/content/dam/nzmp/pdfs/all-the-whey-dough-bar-one-pager-concept-card-june-2020.pdf",
  "status": 200,
  "from": "https://www.nzmp.com/global/en/applications/active-lifestyle/applications/nutrition-bars/all-the-whey-dough-bar.html"
 },
 {
  "url": "https://www.nzmp.com/content/dam/nzmp/pdfs/rtm-muffins-concept-card-one-pager-june-2020.pdf",
  "status": 200,
  "from": "https://www.nzmp.com/global/en/applications/active-lifestyle/applications/food-and-snacks/high-protein-muffin-mix.html"
 },
 {
  "url": "https://www.nzmp.com/content/dam/nzmp/pdfs/oatmeal-cookie-dough-bar-one-pager-concept-card-june-2020.pdf",
  "status": 200,
  "from": "https://www.nzmp.com/global/en/applications/active-lifestyle/applications/nutrition-bars/oatmeal-cookie-dough-bar.html"
 },
 {
  "url": "https://www.nzmp.com/content/dam/nzmp/pdfs/rtm-pancakes-concept-card-one-pager-june-2020.pdf",
  "status": 200,
  "from": "https://www.nzmp.com/global/en/applications/active-lifestyle/applications/food-and-snacks/high-protein-pancake-mix.html"
 },
 {
  "url": "https://www.nzmp.com/content/nzmp/global/en/webcast/raising-the-bar",
  "status": 200,
  "from": "https://www.nzmp.com/global/en/applications/active-lifestyle/applications/nutrition-bars.html",
  "finalUrl": "https://www.nzmp.com/global/en/webcast/raising-the-bar.html"
 },
 {
  "url": "https://www.nzmp.com/content/dam/nzmp/pdfs/all-the-whey-crunch-bar-one-pager-concept-card-june-2020.pdf",
  "status": 200,
  "from": "https://www.nzmp.com/global/en/applications/active-lifestyle/applications/nutrition-bars/all-the-whey-crunch-bar.html"
 },
 {
  "url": "https://www.nzmp.com/content/dam/nzmp/pdfs/nougat-bar-one-pager-concept-card-june-2020.pdf",
  "status": 200,
  "from": "https://www.nzmp.com/global/en/applications/active-lifestyle/applications/nutrition-bars/nougat-protein-bar.html"
 },
 {
  "url": "https://www.nzmp.com/content/dam/nzmp/pdfs/high-protein-energy-ball-concept-card-feb-2020.pdf",
  "status": 200,
  "from": "https://www.nzmp.com/global/en/applications/active-lifestyle/applications/food-and-snacks/high-protein-energy-balls.html"
 },
 {
  "url": "https://www.nzmp.com/content/dam/nzmp/pdfs/stress-buster-dough-bar-concept-card-EU-mar-2021.pdf",
  "status": 200,
  "from": "https://www.nzmp.com/global/en/applications/active-lifestyle/applications/nutrition-bars/stress-buster-nutritional-bars.html"
 },
 {
  "url": "https://www.nzmp.com/content/dam/nzmp/pdfs/rtm-brownie-concept-card-one-pager-june-2020.pdf",
  "status": 200,
  "from": "https://www.nzmp.com/global/en/applications/active-lifestyle/applications/food-and-snacks/high-protein-brownie-mix.html"
 },
 {
  "url": "https://www.nzmp.com/global/en/news/carbonzero-butter-finalist-2021-world-dairy-innovation-awards.html",
  "status": 200,
  "from": "https://www.nzmp.com/global/en/applications/food-manufacture.html",
  "finalUrl": "https://www.nzmp.com/global/en/news.html"
 },
 {
  "url": "https://www.nzmp.com/content/dam/nzmp/pdfs/rte-cookies-concept-card-one-pager-june-2020.pdf",
  "status": 200,
  "from": "https://www.nzmp.com/global/en/applications/active-lifestyle/applications/food-and-snacks/high-protein-cookies.html"
 },
 {
  "url": "https://www.nzmp.com/global/en/ingredients/cheese/cheese-powder/plain-cheese-powder.html",
  "status": 200,
  "from": "https://www.nzmp.com/global/en/applications/food-manufacture.html",
  "finalUrl": "https://www.nzmp.com/global/en/ingredients/cheese.html"
 },
 {
  "url": "https://www.nzmp.com/global/en-draft-0919/products/ingredients/types/cheese/mozzarella-options/premium-chilled-mozzarella.html",
  "status": 200,
  "from": "https://www.nzmp.com/global/en/applications/food-manufacture/applications/pizza-and-baking.html",
  "finalUrl": "https://www.nzmp.com/global/en/404.html"
 },
 {
  "url": "https://www.nzmp.com/global/en-draft-0919/products/ingredients/sports-and-lifestyle-nutrition/physical-performance.html",
  "status": 200,
  "from": "https://www.nzmp.com/global/en/applications/active-lifestyle/applications/food-and-snacks/high-protein-energy-balls.html",
  "finalUrl": "https://www.nzmp.com/global/en/404.html"
 },
 {
  "url": "https://www.nzmp.com/global/en-draft-0919/products/ingredients/types/cheese/mozzarella-options/mozzarella-frozen-nz.html",
  "status": 200,
  "from": "https://www.nzmp.com/global/en/applications/food-manufacture/applications/pizza-and-baking.html",
  "finalUrl": "https://www.nzmp.com/global/en/404.html"
 },
 {
  "url": "https://www.nzmp.com/global/en/applications/food-manufacture/pizza-and-baking.html",
  "status": 200,
  "from": "https://www.nzmp.com/global/en/applications/food-manufacture/applications/pizza-and-baking/better-ingredients-better-cheese.html",
  "finalUrl": "https://www.nzmp.com/global/en/applications/food-manufacture/applications/pizza-and-baking.html"
 },
 {
  "url": "https://www.nzmp.com/global/en/applications/active-lifestyle/applications/food-and-snacks/probiotic-chocolate-chips.html",
  "status": 200,
  "from": "https://www.nzmp.com/global/en/applications/food-manufacture/applications/bakery.html",
  "finalUrl": "https://www.nzmp.com/global/en/applications/active-lifestyle/applications/food-and-snacks.html"
 },
 {
  "url": "https://www.nzmp.com/global/en/applications/active-lifestyle/applications/food-and-snacks/high-protein-pudding-mix.html",
  "status": 200,
  "from": "https://www.nzmp.com/global/en/applications/food-manufacture/applications/bakery.html",
  "finalUrl": "https://www.nzmp.com/global/en/applications/active-lifestyle/applications/food-and-snacks.html"
 },
 {
  "url": "https://www.nzmp.com/global/en/news/news-item/what-makes-nz-milk-so-good-.html",
  "status": 200,
  "from": "https://www.nzmp.com/global/en/applications/food-manufacture/applications/meals-and-snacks.html",
  "finalUrl": "https://www.nzmp.com/global/en/news.html"
 },
 {
  "url": "https://www.nzmp.com/content/dam/nzmp/pdfs/nzmp-processed-cream-cheese-block-application-summary-oct-2018.pdf",
  "status": 200,
  "from": "https://www.nzmp.com/global/en/applications/food-manufacture/applications/processed-cream-cheese.html"
 },
 {
  "url": "https://www.nzmp.com/content/dam/nzmp/pdfs/nzmp-processed-cream-cheese-jar-application-summary-oct-2018.pdf",
  "status": 200,
  "from": "https://www.nzmp.com/global/en/applications/food-manufacture/applications/processed-cream-cheese.html"
 },
 {
  "url": "https://www.nzmp.com/content/dam/nzmp/pdfs/nzmp-processed-cream-cheese-portions-application-summary-oct-2018.pdf",
  "status": 200,
  "from": "https://www.nzmp.com/global/en/applications/food-manufacture/applications/processed-cream-cheese.html"
 },
 {
  "url": "https://www.nzmp.com/global/en/applications/food-manufacture/applications/processed-cheese/cheese-portions.html",
  "status": 200,
  "from": "https://www.nzmp.com/global/en/applications/food-manufacture/applications/processed-cheese.html"
 },
 {
  "url": "https://www.nzmp.com/content/dam/nzmp/pdfs/nzmp-processed-cream-cheese-spreadable-application-summary-oct-2018.pdf",
  "status": 200,
  "from": "https://www.nzmp.com/global/en/applications/food-manufacture/applications/processed-cream-cheese.html"
 },
 {
  "url": "https://www.nzmp.com/global/en/cheese-selector-results/new-cheese-products/cheddar-40--fdm.html",
  "status": 200,
  "from": "https://www.nzmp.com/global/en/applications/food-manufacture/applications/processed-cheese.html",
  "finalUrl": "https://www.nzmp.com/global/en/ingredients/cheese.html"
 },
 {
  "url": "https://www.nzmp.com/global/en/cheese-selector-results/new-cheese-products/cheddar-low-salt.html",
  "status": 200,
  "from": "https://www.nzmp.com/global/en/applications/food-manufacture/applications/processed-cheese.html",
  "finalUrl": "https://www.nzmp.com/global/en/ingredients/cheese.html"
 },
 {
  "url": "https://www.nzmp.com/global/en/cheese-selector-results/new-cheese-products/cheddar-600.html",
  "status": 200,
  "from": "https://www.nzmp.com/global/en/applications/food-manufacture/applications/processed-cheese.html",
  "finalUrl": "https://www.nzmp.com/global/en/ingredients/cheese.html"
 },
 {
  "url": "https://www.nzmp.com/global/en/cheese-selector-results/new-cheese-products/cheddar-900.html",
  "status": 200,
  "from": "https://www.nzmp.com/global/en/applications/food-manufacture/applications/processed-cheese.html",
  "finalUrl": "https://www.nzmp.com/global/en/ingredients/cheese.html"
 },
 {
  "url": "https://www.nzmp.com/global/en/cheese-selector-results/new-cheese-products/cheddar-noble.html",
  "status": 200,
  "from": "https://www.nzmp.com/global/en/applications/food-manufacture/applications/processed-cheese.html",
  "finalUrl": "https://www.nzmp.com/global/en/ingredients/cheese.html"
 },
 {
  "url": "https://www.nzmp.com/global/en/cheese-selector-results/new-cheese-products/cheese-powder.html",
  "status": 200,
  "from": "https://www.nzmp.com/global/en/applications/food-manufacture/applications/processed-cheese.html",
  "finalUrl": "https://www.nzmp.com/global/en/ingredients/cheese.html"
 },
 {
  "url": "https://www.nzmp.com/global/en/cheese-selector-results/new-cheese-products/colby.html",
  "status": 200,
  "from": "https://www.nzmp.com/global/en/applications/food-manufacture/applications/processed-cheese.html",
  "finalUrl": "https://www.nzmp.com/global/en/ingredients/cheese.html"
 },
 {
  "url": "https://www.nzmp.com/global/en/cheese-selector-results/new-cheese-products/dry-salt-edam.html",
  "status": 200,
  "from": "https://www.nzmp.com/global/en/applications/food-manufacture/applications/processed-cheese.html",
  "finalUrl": "https://www.nzmp.com/global/en/ingredients/cheese.html"
 },
 {
  "url": "https://www.nzmp.com/global/en/cheese-selector-results/new-cheese-products/frozen-cheddar.html",
  "status": 200,
  "from": "https://www.nzmp.com/global/en/applications/food-manufacture/applications/processed-cheese.html",
  "finalUrl": "https://www.nzmp.com/global/en/ingredients/cheese.html"
 },
 {
  "url": "https://www.nzmp.com/global/en/cheese-selector-results/new-cheese-products/granular-k.html",
  "status": 200,
  "from": "https://www.nzmp.com/global/en/applications/food-manufacture/applications/processed-cheese.html",
  "finalUrl": "https://www.nzmp.com/global/en/ingredients/cheese.html"
 },
 {
  "url": "https://www.nzmp.com/global/en/cheese-selector-results/new-cheese-products/high-solids-mozzarella.html",
  "status": 200,
  "from": "https://www.nzmp.com/global/en/applications/food-manufacture/applications/processed-cheese.html",
  "finalUrl": "https://www.nzmp.com/global/en/ingredients/cheese.html"
 },
 {
  "url": "https://www.nzmp.com/global/en/cheese-selector-results/new-cheese-products/cream-cheese.html",
  "status": 200,
  "from": "https://www.nzmp.com/global/en/applications/food-manufacture/applications/processed-cheese.html",
  "finalUrl": "https://www.nzmp.com/global/en/ingredients/dairy-fats-cream/cream-cheese.html"
 },
 {
  "url": "https://www.nzmp.com/global/en/cheese-selector-results/new-cheese-products/mature-cheddar.html",
  "status": 200,
  "from": "https://www.nzmp.com/global/en/applications/food-manufacture/applications/processed-cheese.html",
  "finalUrl": "https://www.nzmp.com/global/en/ingredients/cheese.html"
 },
 {
  "url": "https://www.nzmp.com/global/en/cheese-selector-results/new-cheese-products/medium-cheddar.html",
  "status": 200,
  "from": "https://www.nzmp.com/global/en/applications/food-manufacture/applications/processed-cheese.html",
  "finalUrl": "https://www.nzmp.com/global/en/ingredients/cheese.html"
 },
 {
  "url": "https://www.nzmp.com/global/en/cheese-selector-results/new-cheese-products/mozzarella-curd.html",
  "status": 200,
  "from": "https://www.nzmp.com/global/en/applications/food-manufacture/applications/processed-cheese.html",
  "finalUrl": "https://www.nzmp.com/global/en/ingredients/cheese/mozzarella-options/mozzarella-curd.html"
 },
 {
  "url": "https://www.nzmp.com/global/en/cheese-selector-results/new-cheese-products/parmesan.html",
  "status": 200,
  "from": "https://www.nzmp.com/global/en/applications/food-manufacture/applications/processed-cheese.html",
  "finalUrl": "https://www.nzmp.com/global/en/ingredients/cheese.html"
 },
 {
  "url": "https://www.nzmp.com/global/en/cheese-selector-results/new-cheese-products/strong-cheddar.html",
  "status": 200,
  "from": "https://www.nzmp.com/global/en/applications/food-manufacture/applications/processed-cheese.html",
  "finalUrl": "https://www.nzmp.com/global/en/ingredients/cheese.html"
 },
 {
  "url": "https://www.nzmp.com/global/en/cheese-selector-results/new-protein-products/acid-casein.html",
  "status": 200,
  "from": "https://www.nzmp.com/global/en/applications/food-manufacture/applications/processed-cheese.html",
  "finalUrl": "https://www.nzmp.com/global/en/ingredients/proteins/caseins-and-caseinates/acid-casein.html"
 },
 {
  "url": "https://www.nzmp.com/global/en/cheese-selector-results/new-cheese-products/super-functional-cheddar-900.html",
  "status": 200,
  "from": "https://www.nzmp.com/global/en/applications/food-manufacture/applications/processed-cheese.html",
  "finalUrl": "https://www.nzmp.com/global/en/ingredients/cheese.html"
 },
 {
  "url": "https://www.nzmp.com/global/en/cheese-selector-results/new-cheese-products/swiss.html",
  "status": 200,
  "from": "https://www.nzmp.com/global/en/applications/food-manufacture/applications/processed-cheese.html",
  "finalUrl": "https://www.nzmp.com/global/en/ingredients/cheese.html"
 },
 {
  "url": "https://www.nzmp.com/global/en/cheese-selector-results/new-protein-products/calcium-caseinate.html",
  "status": 200,
  "from": "https://www.nzmp.com/global/en/applications/food-manufacture/applications/processed-cheese.html",
  "finalUrl": "https://www.nzmp.com/global/en/ingredients/proteins/milk-protein-concentrates.html"
 },
 {
  "url": "https://www.nzmp.com/global/en/cheese-selector-results/new-protein-products/mpc4424.html",
  "status": 200,
  "from": "https://www.nzmp.com/global/en/applications/food-manufacture/applications/processed-cheese.html",
  "finalUrl": "https://www.nzmp.com/global/en/ingredients/proteins/milk-protein-concentrates.html"
 },
 {
  "url": "https://www.nzmp.com/global/en/cheese-selector-results/new-protein-products/lactic-casein.html",
  "status": 200,
  "from": "https://www.nzmp.com/global/en/applications/food-manufacture/applications/processed-cheese.html",
  "finalUrl": "https://www.nzmp.com/global/en/ingredients/proteins/milk-protein-concentrates.html"
 },
 {
  "url": "https://www.nzmp.com/global/en/cheese-selector-results/new-protein-products/mpc4862.html",
  "status": 200,
  "from": "https://www.nzmp.com/global/en/applications/food-manufacture/applications/processed-cheese.html",
  "finalUrl": "https://www.nzmp.com/global/en/ingredients/proteins/milk-protein-concentrates.html"
 },
 {
  "url": "https://www.nzmp.com/global/en/cheese-selector-results/new-protein-products/mpc4857.html",
  "status": 200,
  "from": "https://www.nzmp.com/global/en/applications/food-manufacture/applications/processed-cheese.html",
  "finalUrl": "https://www.nzmp.com/global/en/ingredients/proteins/milk-protein-concentrates.html"
 },
 {
  "url": "https://www.nzmp.com/global/en/cheese-selector-results/new-protein-products/mpc56.html",
  "status": 200,
  "from": "https://www.nzmp.com/global/en/applications/food-manufacture/applications/processed-cheese.html",
  "finalUrl": "https://www.nzmp.com/global/en/ingredients/proteins/milk-protein-concentrates.html"
 },
 {
  "url": "https://www.nzmp.com/global/en/cheese-selector-results/new-protein-products/mpc70.html",
  "status": 200,
  "from": "https://www.nzmp.com/global/en/applications/food-manufacture/applications/processed-cheese.html",
  "finalUrl": "https://www.nzmp.com/global/en/ingredients/proteins/milk-protein-concentrates.html"
 },
 {
  "url": "https://www.nzmp.com/global/en/cheese-selector-results/new-protein-products/rennet-casein-gold.html",
  "status": 200,
  "from": "https://www.nzmp.com/global/en/applications/food-manufacture/applications/processed-cheese.html",
  "finalUrl": "https://www.nzmp.com/global/en/ingredients/proteins/caseins-and-caseinates/rennet-casein.html"
 },
 {
  "url": "https://www.nzmp.com/global/en/cheese-selector-results/new-protein-products/mpc85.html",
  "status": 200,
  "from": "https://www.nzmp.com/global/en/applications/food-manufacture/applications/processed-cheese.html",
  "finalUrl": "https://www.nzmp.com/global/en/ingredients/proteins/milk-protein-concentrates.html"
 },
 {
  "url": "https://www.nzmp.com/global/en/cheese-selector-results/new-fat-products/dairy-flavour-concentrate.html",
  "status": 200,
  "from": "https://www.nzmp.com/global/en/applications/food-manufacture/applications/processed-cheese.html",
  "finalUrl": "https://www.nzmp.com/global/en/ingredients/dairy-fats-cream.html"
 },
 {
  "url": "https://www.nzmp.com/global/en/cheese-selector-results/new-protein-products/sodium-caseinate.html",
  "status": 200,
  "from": "https://www.nzmp.com/global/en/applications/food-manufacture/applications/processed-cheese.html",
  "finalUrl": "https://www.nzmp.com/global/en/ingredients/proteins/milk-protein-concentrates.html"
 },
 {
  "url": "https://www.nzmp.com/global/en/cheese-selector-results/new-fat-products/creamery-salted-butter.html",
  "status": 200,
  "from": "https://www.nzmp.com/global/en/applications/food-manufacture/applications/processed-cheese.html",
  "finalUrl": "https://www.nzmp.com/global/en/ingredients/dairy-fats-cream/butter.html"
 },
 {
  "url": "https://www.nzmp.com/global/en/cheese-selector-results/new-fat-products/lactic-butter.html",
  "status": 200,
  "from": "https://www.nzmp.com/global/en/applications/food-manufacture/applications/processed-cheese.html",
  "finalUrl": "https://www.nzmp.com/global/en/ingredients/dairy-fats-cream/butter/lactic-butter.html"
 },
 {
  "url": "https://www.nzmp.com/global/en/cheese-selector-results/new-fat-products/creamery-unsalted-butter.html",
  "status": 200,
  "from": "https://www.nzmp.com/global/en/applications/food-manufacture/applications/processed-cheese.html",
  "finalUrl": "https://www.nzmp.com/global/en/ingredients/dairy-fats-cream/butter.html"
 },
 {
  "url": "https://www.nzmp.com/global/en/cheese-selector-results/new-fat-products/fat-blends.html",
  "status": 200,
  "from": "https://www.nzmp.com/global/en/applications/food-manufacture/applications/processed-cheese.html",
  "finalUrl": "https://www.nzmp.com/global/en/ingredients/dairy-fats-cream/blends.html"
 },
 {
  "url": "https://www.nzmp.com/global/en/ingredients/specialty/nzmp-frozen-wholemilk-concentrate.html",
  "status": 200,
  "from": "https://www.nzmp.com/global/en/applications/beverages.html",
  "finalUrl": "https://www.nzmp.com/global/en/ingredients/powders-concentrates/nzmp-frozen-wholemilk-concentrate.html"
 },
 {
  "url": "https://www.nzmp.com/content/dam/nzmp/pdfs/NZMP-concept-card-cereal-milk.pdf",
  "status": 200,
  "from": "https://www.nzmp.com/global/en/applications/beverages.html"
 },
 {
  "url": "https://www.nzmp.com/global/en/cheese-selector-results/new-fat-products/premium-amf---bulk.html",
  "status": 200,
  "from": "https://www.nzmp.com/global/en/applications/food-manufacture/applications/processed-cheese.html",
  "finalUrl": "https://www.nzmp.com/global/en/ingredients/dairy-fats-cream/anhydrous-milk-fat.html"
 },
 {
  "url": "https://www.nzmp.com/global/en/cheese-selector-results/new-fat-products/premium-amf-drum.html",
  "status": 200,
  "from": "https://www.nzmp.com/global/en/applications/food-manufacture/applications/processed-cheese.html",
  "finalUrl": "https://www.nzmp.com/global/en/ingredients/dairy-fats-cream/anhydrous-milk-fat.html"
 },
 {
  "url": "https://www.nzmp.com/content/dam/nzmp/pdfs/NZMP-concept-card-enriched-protein-coffee-milk.pdf",
  "status": 200,
  "from": "https://www.nzmp.com/global/en/applications/beverages.html"
 },
 {
  "url": "https://www.nzmp.com/content/dam/nzmp/pdfs/nzmp-nutripro-concept-card.pdf",
  "status": 200,
  "from": "https://www.nzmp.com/global/en/applications/beverages.html"
 },
 {
  "url": "https://www.nzmp.com/global/en/cheese-selector-results/new-fat-products/premium-amf-15l.html",
  "status": 200,
  "from": "https://www.nzmp.com/global/en/applications/food-manufacture/applications/processed-cheese.html",
  "finalUrl": "https://www.nzmp.com/global/en/ingredients/dairy-fats-cream/anhydrous-milk-fat.html"
 },
 {
  "url": "https://www.nzmp.com/global/en/products/ingredients/types/powders/whole-milk-powder/wmp-uht-perform.html",
  "status": 200,
  "from": "https://www.nzmp.com/global/en/applications/beverages/benefit-platforms/elevated-experiences.html",
  "finalUrl": "https://www.nzmp.com/global/en/ingredients/powders-concentrates/whole-milk-powder/wmp-uht-perform.html"
 },
 {
  "url": "https://www.nzmp.com/global/en/products/ingredients/types/proteins/milk-protein-concentrates/sureprotein-milk-protein-concentrate-485.html",
  "status": 200,
  "from": "https://www.nzmp.com/global/en/applications/beverages/benefit-platforms/elevated-experiences.html",
  "finalUrl": "https://www.nzmp.com/global/en/ingredients/proteins/milk-protein-concentrates.html"
 },
 {
  "url": "https://www.nzmp.com/global/en/products/ingredients/types/proteins/whey-protein-concentrates/nzmp-pro-optima-wpc-567.html",
  "status": 200,
  "from": "https://www.nzmp.com/global/en/applications/beverages/benefit-platforms/elevated-experiences.html",
  "finalUrl": "https://www.nzmp.com/global/en/ingredients/proteins/whey-protein-concentrates.html"
 },
 {
  "url": "https://www.nzmp.com/global/en/resources/cultured-ingredients-portfolio.html",
  "status": 200,
  "from": "https://www.nzmp.com/global/en/applications/yoghurts-and-cultured-products.html"
 },
 {
  "url": "https://www.nzmp.com/global/en/products/ingredients/types/proteins/milk-protein-concentrates/nzmp-sureprotein-mpc-4861-yoghurt.html",
  "status": 200,
  "from": "https://www.nzmp.com/global/en/applications/beverages/benefit-platforms/elevated-experiences.html",
  "finalUrl": "https://www.nzmp.com/global/en/ingredients/proteins/milk-protein-concentrates.html"
 },
 {
  "url": "https://www.nzmp.com/global/en/products/ingredients/types/proteins/whey-protein-concentrates/nzmp-sureprotein-wpc-550.html",
  "status": 200,
  "from": "https://www.nzmp.com/global/en/applications/beverages/benefit-platforms/elevated-experiences.html",
  "finalUrl": "https://www.nzmp.com/global/en/ingredients/proteins/whey-protein-concentrates.html"
 },
 {
  "url": "https://www.nzmp.com/global/en/products/ingredients/types/proteins/milk-protein-concentrates/nzmp-sureprotein-mpc-4887.html",
  "status": 200,
  "from": "https://www.nzmp.com/global/en/applications/beverages/benefit-platforms/elevated-experiences.html",
  "finalUrl": "https://www.nzmp.com/global/en/ingredients/proteins/milk-protein-concentrates.html"
 },
 {
  "url": "https://www.nzmp.com/global/en/ingredients/proteins/milk-protein-concentrates/nzmp-mpc-4882-yoghurt.html",
  "status": 200,
  "from": "https://www.nzmp.com/global/en/applications/yoghurts-and-cultured-products.html",
  "finalUrl": "https://www.nzmp.com/global/en/ingredients/proteins/milk-protein-concentrates.html"
 },
 {
  "url": "https://www.nzmp.com/global/en/ingredients/proteins/milk-protein-concentrates/nzmp-mpc-470-yoghurt.html",
  "status": 200,
  "from": "https://www.nzmp.com/global/en/applications/yoghurts-and-cultured-products.html",
  "finalUrl": "https://www.nzmp.com/global/en/ingredients/proteins/milk-protein-concentrates.html"
 },
 {
  "url": "https://www.nzmp.com/global/en/ingredients/proteins/milk-protein-concentrates/nzmp-mpc-4424-yoghurt.html",
  "status": 200,
  "from": "https://www.nzmp.com/global/en/applications/yoghurts-and-cultured-products.html",
  "finalUrl": "https://www.nzmp.com/global/en/ingredients/proteins/milk-protein-concentrates.html"
 },
 {
  "url": "https://www.nzmp.com/global/en/ingredients/proteins/whey-protein-concentrates/nzmp-wpc-gelling-yoghurt.html",
  "status": 200,
  "from": "https://www.nzmp.com/global/en/applications/yoghurts-and-cultured-products.html",
  "finalUrl": "https://www.nzmp.com/global/en/ingredients/proteins/whey-protein-concentrates.html"
 },
 {
  "url": "https://www.nzmp.com/global/en/tools/yoghurt/anhydrous-milk-fat.html",
  "status": 200,
  "from": "https://www.nzmp.com/global/en/applications/yoghurts-and-cultured-products.html",
  "finalUrl": "https://www.nzmp.com/global/en/ingredients/dairy-fats-cream/anhydrous-milk-fat.html"
 },
 {
  "url": "https://www.nzmp.com/global/en/tools/yoghurt/frozen-cream.html",
  "status": 200,
  "from": "https://www.nzmp.com/global/en/applications/yoghurts-and-cultured-products.html",
  "finalUrl": "https://www.nzmp.com/global/en/ingredients/dairy-fats-cream/frozen-cream.html"
 },
 {
  "url": "https://www.nzmp.com/global/en/tools/yoghurt/smp-for-uht.html",
  "status": 200,
  "from": "https://www.nzmp.com/global/en/applications/yoghurts-and-cultured-products.html",
  "finalUrl": "https://www.nzmp.com/global/en/ingredients/powders-concentrates/skim-milk-powder/regular-skim-milk-powder-uht.html"
 },
 {
  "url": "https://www.nzmp.com/global/en/tools/yoghurt/fat-filled-milk-powder-for-yoghurt.html",
  "status": 200,
  "from": "https://www.nzmp.com/global/en/applications/yoghurts-and-cultured-products.html",
  "finalUrl": "https://www.nzmp.com/global/en/ingredients/powders-concentrates/instant-milk-powder/fat-filled-milk-powder-for-yoghurt.html"
 },
 {
  "url": "https://www.nzmp.com/global/en/tools/yoghurt/nzmp-sureprotein-mpc-4424-yoghurt.html",
  "status": 200,
  "from": "https://www.nzmp.com/global/en/applications/yoghurts-and-cultured-products.html",
  "finalUrl": "https://www.nzmp.com/global/en/ingredients/proteins/milk-protein-concentrates.html"
 },
 {
  "url": "https://www.nzmp.com/global/en/tools/yoghurt/wmp-uht-perform.html",
  "status": 200,
  "from": "https://www.nzmp.com/global/en/applications/yoghurts-and-cultured-products.html",
  "finalUrl": "https://www.nzmp.com/global/en/ingredients/powders-concentrates/whole-milk-powder/wmp-uht-perform.html"
 },
 {
  "url": "https://www.nzmp.com/global/en/tools/yoghurt/nzmp-sureprotein-mpc-4882-yoghurt.html",
  "status": 200,
  "from": "https://www.nzmp.com/global/en/applications/yoghurts-and-cultured-products.html",
  "finalUrl": "https://www.nzmp.com/global/en/ingredients/proteins/milk-protein-concentrates.html"
 },
 {
  "url": "https://www.nzmp.com/global/en/tools/yoghurt/nzmp-sureprotein-mpc-4867.html",
  "status": 200,
  "from": "https://www.nzmp.com/global/en/applications/yoghurts-and-cultured-products.html",
  "finalUrl": "https://www.nzmp.com/global/en/ingredients/proteins/milk-protein-concentrates.html"
 },
 {
  "url": "https://www.nzmp.com/global/en/tools/yoghurt/nzmp-sureprotein-mpc-4861-yoghurt.html",
  "status": 200,
  "from": "https://www.nzmp.com/global/en/applications/yoghurts-and-cultured-products.html",
  "finalUrl": "https://www.nzmp.com/global/en/ingredients/proteins/milk-protein-concentrates.html"
 },
 {
  "url": "https://www.nzmp.com/global/en/tools/yoghurt/nzmp-sureprotein-mpc-4862-yoghurt.html",
  "status": 200,
  "from": "https://www.nzmp.com/global/en/applications/yoghurts-and-cultured-products.html",
  "finalUrl": "https://www.nzmp.com/global/en/ingredients/proteins/milk-protein-concentrates.html"
 },
 {
  "url": "https://www.nzmp.com/global/en/tools/yoghurt/nzmp-sureprotein-mpc-470-yoghurt.html",
  "status": 200,
  "from": "https://www.nzmp.com/global/en/applications/yoghurts-and-cultured-products.html",
  "finalUrl": "https://www.nzmp.com/global/en/ingredients/proteins/milk-protein-concentrates.html"
 },
 {
  "url": "https://www.nzmp.com/global/en/tools/yoghurt/nzmp-sureprotein-flow-wpc-510.html",
  "status": 200,
  "from": "https://www.nzmp.com/global/en/applications/yoghurts-and-cultured-products.html",
  "finalUrl": "https://www.nzmp.com/global/en/ingredients/proteins/whey-protein-concentrates.html"
 },
 {
  "url": "https://www.nzmp.com/content/dam/nzmp/pdfs/NZMP-concept-card-enriched-protein-ambient-drinking-yoghurt.pdf",
  "status": 200,
  "from": "https://www.nzmp.com/global/en/applications/yoghurts-and-cultured-products.html"
 },
 {
  "url": "https://www.nzmp.com/content/dam/nzmp/pdfs/NZMP-concept-card-protein-drinking-yoghurt.pdf",
  "status": 200,
  "from": "https://www.nzmp.com/global/en/applications/yoghurts-and-cultured-products.html"
 },
 {
  "url": "https://www.nzmp.com/content/dam/nzmp/pdfs/NZMP-concept-card-enriched-protein-drinking-yoghurt.pdf",
  "status": 200,
  "from": "https://www.nzmp.com/global/en/applications/yoghurts-and-cultured-products.html"
 },
 {
  "url": "https://www.nzmp.com/global/en/sustainability/fonterra-sustainability-solutions/performance-benchmarking/request-ecovadis-scorecard.html",
  "status": 200,
  "from": "https://www.nzmp.com/global/en/sustainability/fonterra-sustainability-solutions/performance-benchmarking.html"
 },
 {
  "url": "https://www.nzmp.com/global/en/products/fonterra-sustainability-solutions/unqiue-claims-content/natural-dairy-claims/grass-pasture-fed-standard.html",
  "status": 200,
  "from": "https://www.nzmp.com/global/en/sustainability/fonterra-sustainability-solutions/natural-dairy-claims.html",
  "finalUrl": "https://www.nzmp.com/global/en/sustainability/fonterra-sustainability-solutions/natural-dairy-claims.html"
 },
 {
  "url": "https://www.nzmp.com/global/en/tools/yoghurt/nzmp-wpc-gelling-yoghurt.html",
  "status": 200,
  "from": "https://www.nzmp.com/global/en/applications/yoghurts-and-cultured-products.html",
  "finalUrl": "https://www.nzmp.com/global/en/ingredients/proteins/whey-protein-concentrates.html"
 },
 {
  "url": "https://www.nzmp.com/global/en/ingredients/fonterra-sustainability-solutions/unqiue-claims-content/natural-dairy-claims/grass-pasture-fed-standard.html",
  "status": 200,
  "from": "https://www.nzmp.com/global/en/sustainability/fonterra-sustainability-solutions/natural-dairy-claims.html",
  "finalUrl": "https://www.nzmp.com/global/en/sustainability/fonterra-sustainability-solutions/natural-dairy-claims/grass-pasture-fed-standard.html"
 },
 {
  "url": "https://www.nzmp.com/content/dam/nzmp/sustainability-2025/sustainability-solutions/Fonterra%20Natural%20Dairy%20Claims.pdf",
  "status": 200,
  "from": "https://www.nzmp.com/global/en/sustainability/fonterra-sustainability-solutions/natural-dairy-claims.html"
 },
 {
  "url": "https://www.nzmp.com/global/en/tools/yoghurt/nzmp-sureprotein-flex-wpc-515.html",
  "status": 200,
  "from": "https://www.nzmp.com/global/en/applications/yoghurts-and-cultured-products.html",
  "finalUrl": "https://www.nzmp.com/global/en/ingredients/proteins/whey-protein-concentrates.html"
 },
 {
  "url": "https://www.nzmp.com/content/nzmp/global/en/applications/organic-dairy",
  "status": 200,
  "from": "https://www.nzmp.com/global/en/applications/organic-dairy.html",
  "finalUrl": "https://www.nzmp.com/global/en/applications/organic-dairy.html"
 },
 {
  "url": "https://www.nzmp.com/global/en/sustainability/carbon-certificate-form.html",
  "status": 200,
  "from": "https://www.nzmp.com/global/en/sustainability/fonterra-sustainability-solutions/resources-partnerships/sustainability-resources.html",
  "finalUrl": "https://www.nzmp.com/global/en/sustainability/fonterra-sustainability-solutions/climate-tools/carbon-certificate-form.html"
 },
 {
  "url": "https://www.nzmp.com/content/nzmp/global/en/how-to-buy/nzmp-sales-network",
  "status": 200,
  "from": "https://www.nzmp.com/global/en/how-to-buy/buy-online.html",
  "finalUrl": "https://www.nzmp.com/global/en/how-to-buy/nzmp-sales-network.html"
 },
 {
  "url": "https://www.nzmp.com/content/nzmp/global/en/how-to-buy/nzmp-authorised-resellers",
  "status": 200,
  "from": "https://www.nzmp.com/global/en/how-to-buy/buy-online.html",
  "finalUrl": "https://www.nzmp.com/global/en/how-to-buy/nzmp-authorised-resellers.html"
 },
 {
  "url": "https://www.nzmp.com/global/en/news/what-makes-nz-milk-so-good.html",
  "status": 200,
  "from": "https://www.nzmp.com/global/en/news/benefits-of-low-gi-foods.html",
  "finalUrl": "https://www.nzmp.com/global/en/news.html"
 },
 {
  "url": "https://www.nzmp.com/content/nzmp/global/en/how-to-buy/buy-online",
  "status": 200,
  "from": "https://www.nzmp.com/global/en/how-to-buy/nzmp-sales-network.html",
  "finalUrl": "https://www.nzmp.com/global/en/how-to-buy/buy-online.html"
 },
 {
  "url": "https://www.nzmp.com/global/en/news/personalized-nutrition-for-consumers.html",
  "status": 200,
  "from": "https://www.nzmp.com/global/en/news/trends-at-gulfood-2020.html",
  "finalUrl": "https://www.nzmp.com/global/en/news.html"
 },
 {
  "url": "https://www.nzmp.com/global/en/products/ingredients/types.html",
  "status": 200,
  "from": "https://www.nzmp.com/global/en/news/coronavirus-fueling-immunity-awareness.html",
  "finalUrl": "https://www.nzmp.com/global/en/ingredients.html"
 },
 {
  "url": "https://www.nzmp.com/global/en/news/immunity-supporting-food-supplements-china.html",
  "status": 200,
  "from": "https://www.nzmp.com/global/en/news/coronavirus-fueling-immunity-awareness.html",
  "finalUrl": "https://www.nzmp.com/global/en/news.html"
 },
 {
  "url": "https://www.nzmp.com/global/en/resources/lifestyle-probiotics-to-support-immunity.html",
  "status": 200,
  "from": "https://www.nzmp.com/global/en/news/coronavirus-fueling-immunity-awareness.html",
  "finalUrl": "https://www.nzmp.com/global/en/resources.html"
 },
 {
  "url": "https://www.nzmp.com/global/en/categories/active-lifestyle/benefit-platforms/weight-management.html",
  "status": 200,
  "from": "https://www.nzmp.com/global/en/news/coronavirus-fueling-immunity-awareness.html",
  "finalUrl": "https://www.nzmp.com/global/en/applications/active-lifestyle/benefit-platforms/weight-management.html"
 },
 {
  "url": "https://www.nzmp.com/global/en/about-nzmp/innovation-and-ingenuity.html",
  "status": 200,
  "from": "https://www.nzmp.com/global/en/news/ingredients-for-immunity.html",
  "finalUrl": "https://www.nzmp.com/global/en/solutions/innovation-and-ingenuity.html"
 },
 {
  "url": "https://www.nzmp.com/global/en/ingredients/types/specialty/probiotics.html",
  "status": 200,
  "from": "https://www.nzmp.com/global/en/news/ingredients-for-immunity.html",
  "finalUrl": "https://www.nzmp.com/global/en/ingredients/specialty/probiotics.html"
 },
 {
  "url": "https://www.nzmp.com/global/en/ingredients/types/specialty/probiotics/nzmp-bifidob-hn019.html",
  "status": 200,
  "from": "https://www.nzmp.com/global/en/news/ingredients-for-immunity.html",
  "finalUrl": "https://www.nzmp.com/global/en/ingredients/specialty/probiotics/nzmp-bifidob-hn019.html"
 },
 {
  "url": "https://www.nzmp.com/global/en/ingredients/types/specialty/probiotics/nzmp-lactob-hn001.html",
  "status": 200,
  "from": "https://www.nzmp.com/global/en/news/ingredients-for-immunity.html",
  "finalUrl": "https://www.nzmp.com/global/en/ingredients/specialty/probiotics/nzmp-lactob-hn001.html"
 },
 {
  "url": "https://www.nzmp.com/content/dam/nzmp/pdfs/nzmp-tom-walsh-interview.pdf",
  "status": 200,
  "from": "https://www.nzmp.com/global/en/news/interview-nz-olympian-tom-walsh.html"
 },
 {
  "url": "https://www.nzmp.com/global/en/products/ingredients/types/specialty/probiotics.html",
  "status": 301,
  "from": "https://www.nzmp.com/global/en/news/coronavirus-fueling-immunity-awareness.html",
  "finalUrl": "https://www.nutiani.com/nz/en/ingredients.html"
 },
 {
  "url": "https://www.nzmp.com/global/en/ingredients/types/specialty/prebiotics.html",
  "status": 200,
  "from": "https://www.nzmp.com/global/en/news/ingredients-for-immunity.html",
  "finalUrl": "https://www.nzmp.com/global/en/ingredients/specialty/prebiotics.html"
 },
 {
  "url": "https://www.nzmp.com/global/en/ingredients/types/specialty/probiotics/lifestyle-probiotics-to-support-immunity.html",
  "status": 200,
  "from": "https://www.nzmp.com/global/en/news/ingredients-for-immunity.html",
  "finalUrl": "https://www.nzmp.com/global/en/resources.html"
 },
 {
  "url": "https://www.nzmp.com/global/en/products/ingredients/types/proteins/whey-protein-isolates/nzmp-optibar.html",
  "status": 200,
  "from": "https://www.nzmp.com/global/en/news/nzmp-launches-new-bar-ingredients.html",
  "finalUrl": "https://www.nzmp.com/global/en/ingredients/proteins/whey-protein-isolates/nzmp-optibar.html"
 },
 {
  "url": "https://www.nzmp.com/global/en/categories/active-lifestyle/applications/nutrition-bars.html",
  "status": 200,
  "from": "https://www.nzmp.com/global/en/news/nzmp-launches-new-bar-ingredients.html",
  "finalUrl": "https://www.nzmp.com/global/en/applications/active-lifestyle/applications/nutrition-bars.html"
 },
 {
  "url": "https://www.nzmp.com/global/en/products/ingredients/types/proteins/whey-protein-concentrates/nzmp-flexbar.html",
  "status": 200,
  "from": "https://www.nzmp.com/global/en/news/nzmp-launches-new-bar-ingredients.html",
  "finalUrl": "https://www.nzmp.com/global/en/ingredients/proteins/whey-protein-concentrates.html"
 },
 {
  "url": "https://www.nzmp.com/global/en/products/ingredients/types/dairy-fats/butter.html",
  "status": 200,
  "from": "https://www.nzmp.com/global/en/news/nzmp-cheese-butter-cream-cheese-win-again-this-year.html",
  "finalUrl": "https://www.nzmp.com/global/en/ingredients/dairy-fats-cream/butter.html"
 },
 {
  "url": "https://www.nzmp.com/global/en/products/ingredients/types/cheese/cheddar-cheese.html",
  "status": 200,
  "from": "https://www.nzmp.com/global/en/news/nzmp-cheese-butter-cream-cheese-win-again-this-year.html",
  "finalUrl": "https://www.nzmp.com/global/en/ingredients/cheese/cheddar-cheese.html"
 },
 {
  "url": "https://www.nzmp.com/global/en/products/ingredients/types/proteins/whey-protein-isolates/nzmp-shortbar-825.html",
  "status": 200,
  "from": "https://www.nzmp.com/global/en/news/nzmp-launches-new-bar-ingredients.html",
  "finalUrl": "https://www.nzmp.com/global/en/ingredients/proteins/whey-protein-isolates.html"
 },
 {
  "url": "https://www.nzmp.com/global/en/products/ingredients/types/cheese/mozzarella-options.html",
  "status": 200,
  "from": "https://www.nzmp.com/global/en/news/nzmp-cheese-butter-cream-cheese-win-again-this-year.html",
  "finalUrl": "https://www.nzmp.com/global/en/ingredients/cheese/mozzarella-options.html"
 },
 {
  "url": "https://www.nzmp.com/global/en/products/ingredients/types/cheese/cream-cheese.html",
  "status": 200,
  "from": "https://www.nzmp.com/global/en/news/nzmp-cheese-butter-cream-cheese-win-again-this-year.html",
  "finalUrl": "https://www.nzmp.com/global/en/ingredients/cheese/cream-cheese.html"
 },
 {
  "url": "https://www.nzmp.com/global/en/products/ingredients/types/cheese/new-zealand-cheeses/egmont-cheese.html",
  "status": 200,
  "from": "https://www.nzmp.com/global/en/news/nzmp-cheese-butter-cream-cheese-win-again-this-year.html",
  "finalUrl": "https://www.nzmp.com/global/en/ingredients/cheese/new-zealand-cheeses/egmont-cheese.html"
 },
 {
  "url": "https://www.nzmp.com/global/en/products/ingredients/types/dairy-fats.html",
  "status": 200,
  "from": "https://www.nzmp.com/global/en/news/nzmp-cheese-butter-cream-cheese-win-again-this-year.html",
  "finalUrl": "https://www.nzmp.com/global/en/ingredients/dairy-fats-cream.html"
 },
 {
  "url": "https://www.nzmp.com/global/en/products/ingredients/types/specialty/probiotics/nzmp-bifidob-hn019.html",
  "status": 200,
  "from": "https://www.nzmp.com/global/en/news/probiotics-immunity-coronavirus.html",
  "finalUrl": "https://www.nzmp.com/global/en/ingredients/specialty/probiotics/nzmp-bifidob-hn019.html"
 },
 {
  "url": "https://www.nzmp.com/global/en/categories/medical-nutrition/need-areas/surgery.html",
  "status": 200,
  "from": "https://www.nzmp.com/global/en/news/perioperative-protein-needs.html",
  "finalUrl": "https://www.nzmp.com/global/en/applications/medical-nutrition.html"
 },
 {
  "url": "https://www.nzmp.com/global/en/resources/lifestyle-probiotics-for-digestive-health-and-wellness.html",
  "status": 200,
  "from": "https://www.nzmp.com/global/en/news/probiotics-immunity-coronavirus.html",
  "finalUrl": "https://www.nzmp.com/global/en/resources.html"
 },
 {
  "url": "https://www.nzmp.com/global/en/categories/medical-nutrition/concepts/oral-nutritional-supplement-range.html",
  "status": 200,
  "from": "https://www.nzmp.com/global/en/news/oncology-dietitian-life-michele-szafranski.html",
  "finalUrl": "https://www.nzmp.com/global/en/applications/medical-nutrition/concepts.html"
 },
 {
  "url": "https://www.nzmp.com/global/en/ingredients/types/specialty/probiotics/lifestyle-probiotics-for-digestive-health-and-wellness.html",
  "status": 200,
  "from": "https://www.nzmp.com/global/en/news/probiotics-immunity-coronavirus.html",
  "finalUrl": "https://www.nzmp.com/global/en/resources.html"
 },
 {
  "url": "https://www.nzmp.com/content/dam/nzmp/pdfs/NZMP-small-but-mighty-whitepaper.pdf",
  "status": 200,
  "from": "https://www.nzmp.com/global/en/news/expo-west-2020.html"
 },
 {
  "url": "https://www.nzmp.com/global/en/categories/medical-nutrition/concepts/high-protein-drinking-yoghurt.html",
  "status": 200,
  "from": "https://www.nzmp.com/global/en/news/oncology-dietitian-life-michele-szafranski.html",
  "finalUrl": "https://www.nzmp.com/global/en/applications/medical-nutrition/concepts.html"
 },
 {
  "url": "https://www.nzmp.com/global/en/webcast/surestart-mfgm-lipids-broadcast.html",
  "status": 200,
  "from": "https://www.nzmp.com/global/en/news/expo-west-2020.html"
 },
 {
  "url": "https://www.nzmp.com/global/en/ingredients/types/specialty/probiotics/mental-wellbeing-and-probiotics.html",
  "status": 200,
  "from": "https://www.nzmp.com/global/en/news/expo-west-2020.html",
  "finalUrl": "https://www.nzmp.com/global/en/resources/mental-wellbeing-and-probiotics.html"
 },
 {
  "url": "https://www.nzmp.com/global/en/news/carbonzero-organic-butter-wins-sustainability-innovation-award.html",
  "status": 200,
  "from": "https://www.nzmp.com/global/en/news/nzmp-at-aspen-2020.html",
  "finalUrl": "https://www.nzmp.com/global/en/news.html"
 },
 {
  "url": "https://www.nzmp.com/global/en/products/ingredients/types/proteins.html",
  "status": 200,
  "from": "https://www.nzmp.com/global/en/news/whey-for-living.html",
  "finalUrl": "https://www.nzmp.com/global/en/ingredients/proteins.html"
 },
 {
  "url": "https://www.nzmp.com/global/en/products/ingredients/types/proteins/functional-proteins.html",
  "status": 200,
  "from": "https://www.nzmp.com/global/en/news/expo-west-2020.html",
  "finalUrl": "https://www.nzmp.com/global/en/ingredients/proteins.html"
 },
 {
  "url": "https://www.nzmp.com/global/en/products/fonterra-sustainability-solutions/unqiue-claims-content.html",
  "status": 200,
  "from": "https://www.nzmp.com/global/en/news/expo-west-2020.html",
  "finalUrl": "https://www.nzmp.com/global/en/sustainability/fonterra-sustainability-solutions.html"
 },
 {
  "url": "https://www.nzmp.com/global/en/webcast/protein-101-building-blocks-of-life.html",
  "status": 200,
  "from": "https://www.nzmp.com/global/en/news/nzmp-sea-reseller-conference-2019.html"
 },
 {
  "url": "https://www.nzmp.com/global/en/webcast/protein-101-building-blocks-of-life1.html",
  "status": 200,
  "from": "https://www.nzmp.com/global/en/news/nzmp-sea-reseller-conference-2019.html"
 },
 {
  "url": "https://www.nzmp.com/global/en/webcast/yoghurts-protein-and-texture.html",
  "status": 200,
  "from": "https://www.nzmp.com/global/en/news/nzmp-sea-reseller-conference-2019.html"
 },
 {
  "url": "https://www.nzmp.com/global/en/search-results.html",
  "status": 200,
  "from": "https://www.nzmp.com/global/en/news/nzmp-at-ssw-2019.html"
 },
 {
  "url": "https://www.nzmp.com/global/en/ingredients/proteins/nzmp-sureprotein-dpc.html",
  "status": 200,
  "from": "https://www.nzmp.com/global/en/news/nzmp-at-fia-2019.html",
  "finalUrl": "https://www.nzmp.com/global/en/ingredients/proteins.html"
 },
 {
  "url": "https://www.nzmp.com/global/en/applications/sports-and-lifestyle-nutrition.html)",
  "status": 404,
  "from": "https://www.nzmp.com/global/en/news/nzmp-at-fia-2019.html",
  "finalUrl": "https://www.nzmp.com/global/en/applications/sports-and-lifestyle-nutrition.html).html"
 },
 {
  "url": "https://www.nzmp.com/global/en/applications/medical-nutrition-and-healthy-ageing.html",
  "status": 200,
  "from": "https://www.nzmp.com/global/en/news/nzmp-at-fia-2019.html",
  "finalUrl": "https://www.nzmp.com/global/en/applications/active-lifestyle/applications.html"
 },
 {
  "url": "https://www.nzmp.com/global/en/products/nzmp-solutions/risk-and-commercial/pricecollar.html",
  "status": 200,
  "from": "https://www.nzmp.com/global/en/news/nzmp-at-fia-2019.html",
  "finalUrl": "https://www.nzmp.com/global/en/solutions/price-risk-management/pricecollar.html"
 },
 {
  "url": "https://www.nzmp.com/global/en/products/nzmp-solutions/risk-and-commercial/pricelock.html",
  "status": 200,
  "from": "https://www.nzmp.com/global/en/news/nzmp-at-fia-2019.html",
  "finalUrl": "https://www.nzmp.com/global/en/solutions/price-risk-management/pricelock.html"
 },
 {
  "url": "https://www.nzmp.com/global/en/ingredients/applications/medical-nutrition-and-healthy-ageing/low-lactose-dairy-nutrition-with-nzmp.html",
  "status": 200,
  "from": "https://www.nzmp.com/global/en/news/nzmp-at-fia-2019.html",
  "finalUrl": "https://www.nzmp.com/global/en/applications/medical-nutrition/low-lactose-dairy-nutrition-with-nzmp.html"
 },
 {
  "url": "https://www.nzmp.com/global/en/ingredients/on-pack-claims.html",
  "status": 200,
  "from": "https://www.nzmp.com/global/en/news/nzmp-at-ssw-2019.html",
  "finalUrl": "https://www.nzmp.com/global/en/sustainability/fonterra-sustainability-solutions/natural-dairy-claims/organics.html"
 },
 {
  "url": "https://www.nzmp.com/global/en/ingredients/powders/instant-milk-powder/nzmp-fortified-instant-dairy-powder.html",
  "status": 200,
  "from": "https://www.nzmp.com/global/en/news/nzmp-at-fia-2019.html",
  "finalUrl": "https://www.nzmp.com/global/en/ingredients/powders-concentrates/instant-milk-powder.html"
 },
 {
  "url": "https://www.nzmp.com/global/en/ingredients/powders/instant-milk-powder/fat-filled-milk-powder-for-yoghurt.html",
  "status": 200,
  "from": "https://www.nzmp.com/global/en/news/nzmp-at-fia-2019.html",
  "finalUrl": "https://www.nzmp.com/global/en/ingredients/powders-concentrates/instant-milk-powder.html"
 },
 {
  "url": "https://www.nzmp.com/global/en/ingredients/powders/regular-whole-milk-powder/gold-wmp-for-uht.html",
  "status": 200,
  "from": "https://www.nzmp.com/global/en/news/nzmp-at-fia-2019.html",
  "finalUrl": "https://www.nzmp.com/global/en/ingredients/powders-concentrates/whole-milk-powder/regular-whole-milk-powder.html"
 },
 {
  "url": "https://www.nzmp.com/global/en/ingredients/types/powders/instant-milk-powder/nzmp-nutriwhite-dairy-based-powder.html",
  "status": 200,
  "from": "https://www.nzmp.com/global/en/news/nzmp-at-fia-2019.html",
  "finalUrl": "https://www.nzmp.com/global/en/ingredients/powders-concentrates/instant-milk-powder.html"
 },
 {
  "url": "https://www.nzmp.com/global/en/ingredients/powders/instant-milk-powder/nzmp-gold-instant-wmp.html",
  "status": 200,
  "from": "https://www.nzmp.com/global/en/news/nzmp-at-food-and-beverage-west-africa.html",
  "finalUrl": "https://www.nzmp.com/global/en/ingredients/powders-concentrates/instant-milk-powder.html"
 },
 {
  "url": "https://www.nzmp.com/global/en/ingredients/powders/instant-milk-powder/fat-filled-milk-powder.html",
  "status": 200,
  "from": "https://www.nzmp.com/global/en/news/nzmp-at-food-and-beverage-west-africa.html",
  "finalUrl": "https://www.nzmp.com/global/en/ingredients/powders-concentrates/instant-milk-powder.html"
 },
 {
  "url": "https://www.nzmp.com/global/en/ingredients/dairy-fats/blends.html",
  "status": 200,
  "from": "https://www.nzmp.com/global/en/news/nzmp-at-food-and-beverage-west-africa.html",
  "finalUrl": "https://www.nzmp.com/global/en/ingredients/dairy-fats-cream/blends.html"
 },
 {
  "url": "https://www.nzmp.com/global/en/ingredients/powders/instant-milk-powder/nzmp-protein-plus-instant-milk-powder.html",
  "status": 200,
  "from": "https://www.nzmp.com/global/en/news/nzmp-at-food-and-beverage-west-africa.html",
  "finalUrl": "https://www.nzmp.com/global/en/ingredients/powders-concentrates/instant-milk-powder.html"
 },
 {
  "url": "https://www.nzmp.com/content/dam/nzmp/pdfs/formulating-high-protein-low-viscosity-medical-nutrition-beverages-whitepaper-NZMP.pdf",
  "status": 200,
  "from": "https://www.nzmp.com/global/en/news/whey-proteins-in-medical-nutrition.html"
 },
 {
  "url": "https://www.nzmp.com/global/en/ingredients/dairy-fats/butter.html",
  "status": 200,
  "from": "https://www.nzmp.com/global/en/news/nzmp-at-food-and-beverage-west-africa.html",
  "finalUrl": "https://www.nzmp.com/global/en/ingredients/dairy-fats-cream/butter.html"
 },
 {
  "url": "https://www.nzmp.com/global/en/products/ingredients/types/cheese/parmesan-and-popular-cheeses/gouda-cheese.html",
  "status": 200,
  "from": "https://www.nzmp.com/global/en/news/nzmp-ingredients-win-35-medals-this-year.html",
  "finalUrl": "https://www.nzmp.com/global/en/ingredients/cheese/parmesan-and-popular-cheeses/gouda-cheese.html"
 },
 {
  "url": "https://www.nzmp.com/global/en/products/ingredients/types/cheese/parmesan-and-popular-cheeses/colby-cheese.html",
  "status": 200,
  "from": "https://www.nzmp.com/global/en/news/nzmp-ingredients-win-35-medals-this-year.html",
  "finalUrl": "https://www.nzmp.com/global/en/ingredients/cheese/parmesan-and-popular-cheeses/colby-cheese.html"
 },
 {
  "url": "https://www.nzmp.com/global/en/products/ingredients/types/cheese/parmesan-and-popular-cheeses.html",
  "status": 200,
  "from": "https://www.nzmp.com/global/en/news/nzmp-ingredients-win-35-medals-this-year.html",
  "finalUrl": "https://www.nzmp.com/global/en/ingredients/cheese/parmesan-and-popular-cheeses.html"
 },
 {
  "url": "https://www.nzmp.com/global/en/applications/sports-and-active-nutrition.html",
  "status": 200,
  "from": "https://www.nzmp.com/global/en/news/ift18-in-review.html",
  "finalUrl": "https://www.nzmp.com/global/en/applications/active-lifestyle/applications.html"
 },
 {
  "url": "https://www.nzmp.com/content/dam/nzmp/pdfs/F&S%20Teaser.pdf",
  "status": 200,
  "from": "https://www.nzmp.com/global/en/news/frost-and-sullivan-presentation.html"
 },
 {
  "url": "https://www.nzmp.com/content/dam/nzmp/pdfs/Protein%20Packaging%20Trend%20-%20Tetrapak%20(Samit%20Chowdhury).pdf",
  "status": 200,
  "from": "https://www.nzmp.com/global/en/news/tetrapak-packaging-trends.html"
 },
 {
  "url": "https://www.nzmp.com/content/dam/nzmp/pdfs/Whey%20Protein%20Concentrate%20Infographic.pdf",
  "status": 200,
  "from": "https://www.nzmp.com/global/en/news/nzmp-whey-protein-concentrate-80-wins-gold-medal.html"
 },
 {
  "url": "https://www.nzmp.com/global/en/products/ingredients/types/powders/instant-milk-powder/nzmp-protein-plus-instant-milk-powder.html",
  "status": 200,
  "from": "https://www.nzmp.com/global/en/news/nzmp-at-gulfood-2019.html",
  "finalUrl": "https://www.nzmp.com/global/en/ingredients/powders-concentrates/instant-milk-powder/nzmp-protein-plus-instant-milk-powder.html"
 },
 {
  "url": "https://www.nzmp.com/global/en/products/ingredients/types/powders/instant-milk-powder/fat-filled-milk-powder.html",
  "status": 200,
  "from": "https://www.nzmp.com/global/en/news/nzmp-at-gulfood-2019.html",
  "finalUrl": "https://www.nzmp.com/global/en/ingredients/powders-concentrates/instant-milk-powder/fat-filled-milk-powder.html"
 },
 {
  "url": "https://www.nzmp.com/global/en/products/ingredients/types/proteins/milk-protein-concentrates.html",
  "status": 200,
  "from": "https://www.nzmp.com/global/en/news/nzmp-at-fic-2019.html",
  "finalUrl": "https://www.nzmp.com/global/en/ingredients/proteins/milk-protein-concentrates.html"
 },
 {
  "url": "https://www.nzmp.com/global/en/products/ingredients/types/proteins/whey-protein-isolates/nzmp-clear-wpi-8855.html",
  "status": 200,
  "from": "https://www.nzmp.com/global/en/news/nzmp-at-gulfood-2019.html",
  "finalUrl": "https://www.nzmp.com/global/en/ingredients/proteins/whey-protein-isolates/nzmp-clear-wpi-8855.html"
 },
 {
  "url": "https://www.nzmp.com/global/en/about-nzmp/innovation-and-ingenuity/our-protein-expertise.html",
  "status": 200,
  "from": "https://www.nzmp.com/global/en/news/low-down-on-nzmps-protein-advantage.html",
  "finalUrl": "https://www.nzmp.com/global/en/solutions/innovation-and-ingenuity/our-protein-expertise.html"
 },
 {
  "url": "https://www.nzmp.com/global/en/products/ingredients/types/cheese/new-zealand-cheeses/noble-cheese.html",
  "status": 200,
  "from": "https://www.nzmp.com/global/en/news/nzmp-at-fic-2019.html",
  "finalUrl": "https://www.nzmp.com/global/en/ingredients/cheese/new-zealand-cheeses/noble-cheese.html"
 },
 {
  "url": "https://www.nzmp.com/global/en/products/ingredients/types/cheese/parmesan-and-popular-cheeses/parmesan-cheese.html",
  "status": 200,
  "from": "https://www.nzmp.com/global/en/news/nzmp-at-fic-2019.html",
  "finalUrl": "https://www.nzmp.com/global/en/ingredients/cheese/parmesan-and-popular-cheeses/parmesan-cheese.html"
 },
 {
  "url": "https://www.nzmp.com/global/en/categories/medical-nutrition/concepts/high-protein-juice.html",
  "status": 200,
  "from": "https://www.nzmp.com/global/en/news/hydration-for-elderly.html",
  "finalUrl": "https://www.nzmp.com/global/en/applications/medical-nutrition/concepts.html"
 },
 {
  "url": "https://www.nzmp.com/global/en/products/ingredients/types/powders/instant-milk-powder/nzmp-low-cost-pure-instant-dairy-powder.html",
  "status": 200,
  "from": "https://www.nzmp.com/global/en/news/nzmp-at-gulfood-2019.html",
  "finalUrl": "https://www.nzmp.com/global/en/ingredients/powders-concentrates/instant-milk-powder/nzmp-low-cost-pure-instant-dairy-powder.html"
 },
 {
  "url": "https://www.nzmp.com/global/en/categories/medical-nutrition/concepts/fortified-jelly.html",
  "status": 200,
  "from": "https://www.nzmp.com/global/en/news/hydration-for-elderly.html",
  "finalUrl": "https://www.nzmp.com/global/en/applications/medical-nutrition/concepts.html"
 },
 {
  "url": "https://www.nzmp.com/global/en/products/ingredients/types/proteins/caseins-and-caseinates.html",
  "status": 200,
  "from": "https://www.nzmp.com/global/en/news/protein-innovation-customers.html",
  "finalUrl": "https://www.nzmp.com/global/en/ingredients/proteins/caseins-and-caseinates.html"
 },
 {
  "url": "https://www.nzmp.com/global/en/about-nzmp/innovation-and-ingenuity/the-fonterra-research-and-development-centre.html",
  "status": 200,
  "from": "https://www.nzmp.com/global/en/news/protein-innovation-customers.html",
  "finalUrl": "https://www.nzmp.com/global/en/solutions/innovation-and-ingenuity/the-fonterra-research-and-development-centre.html"
 },
 {
  "url": "https://www.nzmp.com/global/en/products/ingredients/types/proteins/total-milk-proteins.html",
  "status": 200,
  "from": "https://www.nzmp.com/global/en/news/protein-innovation-customers.html",
  "finalUrl": "https://www.nzmp.com/global/en/ingredients/proteins/total-milk-proteins.html"
 },
 {
  "url": "https://www.nzmp.com/global/en/about-nzmp/sustainability.html",
  "status": 200,
  "from": "https://www.nzmp.com/global/en/news/journey-from-waste-to-whey.html",
  "finalUrl": "https://www.nzmp.com/global/en/sustainability.html"
 },
 {
  "url": "https://www.nzmp.com/content/dam/nzmp/pdfs/nzmp-proteinexpertise-timeline-concertina-june-2020.pdf",
  "status": 200,
  "from": "https://www.nzmp.com/global/en/news/journey-from-waste-to-whey.html"
 },
 {
  "url": "https://www.nzmp.com/global/en/ingredients/types/proteins/caseins-and-caseinates.html",
  "status": 200,
  "from": "https://www.nzmp.com/global/en/news/journey-from-waste-to-whey.html",
  "finalUrl": "https://www.nzmp.com/global/en/ingredients/proteins/caseins-and-caseinates.html"
 },
 {
  "url": "https://www.nzmp.com/content/dam/nzmp/pdfs/NZMP_ProteinExpertise_Timeline_Concertina%20(English).pdf",
  "status": 404,
  "from": "https://www.nzmp.com/global/en/news/journey-from-waste-to-whey.html"
 },
 {
  "url": "https://www.nzmp.com/global/en/nzmp-solutions/nzmp-claims-programme/grass-pasture-fed-standard.html",
  "status": 200,
  "from": "https://www.nzmp.com/global/en/news/journey-from-waste-to-whey.html",
  "finalUrl": "https://www.nzmp.com/global/en/sustainability/fonterra-sustainability-solutions/natural-dairy-claims/grass-pasture-fed-standard.html"
 },
 {
  "url": "https://www.nzmp.com/global/en/categories/active-lifestyle/applications/food-and-snacks/high-protein-pancake-mix.html",
  "status": 200,
  "from": "https://www.nzmp.com/global/en/news/remove-the-stigma-of-snacking.html",
  "finalUrl": "https://www.nzmp.com/global/en/applications/active-lifestyle/applications/food-and-snacks/high-protein-pancake-mix.html"
 },
 {
  "url": "https://www.nzmp.com/global/en/categories/active-lifestyle/benefit-platforms/muscle-health.html",
  "status": 200,
  "from": "https://www.nzmp.com/global/en/news/remove-the-stigma-of-snacking.html",
  "finalUrl": "https://www.nzmp.com/global/en/applications/active-lifestyle/benefit-platforms/muscle-health.html"
 },
 {
  "url": "https://www.nzmp.com/global/en/categories/active-lifestyle/applications/food-and-snacks/high-protein-muffin-mix.html",
  "status": 200,
  "from": "https://www.nzmp.com/global/en/news/remove-the-stigma-of-snacking.html",
  "finalUrl": "https://www.nzmp.com/global/en/applications/active-lifestyle/applications/food-and-snacks/high-protein-muffin-mix.html"
 },
 {
  "url": "https://www.nzmp.com/global/en/ingredients/types/proteins/whey-protein-concentrates/nzmp-sureprotein-flex-wpc-515.html",
  "status": 200,
  "from": "https://www.nzmp.com/global/en/news/protein-innovation-collaboration-culture.html",
  "finalUrl": "https://www.nzmp.com/global/en/ingredients/proteins/whey-protein-concentrates.html"
 },
 {
  "url": "https://www.nzmp.com/global/en/products/ingredients/types/proteins/milk-protein-concentrates/nzmp-mpc-4851.html",
  "status": 200,
  "from": "https://www.nzmp.com/global/en/news/driving-functional-mpcs-new-heights.html",
  "finalUrl": "https://www.nzmp.com/global/en/ingredients/proteins/milk-protein-concentrates.html"
 },
 {
  "url": "https://www.nzmp.com/global/en/categories/active-lifestyle/benefit-platforms/sarcopenia.html",
  "status": 200,
  "from": "https://www.nzmp.com/global/en/news/driving-functional-mpcs-new-heights.html",
  "finalUrl": "https://www.nzmp.com/global/en/applications/active-lifestyle/benefit-platforms/sarcopenia.html"
 },
 {
  "url": "https://www.nzmp.com/global/en/products/ingredients/types/proteins/milk-protein-concentrates/nzmp-mpc-4861.html",
  "status": 200,
  "from": "https://www.nzmp.com/global/en/news/driving-functional-mpcs-new-heights.html",
  "finalUrl": "https://www.nzmp.com/global/en/ingredients/proteins/milk-protein-concentrates.html"
 },
 {
  "url": "https://www.nzmp.com/global/en/products/ingredients/types/proteins/milk-protein-concentrates/nzmp-mpc-4867.html",
  "status": 200,
  "from": "https://www.nzmp.com/global/en/news/driving-functional-mpcs-new-heights.html",
  "finalUrl": "https://www.nzmp.com/global/en/ingredients/proteins/milk-protein-concentrates.html"
 },
 {
  "url": "https://www.nzmp.com/global/en/products/ingredients/types/proteins/milk-protein-concentrates/nzmp-mpc-4882.html",
  "status": 200,
  "from": "https://www.nzmp.com/global/en/news/driving-functional-mpcs-new-heights.html",
  "finalUrl": "https://www.nzmp.com/global/en/ingredients/proteins/milk-protein-concentrates.html"
 },
 {
  "url": "https://www.nzmp.com/global/en/products/ingredients/types/proteins/milk-protein-concentrates/nzmp-mpc-4887.html",
  "status": 200,
  "from": "https://www.nzmp.com/global/en/news/driving-functional-mpcs-new-heights.html",
  "finalUrl": "https://www.nzmp.com/global/en/ingredients/proteins/milk-protein-concentrates.html"
 },
 {
  "url": "https://www.nzmp.com/global/en/categories/medical-nutrition/applications/fortified-comfort-foods/fortified-jelly.html",
  "status": 200,
  "from": "https://www.nzmp.com/global/en/news/collagen-peptides-vs-whey-protein.html",
  "finalUrl": "https://www.nzmp.com/global/en/applications/active-lifestyle/applications.html"
 },
 {
  "url": "https://www.nzmp.com/global/en/categories/medical-nutrition/applications/ready-to-mix-beverages.html",
  "status": 200,
  "from": "https://www.nzmp.com/global/en/news/collagen-peptides-vs-whey-protein.html",
  "finalUrl": "https://www.nzmp.com/global/en/applications/active-lifestyle/applications.html"
 },
 {
  "url": "https://www.nzmp.com/global/en/ingredients/applications/sports-and-lifestyle-nutrition/mental-wellbeing.html",
  "status": 200,
  "from": "https://www.nzmp.com/global/en/news/top-5-consumer-trends-2019.html",
  "finalUrl": "https://www.nzmp.com/global/en/applications/active-lifestyle/applications.html"
 },
 {
  "url": "https://www.nzmp.com/global/en/categories/medical-nutrition/applications/functional-beverage-range/high-protein-juice.html",
  "status": 200,
  "from": "https://www.nzmp.com/global/en/news/collagen-peptides-vs-whey-protein.html",
  "finalUrl": "https://www.nzmp.com/global/en/applications/active-lifestyle/applications.html"
 },
 {
  "url": "https://www.nzmp.com/global/en/categories/medical-nutrition/applications/fully-fortified-beverage-range.html",
  "status": 200,
  "from": "https://www.nzmp.com/global/en/news/collagen-peptides-vs-whey-protein.html",
  "finalUrl": "https://www.nzmp.com/global/en/applications/active-lifestyle/applications.html"
 },
 {
  "url": "https://www.nzmp.com/global/en/resources/leucine-whitepaper.html",
  "status": 200,
  "from": "https://www.nzmp.com/global/en/news/espen-virtual-congress-2020.html"
 },
 {
  "url": "https://www.nzmp.com/global/en/categories/medical-nutrition/concepts/ready-to-mix-protein-powder.html",
  "status": 200,
  "from": "https://www.nzmp.com/global/en/news/espen-virtual-congress-2020.html",
  "finalUrl": "https://www.nzmp.com/global/en/applications/medical-nutrition/concepts.html"
 },
 {
  "url": "https://www.nzmp.com/content/dam/nzmp/pdfs/ASPEN-Infographic-ED.pdf",
  "status": 200,
  "from": "https://www.nzmp.com/global/en/news/malnutrition-awareness-week-2020.html"
 },
 {
  "url": "https://www.nzmp.com/content/dam/nzmp/pdfs/ASPEN-US-UK%20Malnutrition%20Infographic.pdf",
  "status": 200,
  "from": "https://www.nzmp.com/global/en/news/malnutrition-awareness-week-2020.html"
 },
 {
  "url": "https://www.nzmp.com/content/dam/nzmp/pdfs/ASPEN-HCUP-Infographic-Race-Age-Income.pdf",
  "status": 200,
  "from": "https://www.nzmp.com/global/en/news/malnutrition-awareness-week-2020.html"
 },
 {
  "url": "https://www.nzmp.com/content/dam/nzmp/pdfs/ASPEN-HCUP-Infographic-MAW2019-FINAL.pdf",
  "status": 200,
  "from": "https://www.nzmp.com/global/en/news/malnutrition-awareness-week-2020.html"
 },
 {
  "url": "https://www.nzmp.com/content/dam/nzmp/pdfs/ASPEN-Malnutrition_An%20Older%20Adult%20Crisis_2019.pdf",
  "status": 200,
  "from": "https://www.nzmp.com/global/en/news/malnutrition-awareness-week-2020.html"
 },
 {
  "url": "https://www.nzmp.com/content/dam/nzmp/pdfs/ASPEN-HCUP-Infographic-Readmission.pdf",
  "status": 200,
  "from": "https://www.nzmp.com/global/en/news/malnutrition-awareness-week-2020.html"
 },
 {
  "url": "https://www.nzmp.com/content/dam/nzmp/pdfs/NZMP-five-low-lactose-trends-infographic.pdf",
  "status": 200,
  "from": "https://www.nzmp.com/global/en/news/low-lactose-dairy-trends.html"
 },
 {
  "url": "https://www.nzmp.com/content/dam/nzmp/pdfs/immunity-fundamentals-infographic.pdf",
  "status": 200,
  "from": "https://www.nzmp.com/global/en/news/whey-to-boost-immunity.html"
 },
 {
  "url": "https://www.nzmp.com/global/en/products/ingredients/types/specialty/lactoferrin.html",
  "status": 200,
  "from": "https://www.nzmp.com/global/en/news/whey-to-boost-immunity.html",
  "finalUrl": "https://www.nzmp.com/global/en/ingredients/specialty/lactoferrin.html"
 },
 {
  "url": "https://www.nzmp.com/global/en/categories/active-lifestyle/benefit-platforms/immunity.html",
  "status": 200,
  "from": "https://www.nzmp.com/global/en/news/whey-to-boost-immunity.html",
  "finalUrl": "https://www.nzmp.com/global/en/applications/active-lifestyle/benefit-platforms/immunity.html"
 },
 {
  "url": "https://www.nzmp.com/content/dam/nzmp/pdfs/NZMP-Protein-Plus-Brochure-Final.pdf",
  "status": 200,
  "from": "https://www.nzmp.com/global/en/news/benefits-consumers-seek-protein.html"
 },
 {
  "url": "https://www.nzmp.com/global/en/categories/medical-nutrition/need-areas/healthy-ageing.html",
  "status": 200,
  "from": "https://www.nzmp.com/global/en/news/staying-active-to-prevent-muscle-loss.html",
  "finalUrl": "https://www.nzmp.com/global/en/applications/consumer-milk-powders/benefit-platforms/healthy-ageing.html"
 },
 {
  "url": "https://www.nzmp.com/content/nzmp/global/en/news/trends-redefining-bar-market.",
  "status": 200,
  "from": "https://www.nzmp.com/global/en/news/consumer-behavior-shifts-global-pandemic.html",
  "finalUrl": "https://www.nzmp.com/global/en/news/trends-redefining-bar-market.html"
 },
 {
  "url": "https://www.nzmp.com/global/en/products/ingredients/applications/sports-and-lifestyle-nutrition.html",
  "status": 200,
  "from": "https://www.nzmp.com/global/en/news/muscle-recovery-growth-sports-performance.html",
  "finalUrl": "https://www.nzmp.com/global/en/applications/active-lifestyle/applications.html"
 },
 {
  "url": "https://www.nzmp.com/content/nzmp//global/en/products/ingredients/applications/yoghurts-and-cultured-products.",
  "status": 404,
  "from": "https://www.nzmp.com/global/en/news/consumer-behavior-shifts-global-pandemic.html",
  "finalUrl": "https://www.nzmp.com/global/en/applications/yoghurts-and-cultured-products..html"
 },
 {
  "url": "https://www.nzmp.com/content/dam/nzmp/pdfs/NZMP-whitepaper-9-essential-amino-acids.pdf",
  "status": 200,
  "from": "https://www.nzmp.com/global/en/news/muscle-recovery-growth-sports-performance.html"
 },
 {
  "url": "https://www.nzmp.com/content/dam/nzmp/pdfs/NZMP-whitepaper-exercise-on-its-own-is-not-enough.pdf",
  "status": 200,
  "from": "https://www.nzmp.com/global/en/news/muscle-recovery-growth-sports-performance.html"
 },
 {
  "url": "https://www.nzmp.com/content/dam/nzmp/pdfs/NZMP-whitepaper-power-your-day-with-protein.pdf",
  "status": 200,
  "from": "https://www.nzmp.com/global/en/news/muscle-recovery-growth-sports-performance.html"
 },
 {
  "url": "https://www.nzmp.com/global/en/products/ingredients/types/cheese.html",
  "status": 200,
  "from": "https://www.nzmp.com/global/en/news/muscle-recovery-growth-sports-performance.html",
  "finalUrl": "https://www.nzmp.com/global/en/ingredients/cheese.html"
 },
 {
  "url": "https://www.nzmp.com/global/en/news/managing-stress-mental-wellness-through-nutrition.html",
  "status": 200,
  "from": "https://www.nzmp.com/global/en/news/dairys-role-stress-management.html",
  "finalUrl": "https://www.nzmp.com/global/en/news.html"
 },
 {
  "url": "https://www.nzmp.com/global/en/products/ingredients/types/specialty/complex-lipids/milk-phospholipids.html",
  "status": 200,
  "from": "https://www.nzmp.com/global/en/news/dairys-role-stress-management.html",
  "finalUrl": "https://www.nzmp.com/global/en/ingredients/specialty/complex-lipids/milk-phospholipids.html"
 },
 {
  "url": "https://www.nzmp.com/global/en/products/ingredients/applications/sports-and-lifestyle-nutrition/nutrition-bars.html",
  "status": 200,
  "from": "https://www.nzmp.com/global/en/news/muscle-recovery-growth-sports-performance.html",
  "finalUrl": "https://www.nzmp.com/global/en/applications/active-lifestyle/applications/nutrition-bars.html"
 },
 {
  "url": "https://www.nzmp.com/content/dam/nzmp/pdfs/NZMP-whitepaper-challenge-the-age-barrier.PDF",
  "status": 200,
  "from": "https://www.nzmp.com/global/en/news/muscle-recovery-growth-sports-performance.html"
 },
 {
  "url": "https://www.nzmp.com/global/en/categories/medical-nutrition/medical-research-and-development-team.html",
  "status": 200,
  "from": "https://www.nzmp.com/global/en/news/meet-the-medical-team.html",
  "finalUrl": "https://www.nzmp.com/global/en/applications/medical-nutrition.html"
 },
 {
  "url": "https://www.nzmp.com/global/en/categories/active-lifestyle/benefit-platforms/stress-mood-enhancement.html",
  "status": 200,
  "from": "https://www.nzmp.com/global/en/news/milk-phospholipids-launch.html",
  "finalUrl": "https://www.nzmp.com/global/en/applications/active-lifestyle/benefit-platforms/stress-mood-enhancement.html"
 },
 {
  "url": "https://www.nzmp.com/content/dam/nzmp/pdfs/NZMP-concept-card-green-tea-flavoured-whey-protein-water.pdf",
  "status": 200,
  "from": "https://www.nzmp.com/global/en/news/protein-benefits-deep-dive.html"
 },
 {
  "url": "https://www.nzmp.com/global/en/resources/covid-19-resources.html",
  "status": 404,
  "from": "https://www.nzmp.com/global/en/news/next-normal-adapting-change-covid-19-times.html"
 },
 {
  "url": "https://www.nzmp.com/content/dam/nzmp/pdfs/NZMP-concept-card-fast-milk-protein-chocolate-rtd.pdf",
  "status": 200,
  "from": "https://www.nzmp.com/global/en/news/protein-benefits-deep-dive.html"
 },
 {
  "url": "https://www.nzmp.com/content/dam/nzmp/pdfs/NZMP-concept-card-high-whey-protein-shake-rtd.pdf",
  "status": 200,
  "from": "https://www.nzmp.com/global/en/news/protein-benefits-deep-dive.html"
 },
 {
  "url": "https://www.nzmp.com/content/dam/nzmp/pdfs/NZMP-concept-card-peach-protein-water-rtd.pdf",
  "status": 200,
  "from": "https://www.nzmp.com/global/en/news/protein-benefits-deep-dive.html"
 },
 {
  "url": "https://www.nzmp.com/content/dam/nzmp/pdfs/NZMP-concept-card-high-protein-milk-protein-shake.pdf",
  "status": 200,
  "from": "https://www.nzmp.com/global/en/news/protein-benefits-deep-dive.html"
 },
 {
  "url": "https://www.nzmp.com/content/dam/nzmp/pdfs/NZMP-SureProtein-Infographic-Protein-For-Muscles-240321.pdf",
  "status": 200,
  "from": "https://www.nzmp.com/global/en/news/protein-benefits-deep-dive.html"
 },
 {
  "url": "https://www.nzmp.com/content/dam/nzmp/pdfs/NZMP-SureProtein-Infographic-Weight-Management-240321.pdf",
  "status": 200,
  "from": "https://www.nzmp.com/global/en/news/protein-benefits-deep-dive.html"
 },
 {
  "url": "https://www.nzmp.com/content/dam/nzmp/pdfs/NZMP-SureProtein-Infographic-Natural-Source-Of-Protein-240321.pdf",
  "status": 200,
  "from": "https://www.nzmp.com/global/en/news/protein-benefits-deep-dive.html"
 },
 {
  "url": "https://www.nzmp.com/content/dam/nzmp/pdfs/NZMP-SureProtein-Infographic-Natural-Source-Of-Protein-190321.pdf",
  "status": 200,
  "from": "https://www.nzmp.com/global/en/news/protein-benefits-deep-dive.html"
 },
 {
  "url": "https://www.nzmp.com/content/dam/nzmp/pdfs/NZMP-SureProtein-Infographic-Healthy-Aging-240321.pdf",
  "status": 200,
  "from": "https://www.nzmp.com/global/en/news/protein-benefits-deep-dive.html"
 },
 {
  "url": "https://www.nzmp.com/global/en/products/ingredients/types/proteins/sureprotein.html",
  "status": 200,
  "from": "https://www.nzmp.com/global/en/news/protein-benefits-deep-dive.html",
  "finalUrl": "https://www.nzmp.com/global/en/ingredients/proteins.html"
 },
 {
  "url": "https://www.nzmp.com/global/en/resources/slim-down-tone-up-whitepaper.html",
  "status": 200,
  "from": "https://www.nzmp.com/global/en/news/nutrition-and-obesity.html"
 },
 {
  "url": "https://www.nzmp.com/global/en/resources/weight-management-whitepaper.html",
  "status": 200,
  "from": "https://www.nzmp.com/global/en/news/nutrition-and-obesity.html"
 },
 {
  "url": "https://www.nzmp.com/global/en/products/ingredients/types/specialty/probiotics/nzmp-lactob-hn001.html",
  "status": 200,
  "from": "https://www.nzmp.com/global/en/news/nutrition-and-obesity.html",
  "finalUrl": "https://www.nzmp.com/global/en/ingredients/specialty/probiotics/nzmp-lactob-hn001.html"
 },
 {
  "url": "https://www.nzmp.com/global/en/categories/medical-nutrition/need-areas/critical-care.html",
  "status": 200,
  "from": "https://www.nzmp.com/global/en/news/trends-aspen-2021.html",
  "finalUrl": "https://www.nzmp.com/global/en/applications/medical-nutrition.html"
 },
 {
  "url": "https://www.nzmp.com/content/dam/nzmp/global/media/documents/nzmp-fortified-digital-brochure-final.pdf",
  "status": 200,
  "from": "https://www.nzmp.com/global/en/news/one-milk-powder-many-opportunities.html"
 },
 {
  "url": "https://www.nzmp.com/global/en/categories/sports-and-lifestyle-nutrition/benefit-platforms/metabolic-health-and-weight-management.html",
  "status": 200,
  "from": "https://www.nzmp.com/global/en/news/nutrition-and-obesity.html",
  "finalUrl": "https://www.nzmp.com/global/en/applications/consumer-milk-powders/benefit-platforms.html"
 },
 {
  "url": "https://www.nzmp.com/global/en/products/ingredients/types/powders/instant-milk-powder.html",
  "status": 200,
  "from": "https://www.nzmp.com/global/en/news/one-milk-powder-many-opportunities.html",
  "finalUrl": "https://www.nzmp.com/global/en/ingredients/powders-concentrates/instant-milk-powder.html"
 },
 {
  "url": "https://www.nzmp.com/global/en/products/ingredients/types/powders/instant-milk-powder/nzmp-fortified-plus-instant-wmp.html",
  "status": 200,
  "from": "https://www.nzmp.com/global/en/news/one-milk-powder-many-opportunities.html",
  "finalUrl": "https://www.nzmp.com/global/en/ingredients/powders-concentrates/instant-milk-powder/nzmp-fortified-plus-instant-wmp.html"
 },
 {
  "url": "https://www.nzmp.com/global/en/resources/lactoferrin-references.html",
  "status": 200,
  "from": "https://www.nzmp.com/global/en/news/lactoferrin-immunity-coronavirus.html",
  "finalUrl": "https://www.nzmp.com/global/en/resources.html"
 },
 {
  "url": "https://www.nzmp.com/global/en/products/ingredients/types/specialty/lactoferrin/nzmp-lactoferrin.html",
  "status": 200,
  "from": "https://www.nzmp.com/global/en/news/lactoferrin-immunity-coronavirus.html",
  "finalUrl": "https://www.nzmp.com/global/en/ingredients/specialty/lactoferrin/nzmp-lactoferrin.html"
 },
 {
  "url": "https://www.nzmp.com/global/en/categories/active-lifestyle/benefit-platforms.html",
  "status": 200,
  "from": "https://www.nzmp.com/global/en/news/technology-enabling-nutritional-wellbeing.html",
  "finalUrl": "https://www.nzmp.com/global/en/applications/active-lifestyle/benefit-platforms.html"
 },
 {
  "url": "https://www.nzmp.com/content/dam/nzmp/pdfs/NZMP-SFISMP-Consumer-Benefit-Brochure-Final-v2.pdf",
  "status": 200,
  "from": "https://www.nzmp.com/global/en/news/consumer-milk-powder-specific-health-needs.html"
 },
 {
  "url": "https://www.nzmp.com/content/dam/nzmp/pdfs/nzmp-fast-facts-digestive-health-march-2019.pdf",
  "status": 200,
  "from": "https://www.nzmp.com/global/en/news/latest-trends-infant-nutrition.html"
 },
 {
  "url": "https://www.nzmp.com/global/en/products/ingredients/types/powders/instant-milk-powder/super-fortified-instant-smp.html",
  "status": 200,
  "from": "https://www.nzmp.com/global/en/news/consumer-milk-powder-specific-health-needs.html",
  "finalUrl": "https://www.nzmp.com/global/en/ingredients/powders-concentrates/instant-milk-powder/super-fortified-instant-smp.html"
 },
 {
  "url": "https://www.nzmp.com/global/en/products/ingredients/types/proteins/nzmp-proteins.html",
  "status": 200,
  "from": "https://www.nzmp.com/global/en/news/what-is-protein.html",
  "finalUrl": "https://www.nzmp.com/global/en/ingredients/proteins/nzmp-proteins.html"
 },
 {
  "url": "https://www.nzmp.com/global/en/categories/sports-and-lifestyle-nutrition/benefit-platforms/mental-wellbeing.html",
  "status": 200,
  "from": "https://www.nzmp.com/global/en/news/alastair-macgibbon-opportunities-milk-lipids.html",
  "finalUrl": "https://www.nzmp.com/global/en/applications/consumer-milk-powders/benefit-platforms.html"
 },
 {
  "url": "https://www.nzmp.com/global/en/products/ingredients/types/specialty.html",
  "status": 200,
  "from": "https://www.nzmp.com/global/en/news/nzmp-probiotics-win-at-CGC-2021.html",
  "finalUrl": "https://www.nzmp.com/global/en/ingredients/specialty.html"
 },
 {
  "url": "https://www.nzmp.com/content/nzmp/global/en/news/lactoferrin-immunity-coronavirus.",
  "status": 200,
  "from": "https://www.nzmp.com/global/en/news/lactoferrin-supporting-immunity.html",
  "finalUrl": "https://www.nzmp.com/global/en/news/lactoferrin-immunity-coronavirus.html"
 },
 {
  "url": "https://www.nzmp.com/global/en/categories/active-lifestyle/applications/supplements.html",
  "status": 200,
  "from": "https://www.nzmp.com/global/en/news/innovating-to-capture-immunity-trends.html",
  "finalUrl": "https://www.nzmp.com/global/en/applications/active-lifestyle/applications/supplements.html"
 },
 {
  "url": "https://www.nzmp.com/global/en/categories/medical-nutrition/applications.html",
  "status": 200,
  "from": "https://www.nzmp.com/global/en/news/fonterra-joins-medical-nutrition-international-industry.html",
  "finalUrl": "https://www.nzmp.com/global/en/applications/active-lifestyle/applications.html"
 },
 {
  "url": "https://www.nzmp.com/global/en/products/ingredients/types/powders/instant-milk-powder/gold-instant-whole-milk-powder.html",
  "status": 200,
  "from": "https://www.nzmp.com/global/en/news/premium-performance-of-gold-instant-wmp.html",
  "finalUrl": "https://www.nzmp.com/global/en/ingredients/powders-concentrates/instant-milk-powder/gold-instant-whole-milk-powder.html"
 },
 {
  "url": "https://www.nzmp.com/global/en/categories/sports-and-lifestyle-nutrition/benefit-platforms/physical-performance.html",
  "status": 200,
  "from": "https://www.nzmp.com/global/en/news/opportunities-for-health-enhancing-ingredients.html",
  "finalUrl": "https://www.nzmp.com/global/en/applications/consumer-milk-powders/benefit-platforms.html"
 },
 {
  "url": "https://www.nzmp.com/global/en/categories/sports-and-lifestyle-nutrition/benefit-platforms/immunity.html",
  "status": 200,
  "from": "https://www.nzmp.com/global/en/news/opportunities-for-health-enhancing-ingredients.html",
  "finalUrl": "https://www.nzmp.com/global/en/applications/consumer-milk-powders/benefit-platforms/immunity.html"
 },
 {
  "url": "https://www.nzmp.com/global/en/categories/medical-nutrition-and-healthy-ageing/need-areas/malnutrition.html%20",
  "status": 404,
  "from": "https://www.nzmp.com/global/en/news/fonterra-joins-medical-nutrition-international-industry.html",
  "finalUrl": "https://www.nzmp.com/global/en/categories/medical-nutrition-and-healthy-ageing/need-areas/malnutrition.html%20.html"
 },
 {
  "url": "https://www.nzmp.com/global/en/products/ingredients/types/specialty/prebiotics.html",
  "status": 200,
  "from": "https://www.nzmp.com/global/en/news/opportunities-for-health-enhancing-ingredients.html",
  "finalUrl": "https://www.nzmp.com/global/en/ingredients/specialty.html"
 },
 {
  "url": "https://www.nzmp.com/global/en/categories/sports-and-lifestyle-nutrition.html",
  "status": 200,
  "from": "https://www.nzmp.com/global/en/news/opportunities-for-health-enhancing-ingredients.html",
  "finalUrl": "https://www.nzmp.com/global/en/applications/active-lifestyle.html"
 },
 {
  "url": "https://www.nzmp.com/global/en/products/ingredients/types/proteins/whey-protein-concentrates/nzmp-wpc-550.html",
  "status": 200,
  "from": "https://www.nzmp.com/global/en/news/espen-2021-nutrition-on-patient-care.html",
  "finalUrl": "https://www.nzmp.com/global/en/ingredients/proteins/whey-protein-concentrates.html"
 },
 {
  "url": "https://www.nzmp.com/global/en/categories/medical-nutrition-and-healthy-ageing/applications/functional-beverage-range.html",
  "status": 200,
  "from": "https://www.nzmp.com/global/en/news/how-leveraging-texture-can-differentiate-your-products.html",
  "finalUrl": "https://www.nzmp.com/global/en/applications/active-lifestyle/applications.html"
 },
 {
  "url": "https://www.nzmp.com/global/en/sign-up-nzmp-emails.html",
  "status": 200,
  "from": "https://www.nzmp.com/global/en/news/espen-2021-nutrition-on-patient-care.html"
 },
 {
  "url": "https://www.nzmp.com/content/dam/nzmp/pdfs/NZMP-SureProtein-Infographic-What-Are-Proteins-2503.pdf",
  "status": 200,
  "from": "https://www.nzmp.com/global/en/news/build-bottom-line-high-protein.html"
 },
 {
  "url": "https://www.nzmp.com/global/en/ingredients/applications/food-manufacture/processed-cheese.html",
  "status": 200,
  "from": "https://www.nzmp.com/global/en/news/nzmp-at-gulfood-2022.html",
  "finalUrl": "https://www.nzmp.com/global/en/applications/food-manufacture/applications/processed-cheese.html"
 },
 {
  "url": "https://www.nzmp.com/global/en/categories/sports-and-lifestyle-nutrition/applications/nutrition-bars.html",
  "status": 200,
  "from": "https://www.nzmp.com/global/en/news/build-bottom-line-high-protein.html",
  "finalUrl": "https://www.nzmp.com/global/en/applications/active-lifestyle/applications/nutrition-bars.html"
 },
 {
  "url": "https://www.nzmp.com/global/en/products/ingredients/types/specialty/complex-lipids.html",
  "status": 200,
  "from": "https://www.nzmp.com/global/en/news/nzmp-at-gymsquare-china-2021.html",
  "finalUrl": "https://www.nzmp.com/global/en/ingredients/specialty/complex-lipids.html"
 },
 {
  "url": "https://www.nzmp.com/global/en/products/ingredients/types/cheese/cheddar-cheese/mature-cheddar-cheese.html",
  "status": 200,
  "from": "https://www.nzmp.com/global/en/news/nzmp-wins-2021-ICDA-UK-awards.html",
  "finalUrl": "https://www.nzmp.com/global/en/ingredients/cheese/cheddar-cheese/mature-cheddar-cheese.html"
 },
 {
  "url": "https://www.nzmp.com/global/en/products/ingredients/types/cheese/cheddar-cheese/cheddar-cheese.html",
  "status": 200,
  "from": "https://www.nzmp.com/global/en/news/nzmp-wins-2021-ICDA-UK-awards.html",
  "finalUrl": "https://www.nzmp.com/global/en/ingredients/cheese/cheddar-cheese/cheddar-cheese.html"
 },
 {
  "url": "https://www.nzmp.com/global/en/products/ingredients/types/cheese/mozzarella-options/european-mozzarella.html",
  "status": 200,
  "from": "https://www.nzmp.com/global/en/news/nzmp-wins-2021-ICDA-UK-awards.html",
  "finalUrl": "https://www.nzmp.com/global/en/ingredients/cheese/mozzarella-options.html"
 },
 {
  "url": "https://www.nzmp.com/global/en/products/ingredients/types/cheese/mozzarella-options/mozzarella-frozen-nz.html",
  "status": 200,
  "from": "https://www.nzmp.com/global/en/news/nzmp-wins-2021-ICDA-UK-awards.html",
  "finalUrl": "https://www.nzmp.com/global/en/ingredients/cheese/mozzarella-options/mozzarella-frozen-nz.html"
 },
 {
  "url": "https://www.nzmp.com/content/dam/nzmp/pdfs/NZMP-SureProtein-Infographic-Burn-Fat-Gain-Muscle-100521.pdf",
  "status": 200,
  "from": "https://www.nzmp.com/global/en/news/nzmp-at-vitafoods-2022.html"
 },
 {
  "url": "https://www.nzmp.com/global/en/products/ingredients/types/dairy-fats/butter/organic-salted-butter-carbonzero.html",
  "status": 200,
  "from": "https://www.nzmp.com/global/en/news/nzmp-2022-cheese-awards-winners.html",
  "finalUrl": "https://www.nzmp.com/global/en/ingredients/dairy-fats-cream/butter.html"
 },
 {
  "url": "https://www.nzmp.com/global/en/products/ingredients/types/specialty/probiotics/nzmp-surestart-lactob-hn001.html",
  "status": 200,
  "from": "https://www.nzmp.com/global/en/news/nzmp-at-vitafoods-2022.html",
  "finalUrl": "https://www.nzmp.com/global/en/ingredients/specialty/probiotics/nzmp-surestart-lactob-hn001.html"
 },
 {
  "url": "https://www.nzmp.com/global/en/products/ingredients/types/cheese/parmesan-and-popular-cheeses/swiss-style-cheese.html",
  "status": 200,
  "from": "https://www.nzmp.com/global/en/news/nzmp-2022-cheese-awards-winners.html",
  "finalUrl": "https://www.nzmp.com/global/en/ingredients/cheese/parmesan-and-popular-cheeses/swiss-style-cheese.html"
 },
 {
  "url": "https://www.nzmp.com/global/en/products/ingredients/types/cheese/mozzarella-options/easy-shred-mozzarella-nz.html",
  "status": 200,
  "from": "https://www.nzmp.com/global/en/news/nzmp-mild-cheddar-wins-gold-champion-award.html",
  "finalUrl": "https://www.nzmp.com/global/en/ingredients/cheese/mozzarella-options/easy-shred-mozzarella-nz.html"
 },
 {
  "url": "https://www.nzmp.com/global/en/products/ingredients/types/powders/instant-milk-powder/nzmp-nutriwhite-dairy-based-powder.html",
  "status": 200,
  "from": "https://www.nzmp.com/global/en/news/nzmp-at-gulfood-2023.html",
  "finalUrl": "https://www.nzmp.com/global/en/ingredients/powders-concentrates/instant-milk-powder/nzmp-nutriwhite-dairy-based-powder.html"
 },
 {
  "url": "https://www.nzmp.com/global/en/perspective-october-2022.html",
  "status": 200,
  "from": "https://www.nzmp.com/global/en/news/2022-year-in-review.html"
 },
 {
  "url": "https://www.nzmp.com/global/en/perspective-february-2022.html",
  "status": 200,
  "from": "https://www.nzmp.com/global/en/news/2022-year-in-review.html"
 },
 {
  "url": "https://www.nzmp.com/global/en/products/nzmp-solutions/risk-and-commercial/priceindex.html",
  "status": 200,
  "from": "https://www.nzmp.com/global/en/news/new-zealand-milk-season-off-to-a-slow-start.html",
  "finalUrl": "https://www.nzmp.com/global/en/solutions/price-risk-management/priceindex.html"
 },
 {
  "url": "https://www.nzmp.com/global/en/perspective-june-2022.html",
  "status": 200,
  "from": "https://www.nzmp.com/global/en/news/2022-year-in-review.html"
 },
 {
  "url": "https://www.nzmp.com/global/en/about-nzmp/sustainability/low-carbon-dairying.html",
  "status": 200,
  "from": "https://www.nzmp.com/global/en/news/trends-at-gulfood-2023.html",
  "finalUrl": "https://www.nzmp.com/global/en/sustainability.html"
 },
 {
  "url": "https://www.nzmp.com/global/en/categories/consumer-milk-powders/benefit-platforms.html",
  "status": 200,
  "from": "https://www.nzmp.com/global/en/news/immunity-benefits-of-milk-powders.html",
  "finalUrl": "https://www.nzmp.com/global/en/applications/consumer-milk-powders/benefit-platforms.html"
 },
 {
  "url": "https://www.nzmp.com/global/en/products/ingredients/types/powders/buttermilk-powder.html",
  "status": 200,
  "from": "https://www.nzmp.com/global/en/news/upcycling-in-dairy.html",
  "finalUrl": "https://www.nzmp.com/global/en/ingredients/powders-concentrates/buttermilk-powder.html"
 },
 {
  "url": "https://www.nzmp.com/mynzmp-request-supply",
  "status": 200,
  "from": "https://www.nzmp.com/global/en/news/yswd-mynzmp-request-supply.html"
 },
 {
  "url": "https://www.nzmp.com/global/en/products/ingredients/types/proteins/whey-protein-concentrates/nzmp-sureprotein-flex-wpc-515.html",
  "status": 200,
  "from": "https://www.nzmp.com/global/en/news/nzmp-protein-enrichment.html",
  "finalUrl": "https://www.nzmp.com/global/en/ingredients/proteins/whey-protein-concentrates.html"
 },
 {
  "url": "https://www.nzmp.com/global/en/how-to-buy/mynzmp/mynzmp-help.html",
  "status": 200,
  "from": "https://www.nzmp.com/global/en/news/yswd-mynzmp-request-supply.html"
 },
 {
  "url": "https://www.nzmp.com/global/en/categories/food-manufacture/applications/processed-cheese/cheese-portions.html",
  "status": 200,
  "from": "https://www.nzmp.com/global/en/news/nzmp-cheese-portions.html",
  "finalUrl": "https://www.nzmp.com/global/en/applications/food-manufacture/applications/processed-cheese/cheese-portions.html"
 },
 {
  "url": "https://www.nzmp.com/global/en/about-nzmp/sustainability/reduce-your-emissions-with-us/assess-nzmp-ingredient-footprint.html",
  "status": 200,
  "from": "https://www.nzmp.com/global/en/news/introducing-the-nzmp-carbon-footprinter.html",
  "finalUrl": "https://www.nzmp.com/global/en/sustainability/fonterra-sustainability-solutions/climate-tools.html"
 },
 {
  "url": "https://www.nzmp.com/global/en/about-nzmp/sustainability/reduce-your-emissions-with-us/start-your-journey/setting-ambition-and-targets.html",
  "status": 200,
  "from": "https://www.nzmp.com/global/en/news/climate-ambitions-and-our-customers.html",
  "finalUrl": "https://www.nzmp.com/global/en/sustainability.html"
 },
 {
  "url": "https://www.nzmp.com/global/en/about-nzmp/sustainability/carbon-footprinter.html",
  "status": 200,
  "from": "https://www.nzmp.com/global/en/news/reducing-distribution-emissions.html",
  "finalUrl": "https://www.nzmp.com/global/en/sustainability/carbon-footprinter.html"
 },
 {
  "url": "https://www.nzmp.com/global/en/products/ingredients/types/proteins/whey-protein-concentrates/nzmp-flex-wpc-515.html",
  "status": 200,
  "from": "https://www.nzmp.com/global/en/news/nzmp-maximising-protein-potential.html",
  "finalUrl": "https://www.nzmp.com/global/en/ingredients/proteins/whey-protein-concentrates.html"
 },
 {
  "url": "https://www.nzmp.com/global/en/products/ingredients/types/proteins/whey-protein-isolates/nzmp-wpi-895.html",
  "status": 200,
  "from": "https://www.nzmp.com/global/en/news/food-ingredients-europe-2024.html",
  "finalUrl": "https://www.nzmp.com/global/en/ingredients/proteins/whey-protein-isolates/nzmp-wpi-895.html"
 },
 {
  "url": "https://www.nzmp.com/content/dam/nzmp/pdfs/nzmp-stress-buster-high-protein-dough-bar-v2.pdf",
  "status": 200,
  "from": "https://www.nzmp.com/global/en/resources/milk-phospholipids-formulating-for-stress-relief.html"
 },
 {
  "url": "https://www.nzmp.com/global/en/products/ingredients/types/cheese/parmesan-and-popular-cheeses/edam-cheese.html",
  "status": 200,
  "from": "https://www.nzmp.com/global/en/news/nzmp-cheese-awards-nz.html",
  "finalUrl": "https://www.nzmp.com/global/en/ingredients/cheese/parmesan-and-popular-cheeses/edam-cheese.html"
 },
 {
  "url": "https://www.nzmp.com/global/en/products/ingredients/types/powders/paediatric-grade-powders/surestart-regular-whole-milk-powder-wetapp.html",
  "status": 200,
  "from": "https://www.nzmp.com/global/en/surestart/our-focus-areas/growth-and-development.html",
  "finalUrl": "https://www.nzmp.com/global/en/ingredients/powders-concentrates/paediatric-grade-powders/surestart-regular-whole-milk-powder-wetapp.html"
 },
 {
  "url": "https://www.nzmp.com/global/en/products/ingredients/types/proteins/whey-protein-concentrates/nzmp-surestart-whey-protein-concentrate-392.html",
  "status": 200,
  "from": "https://www.nzmp.com/global/en/surestart/our-focus-areas/growth-and-development.html",
  "finalUrl": "https://www.nzmp.com/global/en/ingredients/proteins/whey-protein-concentrates.html"
 },
 {
  "url": "https://www.nzmp.com/content/dam/nzmp/pdfs/surestart/NZMP_SureStart_MFGMLipid100_Winner_of_NutraIngredients_Asia_Award.pdf",
  "status": 200,
  "from": "https://www.nzmp.com/global/en/surestart/our-focus-areas/cognition.html"
 },
 {
  "url": "https://www.nzmp.com/global/en/products/ingredients/types/powders/paediatric-grade-powders/surestart-regular-skim-milk-powder-wetapp.html",
  "status": 200,
  "from": "https://www.nzmp.com/global/en/surestart/our-focus-areas/growth-and-development.html",
  "finalUrl": "https://www.nzmp.com/global/en/ingredients/powders-concentrates/paediatric-grade-powders/surestart-regular-skim-milk-powder-wetapp.html"
 },
 {
  "url": "https://www.nzmp.com/content/dam/nzmp/pdfs/surestart/NutraIngredient-2017-Media-Release.pdf",
  "status": 200,
  "from": "https://www.nzmp.com/global/en/surestart/our-focus-areas/cognition.html"
 },
 {
  "url": "https://www.nzmp.com/content/dam/nzmp/pdfs/surestart/espghan-lipid-poster.pdf",
  "status": 200,
  "from": "https://www.nzmp.com/global/en/surestart/our-focus-areas/cognition.html"
 },
 {
  "url": "https://www.nzmp.com/global/en/products/ingredients/types/specialty/complex-lipids/surestart-mfgm-lipids.html",
  "status": 200,
  "from": "https://www.nzmp.com/global/en/surestart/our-focus-areas/cognition.html",
  "finalUrl": "https://www.nzmp.com/global/en/ingredients/specialty/complex-lipids/surestart-mfgm-lipids.html"
 },
 {
  "url": "https://www.nzmp.com/content/dam/nzmp/pdfs/surestart/NZMP1327-SureStart-Product-Summaries-Milk-Protein-Hydrolysate-917-AW-FINAL.pdf",
  "status": 200,
  "from": "https://www.nzmp.com/global/en/surestart/our-focus-areas/digestive-health.html"
 },
 {
  "url": "https://www.nzmp.com/global/en/products/ingredients/types/specialty/lactoferrin/surestart-lactoferrin.html",
  "status": 200,
  "from": "https://www.nzmp.com/global/en/surestart/our-focus-areas/protection.html",
  "finalUrl": "https://www.nzmp.com/global/en/ingredients/specialty/lactoferrin/surestart-lactoferrin.html"
 },
 {
  "url": "https://www.nzmp.com/global/en/products/ingredients/types/specialty/probiotics/nzmp-surestart-bifidob-hn019.html",
  "status": 200,
  "from": "https://www.nzmp.com/global/en/surestart/our-focus-areas/protection.html",
  "finalUrl": "https://www.nzmp.com/global/en/ingredients/specialty/probiotics/nzmp-surestart-bifidob-hn019.html"
 },
 {
  "url": "https://www.nzmp.com/global/en/404.html",
  "status": 200,
  "from": "https://www.nzmp.com/global/en-draft-0919/archived/nz-grass-fed-difference-archive-21-10-25.html"
 },
 {
  "url": "https://www.nzmp.com/global/en/products/ingredients/types/powders/paediatric-grade-powders.html",
  "status": 200,
  "from": "https://www.nzmp.com/global/en/surestart/our-focus-areas/digestive-health.html",
  "finalUrl": "https://www.nzmp.com/global/en/ingredients/powders-concentrates/paediatric-grade-powders.html"
 },
 {
  "url": "https://www.nzmp.com/global/en-draft-0919/news/protein-fortified-solutions.html",
  "status": 200,
  "from": "https://www.nzmp.com/global/en/surestart/our-focus-areas/cognition.html",
  "finalUrl": "https://www.nzmp.com/global/en/404.html"
 },
 {
  "url": "https://www.nzmp.com/global/en/sustainability/terms-and-conditions.html",
  "status": 200,
  "from": "https://www.nzmp.com/global/en-draft-0919/archived/nz-grass-fed-difference-archive-21-10-25.html"
 },
 {
  "url": "https://www.nzmp.com/content/dam/nzmp/pdfs/all-the-whey-dough-bar-one-pager-concept-card-sept-2020.pdf",
  "status": 200,
  "from": "https://www.nzmp.com/content/nzmp/global/en/webcast/better-your-bar-europe"
 },
 {
  "url": "https://www.nzmp.com/global/en/webcast/better-your-bar-europe.html",
  "status": 200,
  "from": "https://www.nzmp.com/content/nzmp/global/en/webcast/better-your-bar-europe"
 },
 {
  "url": "https://www.nzmp.com/content/dam/nzmp/pdfs/milkshake-dough-bar-one-pager-concept-card-sept-2020.pdf",
  "status": 200,
  "from": "https://www.nzmp.com/content/nzmp/global/en/webcast/better-your-bar-europe"
 },
 {
  "url": "https://www.nzmp.com/content/dam/nzmp/pdfs/nougat-bar-EU-region-one-pager-concept-card-may-2020.pdf",
  "status": 200,
  "from": "https://www.nzmp.com/content/nzmp/global/en/webcast/better-your-bar-europe"
 },
 {
  "url": "https://www.nzmp.com/global/en-draft-0919/categories/infant-nutrition0/growth-and-development.html",
  "status": 200,
  "from": "https://www.nzmp.com/global/en/surestart/our-focus-areas/protection.html",
  "finalUrl": "https://www.nzmp.com/global/en/404.html"
 },
 {
  "url": "https://www.nzmp.com/content/dam/nzmp/pdfs/one-whey-dough-bar-one-pager-concept-card-sept-2020.pdf",
  "status": 200,
  "from": "https://www.nzmp.com/content/nzmp/global/en/webcast/better-your-bar-europe"
 },
 {
  "url": "https://www.nzmp.com/global/en/webcast/raising-the-bar.html",
  "status": 200,
  "from": "https://www.nzmp.com/content/nzmp/global/en/webcast/raising-the-bar"
 },
 {
  "url": "https://www.nzmp.com/content/dam/nzmp/pdfs/bar-ingredient-infographic-trends-redefining-bar-nutrition-market-260520.pdf",
  "status": 200,
  "from": "https://www.nzmp.com/content/nzmp/global/en/webcast/raising-the-bar"
 },
 {
  "url": "https://www.nzmp.com/global/en/ingredients/proteins/nzmp-proteins.html",
  "status": 200,
  "from": "https://www.nzmp.com/global/en/products/ingredients/types/proteins/nzmp-proteins.html"
 },
 {
  "url": "https://www.nzmp.com/global/en/resources/how-was-my-protein-range-calculated.html",
  "status": 200,
  "from": "https://www.nzmp.com/global/en/products/ingredients/types/proteins/nzmp-proteins.html"
 },
 {
  "url": "https://www.nzmp.com/global/en/perspective-july-2022.html",
  "status": 200,
  "from": "https://www.nzmp.com/global/en/perspective-october-2022.html"
 },
 {
  "url": "https://www.nzmp.com/global/en/perspective-september-2022.html",
  "status": 200,
  "from": "https://www.nzmp.com/global/en/perspective-october-2022.html"
 },
 {
  "url": "https://www.nzmp.com/global/en/perspective-august-2022.html",
  "status": 200,
  "from": "https://www.nzmp.com/global/en/perspective-october-2022.html"
 },
 {
  "url": "https://www.nzmp.com/global/en/%7B%7Burl%7D%7D",
  "status": 404,
  "from": "https://www.nzmp.com/global/en/search-results.html",
  "finalUrl": "https://www.nzmp.com/global/en/%7b%7burl%7d%7d.html"
 },
 {
  "url": "https://www.nzmp.com/global/en/perspective-may-2022.html",
  "status": 200,
  "from": "https://www.nzmp.com/global/en/perspective-june-2022.html"
 },
 {
  "url": "https://www.nzmp.com/global/en/perspective-december-2021.html",
  "status": 200,
  "from": "https://www.nzmp.com/global/en/perspective-february-2022.html"
 },
 {
  "url": "https://www.nzmp.com/global/en/perspective-november-2021.html",
  "status": 200,
  "from": "https://www.nzmp.com/global/en/perspective-february-2022.html"
 },
 {
  "url": "https://www.nzmp.com/global/en/how-to-buy/mynzmp/mynzmp-help/my-orders-help.html",
  "status": 200,
  "from": "https://www.nzmp.com/mynzmp-request-supply"
 },
 {
  "url": "https://www.nzmp.com/global/en/perspective-april-2022.html",
  "status": 200,
  "from": "https://www.nzmp.com/global/en/perspective-june-2022.html"
 },
 {
  "url": "https://www.nzmp.com/global/en/how-to-buy/mynzmp/mynzmp-help/my-events-help.html",
  "status": 200,
  "from": "https://www.nzmp.com/mynzmp-request-supply"
 },
 {
  "url": "https://www.nzmp.com/global/en/perspective-march-2022.html",
  "status": 200,
  "from": "https://www.nzmp.com/global/en/perspective-june-2022.html"
 },
 {
  "url": "https://www.nzmp.com/global/en/how-to-buy/mynzmp/mynzmp-help/mynzmp-store-help.html",
  "status": 200,
  "from": "https://www.nzmp.com/mynzmp-request-supply"
 },
 {
  "url": "https://www.nzmp.com/global/en/how-to-buy/mynzmp/mynzmp-help/my-insights-help.html",
  "status": 200,
  "from": "https://www.nzmp.com/mynzmp-request-supply"
 },
 {
  "url": "https://www.nzmp.com/global/en/how-to-buy/mynzmp/mynzmp-help/mynzmp-store-help/request-supply.html",
  "status": 200,
  "from": "https://www.nzmp.com/global/en/how-to-buy/mynzmp/mynzmp-help/mynzmp-store-help.html"
 },
 {
  "url": "https://www.nzmp.com/global/en/how-to-buy/mynzmp/mynzmp-help/mynzmp-nz-customers.html",
  "status": 200,
  "from": "https://www.nzmp.com/global/en/how-to-buy/mynzmp/mynzmp-help/mynzmp-store-help.html"
 },
 {
  "url": "https://www.nzmp.com/",
  "status": 200,
  "from": "https://www.nzmp.com/global/en/how-to-buy/mynzmp/mynzmp-help/my-insights-help.html",
  "finalUrl": "https://www.nzmp.com/global/en.html"
 },
 {
  "url": "https://www.nzmp.com/content/dam/nzmp/mynzmp/myNZMP-user-guide-order-change-request.pdf",
  "status": 200,
  "from": "https://www.nzmp.com/global/en/how-to-buy/mynzmp/mynzmp-help/mynzmp-nz-customers.html"
 },
 {
  "url": "https://www.nzmp.com/content/dam/nzmp/mynzmp/myNZMP-Catalogue.pdf",
  "status": 200,
  "from": "https://www.nzmp.com/global/en/how-to-buy/mynzmp/mynzmp-help/mynzmp-nz-customers.html"
 }
]